ISO-10303-21;
HEADER;
FILE_DESCRIPTION (( 'STEP AP214' ),
    '1' );
FILE_NAME ('µ×¿Ç.STEP',
    '2026-04-27T16:08:34',
    ( '' ),
    ( '' ),
    'SwSTEP 2.0',
    'SolidWorks 2021',
    '' );
FILE_SCHEMA (( 'AUTOMOTIVE_DESIGN' ));
ENDSEC;

DATA;
#1 = CIRCLE ( 'NONE', #334, 2.100000000000018296 ) ;
#2 = VERTEX_POINT ( 'NONE', #887 ) ;
#3 =( LENGTH_UNIT ( ) NAMED_UNIT ( * ) SI_UNIT ( .MILLI., .METRE. ) );
#4 = STYLED_ITEM ( 'NONE', ( #289 ), #844 ) ;
#5 = DIRECTION ( 'NONE',  ( -1.000000000000000000, 0.000000000000000000, -0.000000000000000000 ) ) ;
#6 = ORIENTED_EDGE ( 'NONE', *, *, #192, .T. ) ;
#7 = DIRECTION ( 'NONE',  ( 1.954618001100627820E-16, -1.000000000000000000, 0.000000000000000000 ) ) ;
#8 = EDGE_CURVE ( 'NONE', #820, #663, #1103, .T. ) ;
#9 = EDGE_CURVE ( 'NONE', #461, #1681, #1424, .T. ) ;
#10 = ORIENTED_EDGE ( 'NONE', *, *, #93, .F. ) ;
#11 = VECTOR ( 'NONE', #220, 1000.000000000000000 ) ;
#12 =( GEOMETRIC_REPRESENTATION_CONTEXT ( 3 ) GLOBAL_UNCERTAINTY_ASSIGNED_CONTEXT ( ( #1678 ) ) GLOBAL_UNIT_ASSIGNED_CONTEXT ( ( #837, #1375, #1091 ) ) REPRESENTATION_CONTEXT ( 'NONE', 'WORKASPACE' ) );
#13 = CARTESIAN_POINT ( 'NONE',  ( -102.0180000000000149, -77.18699999999400063, -6.000000000000000000 ) ) ;
#14 = SURFACE_SIDE_STYLE ('',( #1601 ) ) ;
#15 = SURFACE_STYLE_FILL_AREA ( #1055 ) ;
#16 = EDGE_LOOP ( 'NONE', ( #1527, #135 ) ) ;
#17 = CARTESIAN_POINT ( 'NONE',  ( -98.01800000000001489, -41.68699999999400063, 0.000000000000000000 ) ) ;
#18 = CARTESIAN_POINT ( 'NONE',  ( 0.000000000000000000, -34.68699999999400063, -6.000000000000000000 ) ) ;
#19 = VERTEX_POINT ( 'NONE', #56 ) ;
#20 = ORIENTED_EDGE ( 'NONE', *, *, #1070, .F. ) ;
#21 = AXIS2_PLACEMENT_3D ( 'NONE', #866, #505, #1567 ) ;
#22 = VECTOR ( 'NONE', #601, 1000.000000000000000 ) ;
#23 = CARTESIAN_POINT ( 'NONE',  ( -89.01799999999998647, -44.49699999999398869, 3.000000000000000000 ) ) ;
#24 = EDGE_CURVE ( 'NONE', #1541, #568, #701, .T. ) ;
#25 = FILL_AREA_STYLE ('',( #1385 ) ) ;
#26 = ORIENTED_EDGE ( 'NONE', *, *, #246, .F. ) ;
#27 = DIRECTION ( 'NONE',  ( 0.000000000000000000, -1.000000000000000000, 0.000000000000000000 ) ) ;
#28 = CARTESIAN_POINT ( 'NONE',  ( -52.51799999999999358, -61.07800000000001006, -1.575000000000016387 ) ) ;
#29 = ORIENTED_EDGE ( 'NONE', *, *, #318, .T. ) ;
#30 = MECHANICAL_DESIGN_GEOMETRIC_PRESENTATION_REPRESENTATION (  '', ( #527 ), #681 ) ;
#31 = ORIENTED_EDGE ( 'NONE', *, *, #595, .T. ) ;
#32 = CIRCLE ( 'NONE', #1386, 1.024999999999984368 ) ;
#33 = CIRCLE ( 'NONE', #1545, 2.100000000000018296 ) ;
#34 = EDGE_CURVE ( 'NONE', #1008, #88, #936, .T. ) ;
#35 = DIRECTION ( 'NONE',  ( -1.000000000000000000, 0.000000000000000000, 0.000000000000000000 ) ) ;
#36 = COLOUR_RGB ( '',1.000000000000000000, 1.000000000000000000, 1.000000000000000000 ) ;
#37 = DIRECTION ( 'NONE',  ( 1.000000000000000000, 0.000000000000000000, 0.000000000000000000 ) ) ;
#38 = CYLINDRICAL_SURFACE ( 'NONE', #851, 7.000000000000006217 ) ;
#39 = FACE_BOUND ( 'NONE', #427, .T. ) ;
#40 = ORIENTED_EDGE ( 'NONE', *, *, #918, .F. ) ;
#41 = EDGE_LOOP ( 'NONE', ( #704, #925 ) ) ;
#42 = EDGE_CURVE ( 'NONE', #530, #1674, #557, .T. ) ;
#43 = CARTESIAN_POINT ( 'NONE',  ( -59.51800000000001489, -34.68699999999400063, 3.000000000000000000 ) ) ;
#44 = LINE ( 'NONE', #1646, #478 ) ;
#45 = PLANE ( 'NONE',  #1441 ) ;
#46 = CARTESIAN_POINT ( 'NONE',  ( -102.0180000000000149, -41.68699999999400063, 3.000000000000000000 ) ) ;
#47 = VERTEX_POINT ( 'NONE', #720 ) ;
#48 = CYLINDRICAL_SURFACE ( 'NONE', #173, 2.100000000000004530 ) ;
#49 = CARTESIAN_POINT ( 'NONE',  ( -59.51800000000001489, -34.68699999999400063, -6.000000000000000000 ) ) ;
#50 = MECHANICAL_DESIGN_GEOMETRIC_PRESENTATION_REPRESENTATION (  '', ( #721 ), #787 ) ;
#51 = CYLINDRICAL_SURFACE ( 'NONE', #1392, 2.100000000000004530 ) ;
#52 = EDGE_CURVE ( 'NONE', #518, #301, #1534, .T. ) ;
#53 = CARTESIAN_POINT ( 'NONE',  ( -59.51800000000000779, -80.18699999999398642, -6.000000000000000000 ) ) ;
#54 = CARTESIAN_POINT ( 'NONE',  ( -98.01800000000001489, -77.18699999999400063, -6.000000000000000000 ) ) ;
#55 = ORIENTED_EDGE ( 'NONE', *, *, #595, .F. ) ;
#56 = CARTESIAN_POINT ( 'NONE',  ( -87.99299999999999500, -75.49699999999398869, 0.000000000000000000 ) ) ;
#57 = CARTESIAN_POINT ( 'NONE',  ( 3.134699073084884357E-14, -80.18699999999395800, -6.000000000000000000 ) ) ;
#58 = CARTESIAN_POINT ( 'NONE',  ( -52.51800000000001489, -43.90199999999400404, -1.599999999999999867 ) ) ;
#59 = CARTESIAN_POINT ( 'NONE',  ( -56.51800000000002200, -1.104711001862053210E-14, -1.599999999999999867 ) ) ;
#60 = DIRECTION ( 'NONE',  ( -1.000000000000000000, 3.909236002201255639E-16, 0.000000000000000000 ) ) ;
#61 = VERTEX_POINT ( 'NONE', #453 ) ;
#62 = CARTESIAN_POINT ( 'NONE',  ( -89.01799999999998647, -44.49699999999398869, 3.000000000000000000 ) ) ;
#63 = DIRECTION ( 'NONE',  ( -1.000000000000000000, -0.000000000000000000, -0.000000000000000000 ) ) ;
#64 = EDGE_CURVE ( 'NONE', #532, #1046, #251, .T. ) ;
#65 = ADVANCED_FACE ( 'NONE', ( #1517, #323, #354, #104, #712 ), #1634, .F. ) ;
#66 = CARTESIAN_POINT ( 'NONE',  ( -95.01800000000000068, -77.18699999999400063, -6.000000000000000000 ) ) ;
#67 = LINE ( 'NONE', #1532, #1477 ) ;
#68 = CIRCLE ( 'NONE', #896, 1.024999999999998135 ) ;
#69 = DIRECTION ( 'NONE',  ( 0.000000000000000000, 0.000000000000000000, 1.000000000000000000 ) ) ;
#70 = ORIENTED_EDGE ( 'NONE', *, *, #121, .T. ) ;
#71 = LINE ( 'NONE', #747, #825 ) ;
#72 = CARTESIAN_POINT ( 'NONE',  ( 0.000000000000000000, 0.000000000000000000, 0.000000000000000000 ) ) ;
#73 = DIRECTION ( 'NONE',  ( 0.000000000000000000, -1.000000000000000000, 0.000000000000000000 ) ) ;
#74 = DIRECTION ( 'NONE',  ( -1.000000000000000000, -0.000000000000000000, -0.000000000000000000 ) ) ;
#75 = MECHANICAL_DESIGN_GEOMETRIC_PRESENTATION_REPRESENTATION (  '', ( #668 ), #1180 ) ;
#76 = FILL_AREA_STYLE_COLOUR ( '', #1430 ) ;
#77 = CIRCLE ( 'NONE', #694, 1.024999999999998135 ) ;
#78 = CARTESIAN_POINT ( 'NONE',  ( -102.0180000000000149, -73.17800000000001148, -3.624999999999984013 ) ) ;
#79 = ORIENTED_EDGE ( 'NONE', *, *, #1308, .T. ) ;
#80 = DIRECTION ( 'NONE',  ( 0.000000000000000000, 0.000000000000000000, 1.000000000000000000 ) ) ;
#81 = CIRCLE ( 'NONE', #247, 2.999999999999995559 ) ;
#82 =( NAMED_UNIT ( * ) SI_UNIT ( $, .STERADIAN. ) SOLID_ANGLE_UNIT ( ) );
#83 = AXIS2_PLACEMENT_3D ( 'NONE', #405, #257, #1347 ) ;
#84 = LINE ( 'NONE', #540, #654 ) ;
#85 = AXIS2_PLACEMENT_3D ( 'NONE', #852, #1393, #1374 ) ;
#86 = DIRECTION ( 'NONE',  ( 0.000000000000000000, -0.000000000000000000, 1.000000000000000000 ) ) ;
#87 = DIRECTION ( 'NONE',  ( 1.000000000000000000, 0.000000000000000000, 0.000000000000000000 ) ) ;
#88 = VERTEX_POINT ( 'NONE', #438 ) ;
#89 = DIRECTION ( 'NONE',  ( -0.000000000000000000, -0.000000000000000000, -1.000000000000000000 ) ) ;
#90 = CIRCLE ( 'NONE', #563, 2.100000000000004530 ) ;
#91 = ORIENTED_EDGE ( 'NONE', *, *, #446, .F. ) ;
#92 = DIRECTION ( 'NONE',  ( 0.000000000000000000, 0.000000000000000000, 1.000000000000000000 ) ) ;
#93 = EDGE_CURVE ( 'NONE', #1415, #2, #219, .T. ) ;
#94 = VECTOR ( 'NONE', #1209, 1000.000000000000000 ) ;
#95 = CARTESIAN_POINT ( 'NONE',  ( -59.51800000000000779, -77.18699999999400063, -6.000000000000000000 ) ) ;
#96 = CARTESIAN_POINT ( 'NONE',  ( -62.45769696196701659, -67.12800000000000011, -2.299999999999999822 ) ) ;
#97 = SURFACE_SIDE_STYLE ('',( #609 ) ) ;
#98 = DIRECTION ( 'NONE',  ( -1.000000000000000000, -0.000000000000000000, -0.000000000000000000 ) ) ;
#99 =( GEOMETRIC_REPRESENTATION_CONTEXT ( 3 ) GLOBAL_UNCERTAINTY_ASSIGNED_CONTEXT ( ( #610 ) ) GLOBAL_UNIT_ASSIGNED_CONTEXT ( ( #1188, #270, #535 ) ) REPRESENTATION_CONTEXT ( 'NONE', 'WORKASPACE' ) );
#100 = ORIENTED_EDGE ( 'NONE', *, *, #696, .F. ) ;
#101 = CARTESIAN_POINT ( 'NONE',  ( -56.51800000000000779, -73.17800000000001148, -2.600000000000000089 ) ) ;
#102 = ORIENTED_EDGE ( 'NONE', *, *, #633, .F. ) ;
#103 = DIRECTION ( 'NONE',  ( -0.000000000000000000, 0.000000000000000000, 1.000000000000000000 ) ) ;
#104 = FACE_BOUND ( 'NONE', #644, .T. ) ;
#105 = ADVANCED_FACE ( 'NONE', ( #1686 ), #577, .F. ) ;
#106 = SURFACE_STYLE_USAGE ( .BOTH. , #14 ) ;
#107 = EDGE_LOOP ( 'NONE', ( #676, #792, #1460, #1086 ) ) ;
#108 = AXIS2_PLACEMENT_3D ( 'NONE', #954, #1470, #947 ) ;
#109 = CARTESIAN_POINT ( 'NONE',  ( -52.51800000000001489, -52.70199999999400120, -1.599999999999999867 ) ) ;
#110 = ORIENTED_EDGE ( 'NONE', *, *, #1710, .T. ) ;
#111 = UNCERTAINTY_MEASURE_WITH_UNIT (LENGTH_MEASURE( 1.000000000000000082E-05 ), #1396, 'distance_accuracy_value', 'NONE');
#112 = CARTESIAN_POINT ( 'NONE',  ( -92.07830303803298477, -67.12800000000000011, -0.4999999999999882871 ) ) ;
#113 = CARTESIAN_POINT ( 'NONE',  ( -89.01799999999998647, -75.49699999999398869, 3.000000000000000000 ) ) ;
#114 = AXIS2_PLACEMENT_3D ( 'NONE', #1040, #1162, #1699 ) ;
#115 = AXIS2_PLACEMENT_3D ( 'NONE', #1372, #1651, #1289 ) ;
#116 = ORIENTED_EDGE ( 'NONE', *, *, #1118, .F. ) ;
#117 =( GEOMETRIC_REPRESENTATION_CONTEXT ( 3 ) GLOBAL_UNCERTAINTY_ASSIGNED_CONTEXT ( ( #1394 ) ) GLOBAL_UNIT_ASSIGNED_CONTEXT ( ( #544, #1602, #1181 ) ) REPRESENTATION_CONTEXT ( 'NONE', 'WORKASPACE' ) );
#118 = ORIENTED_EDGE ( 'NONE', *, *, #649, .T. ) ;
#119 = CARTESIAN_POINT ( 'NONE',  ( -95.01800000000000068, -38.68699999999399353, -6.000000000000000000 ) ) ;
#120 = SURFACE_STYLE_USAGE ( .BOTH. , #1197 ) ;
#121 = EDGE_CURVE ( 'NONE', #1105, #938, #33, .T. ) ;
#122 = ORIENTED_EDGE ( 'NONE', *, *, #737, .T. ) ;
#123 = VECTOR ( 'NONE', #1038, 1000.000000000000000 ) ;
#124 = ORIENTED_EDGE ( 'NONE', *, *, #1320, .F. ) ;
#125 = CARTESIAN_POINT ( 'NONE',  ( -59.51800000000001489, -41.68699999999400063, -6.000000000000000000 ) ) ;
#126 = DIRECTION ( 'NONE',  ( 0.000000000000000000, 0.000000000000000000, 1.000000000000000000 ) ) ;
#127 = VERTEX_POINT ( 'NONE', #1229 ) ;
#128 = DIRECTION ( 'NONE',  ( -0.000000000000000000, -0.000000000000000000, -1.000000000000000000 ) ) ;
#129 = AXIS2_PLACEMENT_3D ( 'NONE', #273, #1640, #1353 ) ;
#130 = EDGE_LOOP ( 'NONE', ( #1436, #752, #1715, #1566 ) ) ;
#131 = FILL_AREA_STYLE ('',( #810 ) ) ;
#132 = ADVANCED_FACE ( 'NONE', ( #1279 ), #48, .F. ) ;
#133 = EDGE_LOOP ( 'NONE', ( #1410, #768, #524, #1154 ) ) ;
#134 = DIRECTION ( 'NONE',  ( -0.000000000000000000, -0.000000000000000000, 1.000000000000000000 ) ) ;
#135 = ORIENTED_EDGE ( 'NONE', *, *, #1583, .T. ) ;
#136 = DIRECTION ( 'NONE',  ( -0.000000000000000000, 0.000000000000000000, 1.000000000000000000 ) ) ;
#137 =( LENGTH_UNIT ( ) NAMED_UNIT ( * ) SI_UNIT ( .MILLI., .METRE. ) );
#138 = ORIENTED_EDGE ( 'NONE', *, *, #1019, .T. ) ;
#139 = CIRCLE ( 'NONE', #1654, 1.024999999999998135 ) ;
#140 = FACE_OUTER_BOUND ( 'NONE', #542, .T. ) ;
#141 = CARTESIAN_POINT ( 'NONE',  ( -90.04299999999997794, -44.49699999999398869, 0.000000000000000000 ) ) ;
#142 = ORIENTED_EDGE ( 'NONE', *, *, #633, .T. ) ;
#143 = ORIENTED_EDGE ( 'NONE', *, *, #1088, .F. ) ;
#144 = STYLED_ITEM ( 'NONE', ( #1129 ), #636 ) ;
#145 = EDGE_CURVE ( 'NONE', #938, #561, #1434, .T. ) ;
#146 = CARTESIAN_POINT ( 'NONE',  ( -95.01800000000000068, -41.68699999999400063, -6.000000000000000000 ) ) ;
#147 = ORIENTED_EDGE ( 'NONE', *, *, #1724, .T. ) ;
#148 = ADVANCED_FACE ( 'NONE', ( #1714 ), #1577, .T. ) ;
#149 = LINE ( 'NONE', #939, #1309 ) ;
#150 = CARTESIAN_POINT ( 'NONE',  ( -95.01800000000000068, -41.68699999999400063, 3.000000000000000000 ) ) ;
#151 = ORIENTED_EDGE ( 'NONE', *, *, #1152, .F. ) ;
#152 = ORIENTED_EDGE ( 'NONE', *, *, #8, .F. ) ;
#153 = AXIS2_PLACEMENT_3D ( 'NONE', #1011, #1275, #92 ) ;
#154 = CIRCLE ( 'NONE', #1236, 7.000000000000006217 ) ;
#155 = CARTESIAN_POINT ( 'NONE',  ( -56.51800000000002200, -1.104711001862053210E-14, 0.000000000000000000 ) ) ;
#156 = FACE_OUTER_BOUND ( 'NONE', #133, .T. ) ;
#157 = FILL_AREA_STYLE ('',( #565 ) ) ;
#158 = FACE_BOUND ( 'NONE', #548, .T. ) ;
#159 = VERTEX_POINT ( 'NONE', #514 ) ;
#160 = ORIENTED_EDGE ( 'NONE', *, *, #223, .T. ) ;
#161 = SURFACE_SIDE_STYLE ('',( #1231 ) ) ;
#162 = CARTESIAN_POINT ( 'NONE',  ( -69.01800000000000068, -75.49699999999398869, 3.000000000000000000 ) ) ;
#163 = AXIS2_PLACEMENT_3D ( 'NONE', #486, #1005, #608 ) ;
#164 = DIRECTION ( 'NONE',  ( -1.000000000000000000, -1.954618001100627820E-16, 0.000000000000000000 ) ) ;
#165 = DIRECTION ( 'NONE',  ( -3.909236002201255639E-16, -1.000000000000000000, 0.000000000000000000 ) ) ;
#166 = VERTEX_POINT ( 'NONE', #1717 ) ;
#167 = DIRECTION ( 'NONE',  ( -1.000000000000000000, -1.954618001100627820E-16, 0.000000000000000000 ) ) ;
#168 = CARTESIAN_POINT ( 'NONE',  ( 3.134699073084884357E-14, -80.18699999999395800, -6.000000000000000000 ) ) ;
#169 = EDGE_CURVE ( 'NONE', #1335, #475, #1457, .T. ) ;
#170 = UNCERTAINTY_MEASURE_WITH_UNIT (LENGTH_MEASURE( 1.000000000000000082E-05 ), #1529, 'distance_accuracy_value', 'NONE');
#171 = LINE ( 'NONE', #715, #1509 ) ;
#172 = CYLINDRICAL_SURFACE ( 'NONE', #1594, 1.024999999999998135 ) ;
#173 = AXIS2_PLACEMENT_3D ( 'NONE', #96, #506, #1022 ) ;
#174 = CARTESIAN_POINT ( 'NONE',  ( -59.51800000000001489, -41.68699999999400063, 0.000000000000000000 ) ) ;
#175 = FACE_OUTER_BOUND ( 'NONE', #1113, .T. ) ;
#176 = VERTEX_POINT ( 'NONE', #119 ) ;
#177 = ORIENTED_EDGE ( 'NONE', *, *, #963, .F. ) ;
#178 = VECTOR ( 'NONE', #352, 1000.000000000000000 ) ;
#179 =( LENGTH_UNIT ( ) NAMED_UNIT ( * ) SI_UNIT ( .MILLI., .METRE. ) );
#180 = EDGE_CURVE ( 'NONE', #1046, #532, #711, .T. ) ;
#181 = DIRECTION ( 'NONE',  ( -1.954618001100627820E-16, 1.000000000000000000, -0.000000000000000000 ) ) ;
#182 = EDGE_CURVE ( 'NONE', #1008, #411, #650, .T. ) ;
#183 = ORIENTED_EDGE ( 'NONE', *, *, #169, .F. ) ;
#184 = DIRECTION ( 'NONE',  ( -0.000000000000000000, -0.000000000000000000, 1.000000000000000000 ) ) ;
#185 =( LENGTH_UNIT ( ) NAMED_UNIT ( * ) SI_UNIT ( .MILLI., .METRE. ) );
#186 = SURFACE_STYLE_USAGE ( .BOTH. , #1124 ) ;
#187 = AXIS2_PLACEMENT_3D ( 'NONE', #72, #1418, #871 ) ;
#188 =( GEOMETRIC_REPRESENTATION_CONTEXT ( 3 ) GLOBAL_UNCERTAINTY_ASSIGNED_CONTEXT ( ( #170 ) ) GLOBAL_UNIT_ASSIGNED_CONTEXT ( ( #1529, #951, #729 ) ) REPRESENTATION_CONTEXT ( 'NONE', 'WORKASPACE' ) );
#189 = DIRECTION ( 'NONE',  ( 1.000000000000000000, 1.954618001100627820E-16, -0.000000000000000000 ) ) ;
#190 = AXIS2_PLACEMENT_3D ( 'NONE', #1498, #833, #639 ) ;
#191 = UNCERTAINTY_MEASURE_WITH_UNIT (LENGTH_MEASURE( 1.000000000000000082E-05 ), #1136, 'distance_accuracy_value', 'NONE');
#192 = EDGE_CURVE ( 'NONE', #1716, #832, #1315, .T. ) ;
#193 = DIRECTION ( 'NONE',  ( -0.000000000000000000, -0.000000000000000000, -1.000000000000000000 ) ) ;
#194 = AXIS2_PLACEMENT_3D ( 'NONE', #1317, #126, #665 ) ;
#195 = LINE ( 'NONE', #591, #1668 ) ;
#196 = CARTESIAN_POINT ( 'NONE',  ( -98.01800000000001489, -41.68699999999400063, -6.000000000000000000 ) ) ;
#197 = VERTEX_POINT ( 'NONE', #1175 ) ;
#198 = APPLICATION_PROTOCOL_DEFINITION ( 'draft international standard', 'automotive_design', 1998, #934 ) ;
#199 = FILL_AREA_STYLE_COLOUR ( '', #447 ) ;
#200 = EDGE_CURVE ( 'NONE', #1419, #1192, #569, .T. ) ;
#201 = LINE ( 'NONE', #619, #1420 ) ;
#202 = DIRECTION ( 'NONE',  ( 0.000000000000000000, 0.000000000000000000, 1.000000000000000000 ) ) ;
#203 = VERTEX_POINT ( 'NONE', #1451 ) ;
#204 = CARTESIAN_POINT ( 'NONE',  ( -56.51800000000001489, -41.68699999999400063, -6.000000000000000000 ) ) ;
#205 = FACE_OUTER_BOUND ( 'NONE', #1356, .T. ) ;
#206 =( NAMED_UNIT ( * ) PLANE_ANGLE_UNIT ( ) SI_UNIT ( $, .RADIAN. ) );
#207 = CARTESIAN_POINT ( 'NONE',  ( -102.0180000000000149, -61.07800000000001006, -3.624999999999984901 ) ) ;
#208 = COLOUR_RGB ( '',1.000000000000000000, 1.000000000000000000, 1.000000000000000000 ) ;
#209 = PLANE ( 'NONE',  #315 ) ;
#210 = DIRECTION ( 'NONE',  ( 1.000000000000000000, 0.000000000000000000, 0.000000000000000000 ) ) ;
#211 = ORIENTED_EDGE ( 'NONE', *, *, #1583, .F. ) ;
#212 = ADVANCED_FACE ( 'NONE', ( #1159 ), #1705, .F. ) ;
#213 = DIRECTION ( 'NONE',  ( -0.000000000000000000, -0.000000000000000000, 1.000000000000000000 ) ) ;
#214 = ORIENTED_EDGE ( 'NONE', *, *, #688, .F. ) ;
#215 = CARTESIAN_POINT ( 'NONE',  ( -92.07830303803298477, -67.12800000000000011, -2.600000000000000533 ) ) ;
#216 = ORIENTED_EDGE ( 'NONE', *, *, #1703, .T. ) ;
#217 = LINE ( 'NONE', #1713, #1234 ) ;
#218 = STYLED_ITEM ( 'NONE', ( #392 ), #1384 ) ;
#219 = LINE ( 'NONE', #728, #647 ) ;
#220 = DIRECTION ( 'NONE',  ( -0.000000000000000000, -0.000000000000000000, 1.000000000000000000 ) ) ;
#221 = ORIENTED_EDGE ( 'NONE', *, *, #1237, .T. ) ;
#222 = DIRECTION ( 'NONE',  ( 0.000000000000000000, -1.000000000000000000, 0.000000000000000000 ) ) ;
#223 = EDGE_CURVE ( 'NONE', #1034, #1335, #621, .T. ) ;
#224 = EDGE_LOOP ( 'NONE', ( #444, #1336, #138, #893 ) ) ;
#225 = AXIS2_PLACEMENT_3D ( 'NONE', #284, #311, #559 ) ;
#226 = EDGE_CURVE ( 'NONE', #47, #1415, #1536, .T. ) ;
#227 = ORIENTED_EDGE ( 'NONE', *, *, #630, .F. ) ;
#228 = CARTESIAN_POINT ( 'NONE',  ( 0.000000000000000000, -38.68699999999399353, 0.000000000000000000 ) ) ;
#229 = EDGE_LOOP ( 'NONE', ( #1020, #1497, #322, #1448 ) ) ;
#230 = CARTESIAN_POINT ( 'NONE',  ( -95.01800000000000068, -84.18699999999400063, 3.000000000000000000 ) ) ;
#231 = SURFACE_SIDE_STYLE ('',( #641 ) ) ;
#232 = CIRCLE ( 'NONE', #1432, 1.024999999999984368 ) ;
#233 = ORIENTED_EDGE ( 'NONE', *, *, #881, .F. ) ;
#234 = CYLINDRICAL_SURFACE ( 'NONE', #1215, 1.024999999999998135 ) ;
#235 = VERTEX_POINT ( 'NONE', #1697 ) ;
#236 = CARTESIAN_POINT ( 'NONE',  ( -95.01800000000000068, -38.68699999999399353, 0.000000000000000000 ) ) ;
#237 = DIRECTION ( 'NONE',  ( 0.000000000000000000, 0.000000000000000000, 1.000000000000000000 ) ) ;
#238 = CARTESIAN_POINT ( 'NONE',  ( -87.99299999999999500, -75.49699999999398869, 3.000000000000000000 ) ) ;
#239 = ORIENTED_EDGE ( 'NONE', *, *, #1478, .T. ) ;
#240 = COLOUR_RGB ( '',1.000000000000000000, 1.000000000000000000, 1.000000000000000000 ) ;
#241 = VECTOR ( 'NONE', #69, 1000.000000000000000 ) ;
#242 = EDGE_CURVE ( 'NONE', #1171, #1596, #1692, .T. ) ;
#243 = DIRECTION ( 'NONE',  ( 0.000000000000000000, -0.000000000000000000, -1.000000000000000000 ) ) ;
#244 = ORIENTED_EDGE ( 'NONE', *, *, #1249, .F. ) ;
#245 = DIRECTION ( 'NONE',  ( -1.000000000000000000, 0.000000000000000000, 0.000000000000000000 ) ) ;
#246 = EDGE_CURVE ( 'NONE', #1674, #663, #739, .T. ) ;
#247 = AXIS2_PLACEMENT_3D ( 'NONE', #1251, #602, #425 ) ;
#248 =( GEOMETRIC_REPRESENTATION_CONTEXT ( 3 ) GLOBAL_UNCERTAINTY_ASSIGNED_CONTEXT ( ( #987 ) ) GLOBAL_UNIT_ASSIGNED_CONTEXT ( ( #3, #809, #1450 ) ) REPRESENTATION_CONTEXT ( 'NONE', 'WORKASPACE' ) );
#249 = DIRECTION ( 'NONE',  ( -0.000000000000000000, -0.000000000000000000, 1.000000000000000000 ) ) ;
#250 = CIRCLE ( 'NONE', #1447, 1.024999999999984368 ) ;
#251 = CIRCLE ( 'NONE', #782, 1.024999999999998135 ) ;
#252 = ORIENTED_EDGE ( 'NONE', *, *, #1607, .T. ) ;
#253 = DIRECTION ( 'NONE',  ( 1.000000000000000000, 0.000000000000000000, 0.000000000000000000 ) ) ;
#254 = AXIS2_PLACEMENT_3D ( 'NONE', #1062, #937, #1476 ) ;
#255 = VERTEX_POINT ( 'NONE', #758 ) ;
#256 = VECTOR ( 'NONE', #1242, 1000.000000000000000 ) ;
#257 = DIRECTION ( 'NONE',  ( -1.000000000000000000, -0.000000000000000000, -0.000000000000000000 ) ) ;
#258 = DIRECTION ( 'NONE',  ( 0.000000000000000000, 0.000000000000000000, 1.000000000000000000 ) ) ;
#259 = ORIENTED_EDGE ( 'NONE', *, *, #630, .T. ) ;
#260 = VECTOR ( 'NONE', #460, 1000.000000000000000 ) ;
#261 = FACE_OUTER_BOUND ( 'NONE', #1616, .T. ) ;
#262 = ORIENTED_EDGE ( 'NONE', *, *, #489, .T. ) ;
#263 = LINE ( 'NONE', #911, #1214 ) ;
#264 = VERTEX_POINT ( 'NONE', #1260 ) ;
#265 = PRESENTATION_STYLE_ASSIGNMENT (( #1313 ) ) ;
#266 = EDGE_CURVE ( 'NONE', #1419, #1541, #1120, .T. ) ;
#267 = AXIS2_PLACEMENT_3D ( 'NONE', #846, #584, #1244 ) ;
#268 = ORIENTED_EDGE ( 'NONE', *, *, #52, .T. ) ;
#269 = FACE_OUTER_BOUND ( 'NONE', #849, .T. ) ;
#270 =( NAMED_UNIT ( * ) PLANE_ANGLE_UNIT ( ) SI_UNIT ( $, .RADIAN. ) );
#271 = ORIENTED_EDGE ( 'NONE', *, *, #1126, .T. ) ;
#272 = MECHANICAL_DESIGN_GEOMETRIC_PRESENTATION_REPRESENTATION (  '', ( #218 ), #188 ) ;
#273 = CARTESIAN_POINT ( 'NONE',  ( -92.07830303803298477, -67.12800000000000011, -2.600000000000000533 ) ) ;
#274 = EDGE_CURVE ( 'NONE', #1572, #1716, #856, .T. ) ;
#275 = ORIENTED_EDGE ( 'NONE', *, *, #1387, .F. ) ;
#276 = ORIENTED_EDGE ( 'NONE', *, *, #121, .F. ) ;
#277 = AXIS2_PLACEMENT_3D ( 'NONE', #457, #699, #1216 ) ;
#278 = DIRECTION ( 'NONE',  ( 0.000000000000000000, 0.000000000000000000, 1.000000000000000000 ) ) ;
#279 = SURFACE_STYLE_USAGE ( .BOTH. , #231 ) ;
#280 = EDGE_CURVE ( 'NONE', #381, #197, #1150, .T. ) ;
#281 = FILL_AREA_STYLE ('',( #929 ) ) ;
#282 = ORIENTED_EDGE ( 'NONE', *, *, #226, .T. ) ;
#283 = CARTESIAN_POINT ( 'NONE',  ( -98.01800000000001489, -67.12800000000000011, -0.4999999999999882871 ) ) ;
#284 = CARTESIAN_POINT ( 'NONE',  ( -102.0180000000000149, -61.07800000000001006, -2.600000000000000533 ) ) ;
#285 = ORIENTED_EDGE ( 'NONE', *, *, #200, .T. ) ;
#286 = ORIENTED_EDGE ( 'NONE', *, *, #93, .T. ) ;
#287 =( GEOMETRIC_REPRESENTATION_CONTEXT ( 3 ) GLOBAL_UNCERTAINTY_ASSIGNED_CONTEXT ( ( #111 ) ) GLOBAL_UNIT_ASSIGNED_CONTEXT ( ( #1396, #363, #775 ) ) REPRESENTATION_CONTEXT ( 'NONE', 'WORKASPACE' ) );
#288 = SURFACE_SIDE_STYLE ('',( #1348 ) ) ;
#289 = PRESENTATION_STYLE_ASSIGNMENT (( #1487 ) ) ;
#290 = VERTEX_POINT ( 'NONE', #1131 ) ;
#291 = FACE_OUTER_BOUND ( 'NONE', #642, .T. ) ;
#292 = FACE_BOUND ( 'NONE', #1293, .T. ) ;
#293 = ORIENTED_EDGE ( 'NONE', *, *, #685, .F. ) ;
#294 = ORIENTED_EDGE ( 'NONE', *, *, #1093, .F. ) ;
#295 = VECTOR ( 'NONE', #1278, 1000.000000000000000 ) ;
#296 = SURFACE_STYLE_USAGE ( .BOTH. , #1080 ) ;
#297 = PRODUCT_RELATED_PRODUCT_CATEGORY ( 'part', '', ( #1082 ) ) ;
#298 = LINE ( 'NONE', #319, #1220 ) ;
#299 = FACE_OUTER_BOUND ( 'NONE', #1068, .T. ) ;
#300 = DIRECTION ( 'NONE',  ( 1.000000000000000000, 0.000000000000000000, 0.000000000000000000 ) ) ;
#301 = VERTEX_POINT ( 'NONE', #629 ) ;
#302 = AXIS2_PLACEMENT_3D ( 'NONE', #592, #1679, #490 ) ;
#303 = ORIENTED_EDGE ( 'NONE', *, *, #963, .T. ) ;
#304 = EDGE_CURVE ( 'NONE', #1572, #1165, #1358, .T. ) ;
#305 = AXIS2_PLACEMENT_3D ( 'NONE', #501, #517, #1598 ) ;
#306 = DIRECTION ( 'NONE',  ( 0.000000000000000000, 1.000000000000000000, 0.000000000000000000 ) ) ;
#307 = DIRECTION ( 'NONE',  ( 0.000000000000000000, 0.000000000000000000, 1.000000000000000000 ) ) ;
#308 =( NAMED_UNIT ( * ) PLANE_ANGLE_UNIT ( ) SI_UNIT ( $, .RADIAN. ) );
#309 = AXIS2_PLACEMENT_3D ( 'NONE', #553, #573, #1656 ) ;
#310 = DIRECTION ( 'NONE',  ( 0.000000000000000000, 0.000000000000000000, 1.000000000000000000 ) ) ;
#311 = DIRECTION ( 'NONE',  ( -1.000000000000000000, -0.000000000000000000, -0.000000000000000000 ) ) ;
#312 = CIRCLE ( 'NONE', #398, 6.999999999999999112 ) ;
#313 = ORIENTED_EDGE ( 'NONE', *, *, #821, .F. ) ;
#314 = DIRECTION ( 'NONE',  ( 1.000000000000000000, 0.000000000000000000, 0.000000000000000000 ) ) ;
#315 = AXIS2_PLACEMENT_3D ( 'NONE', #1266, #1015, #86 ) ;
#316 = PRESENTATION_LAYER_ASSIGNMENT (  '', '', ( #374 ) ) ;
#317 = ADVANCED_FACE ( 'NONE', ( #480 ), #1282, .F. ) ;
#318 = EDGE_CURVE ( 'NONE', #1674, #530, #990, .T. ) ;
#319 = CARTESIAN_POINT ( 'NONE',  ( -56.51800000000001489, -43.90199999999400404, -6.000000000000000000 ) ) ;
#320 = DIRECTION ( 'NONE',  ( -0.000000000000000000, -0.000000000000000000, 1.000000000000000000 ) ) ;
#321 = DIRECTION ( 'NONE',  ( -0.000000000000000000, -0.000000000000000000, 1.000000000000000000 ) ) ;
#322 = ORIENTED_EDGE ( 'NONE', *, *, #1233, .F. ) ;
#323 = FACE_BOUND ( 'NONE', #1210, .T. ) ;
#324 = CARTESIAN_POINT ( 'NONE',  ( -98.01800000000001489, -73.17800000000001148, -1.575000000000015721 ) ) ;
#325 = CARTESIAN_POINT ( 'NONE',  ( -56.51800000000000779, -67.12800000000000011, -2.299999999999999822 ) ) ;
#326 = CIRCLE ( 'NONE', #930, 1.024999999999998135 ) ;
#327 = AXIS2_PLACEMENT_3D ( 'NONE', #101, #1009, #222 ) ;
#328 = CARTESIAN_POINT ( 'NONE',  ( -102.0180000000000149, -61.07800000000001006, -3.624999999999984901 ) ) ;
#329 = DIRECTION ( 'NONE',  ( 1.000000000000000000, 0.000000000000000000, 0.000000000000000000 ) ) ;
#330 = CARTESIAN_POINT ( 'NONE',  ( -62.13399999999998613, -52.70199999999400120, -1.599999999999999867 ) ) ;
#331 = ORIENTED_EDGE ( 'NONE', *, *, #1292, .F. ) ;
#332 = FILL_AREA_STYLE ('',( #1284 ) ) ;
#333 = EDGE_CURVE ( 'NONE', #127, #2, #733, .T. ) ;
#334 = AXIS2_PLACEMENT_3D ( 'NONE', #1589, #793, #1429 ) ;
#335 = AXIS2_PLACEMENT_3D ( 'NONE', #765, #1551, #1151 ) ;
#336 = VECTOR ( 'NONE', #5, 1000.000000000000000 ) ;
#337 = EDGE_CURVE ( 'NONE', #461, #1034, #1389, .T. ) ;
#338 = FACE_OUTER_BOUND ( 'NONE', #900, .T. ) ;
#339 = PRESENTATION_STYLE_ASSIGNMENT (( #1112 ) ) ;
#340 = EDGE_LOOP ( 'NONE', ( #1133, #807, #1078, #512 ) ) ;
#341 = DIRECTION ( 'NONE',  ( 0.000000000000000000, 0.000000000000000000, -1.000000000000000000 ) ) ;
#342 =( LENGTH_UNIT ( ) NAMED_UNIT ( * ) SI_UNIT ( .MILLI., .METRE. ) );
#343 = AXIS2_PLACEMENT_3D ( 'NONE', #1568, #249, #520 ) ;
#344 = CARTESIAN_POINT ( 'NONE',  ( -52.51800000000000779, -77.18699999999400063, -6.000000000000000000 ) ) ;
#345 = EDGE_CURVE ( 'NONE', #586, #1144, #81, .T. ) ;
#346 = CARTESIAN_POINT ( 'NONE',  ( -102.0180000000000149, -61.07800000000001006, -2.600000000000000533 ) ) ;
#347 = UNCERTAINTY_MEASURE_WITH_UNIT (LENGTH_MEASURE( 1.000000000000000082E-05 ), #1511, 'distance_accuracy_value', 'NONE');
#348 = DIRECTION ( 'NONE',  ( -0.000000000000000000, -0.000000000000000000, 1.000000000000000000 ) ) ;
#349 = ORIENTED_EDGE ( 'NONE', *, *, #1330, .F. ) ;
#350 = DIRECTION ( 'NONE',  ( 1.000000000000000000, 1.954618001100627820E-16, -0.000000000000000000 ) ) ;
#351 = ORIENTED_EDGE ( 'NONE', *, *, #688, .T. ) ;
#352 = DIRECTION ( 'NONE',  ( 1.954618001100627820E-16, -1.000000000000000000, 0.000000000000000000 ) ) ;
#353 = CIRCLE ( 'NONE', #1012, 3.000000000000016431 ) ;
#354 = FACE_BOUND ( 'NONE', #1202, .T. ) ;
#355 = DIRECTION ( 'NONE',  ( -1.000000000000000000, -0.000000000000000000, -0.000000000000000000 ) ) ;
#356 = CARTESIAN_POINT ( 'NONE',  ( -62.13399999999998613, -43.90199999999400404, -1.599999999999999867 ) ) ;
#357 = ORIENTED_EDGE ( 'NONE', *, *, #223, .F. ) ;
#358 = CARTESIAN_POINT ( 'NONE',  ( -59.51800000000000779, -84.18699999999400063, -6.000000000000000000 ) ) ;
#359 = ADVANCED_FACE ( 'NONE', ( #698 ), #1563, .F. ) ;
#360 = EDGE_LOOP ( 'NONE', ( #1547, #1314, #233, #351 ) ) ;
#361 = SURFACE_STYLE_FILL_AREA ( #995 ) ;
#362 = CARTESIAN_POINT ( 'NONE',  ( -98.01800000000000068, 3.831754944637626853E-14, -6.000000000000000000 ) ) ;
#363 =( NAMED_UNIT ( * ) PLANE_ANGLE_UNIT ( ) SI_UNIT ( $, .RADIAN. ) );
#364 = DIRECTION ( 'NONE',  ( 0.000000000000000000, 0.000000000000000000, 1.000000000000000000 ) ) ;
#365 = ORIENTED_EDGE ( 'NONE', *, *, #685, .T. ) ;
#366 = CARTESIAN_POINT ( 'NONE',  ( -102.0180000000000149, -73.17800000000001148, -2.600000000000000089 ) ) ;
#367 = ORIENTED_EDGE ( 'NONE', *, *, #1152, .T. ) ;
#368 = FILL_AREA_STYLE_COLOUR ( '', #240 ) ;
#369 = EDGE_CURVE ( 'NONE', #1105, #235, #1467, .T. ) ;
#370 = EDGE_CURVE ( 'NONE', #663, #820, #232, .T. ) ;
#371 = CARTESIAN_POINT ( 'NONE',  ( -95.01800000000000068, -34.68699999999400063, 3.000000000000000000 ) ) ;
#372 = DIRECTION ( 'NONE',  ( -0.000000000000000000, 0.000000000000000000, 1.000000000000000000 ) ) ;
#373 = VECTOR ( 'NONE', #498, 1000.000000000000000 ) ;
#374 = STYLED_ITEM ( 'NONE', ( #1024 ), #400 ) ;
#375 = ORIENTED_EDGE ( 'NONE', *, *, #1407, .F. ) ;
#376 = VERTEX_POINT ( 'NONE', #819 ) ;
#377 = ADVANCED_FACE ( 'NONE', ( #935 ), #1621, .F. ) ;
#378 = LINE ( 'NONE', #1158, #178 ) ;
#379 = CARTESIAN_POINT ( 'NONE',  ( -62.13399999999998613, -52.70199999999400120, -1.599999999999999867 ) ) ;
#380 = LINE ( 'NONE', #796, #336 ) ;
#381 = VERTEX_POINT ( 'NONE', #1486 ) ;
#382 = VECTOR ( 'NONE', #278, 1000.000000000000000 ) ;
#383 = AXIS2_PLACEMENT_3D ( 'NONE', #690, #1191, #1200 ) ;
#384 = DIRECTION ( 'NONE',  ( 1.000000000000000000, 0.000000000000000000, 0.000000000000000000 ) ) ;
#385 = ORIENTED_EDGE ( 'NONE', *, *, #1328, .T. ) ;
#386 = DIRECTION ( 'NONE',  ( 0.000000000000000000, -1.000000000000000000, 0.000000000000000000 ) ) ;
#387 =( GEOMETRIC_REPRESENTATION_CONTEXT ( 3 ) GLOBAL_UNCERTAINTY_ASSIGNED_CONTEXT ( ( #1230 ) ) GLOBAL_UNIT_ASSIGNED_CONTEXT ( ( #396, #1187, #1473 ) ) REPRESENTATION_CONTEXT ( 'NONE', 'WORKASPACE' ) );
#388 = DIRECTION ( 'NONE',  ( 0.000000000000000000, 1.000000000000000000, 0.000000000000000000 ) ) ;
#389 = DIRECTION ( 'NONE',  ( -0.000000000000000000, -0.000000000000000000, 1.000000000000000000 ) ) ;
#390 = AXIS2_PLACEMENT_3D ( 'NONE', #57, #588, #1655 ) ;
#391 = ORIENTED_EDGE ( 'NONE', *, *, #1253, .T. ) ;
#392 = PRESENTATION_STYLE_ASSIGNMENT (( #1033 ) ) ;
#393 = VECTOR ( 'NONE', #1045, 1000.000000000000000 ) ;
#394 = VERTEX_POINT ( 'NONE', #1459 ) ;
#395 = CIRCLE ( 'NONE', #730, 1.024999999999984368 ) ;
#396 =( LENGTH_UNIT ( ) NAMED_UNIT ( * ) SI_UNIT ( .MILLI., .METRE. ) );
#397 = PRESENTATION_STYLE_ASSIGNMENT (( #928 ) ) ;
#398 = AXIS2_PLACEMENT_3D ( 'NONE', #1219, #442, #585 ) ;
#399 = FILL_AREA_STYLE_COLOUR ( '', #36 ) ;
#400 = ADVANCED_FACE ( 'NONE', ( #156 ), #1427, .F. ) ;
#401 = ORIENTED_EDGE ( 'NONE', *, *, #941, .T. ) ;
#402 = SURFACE_STYLE_FILL_AREA ( #919 ) ;
#403 = ORIENTED_EDGE ( 'NONE', *, *, #242, .T. ) ;
#404 = AXIS2_PLACEMENT_3D ( 'NONE', #379, #388, #774 ) ;
#405 = CARTESIAN_POINT ( 'NONE',  ( -102.0180000000000149, -61.07800000000001006, -2.600000000000000533 ) ) ;
#406 = DIRECTION ( 'NONE',  ( -1.000000000000000000, -1.954618001100627820E-16, 0.000000000000000000 ) ) ;
#407 = FACE_OUTER_BOUND ( 'NONE', #970, .T. ) ;
#408 = ORIENTED_EDGE ( 'NONE', *, *, #1035, .T. ) ;
#409 = CARTESIAN_POINT ( 'NONE',  ( -56.51800000000000779, -65.02800000000000580, -2.299999999999999822 ) ) ;
#410 = CIRCLE ( 'NONE', #108, 1.024999999999998135 ) ;
#411 = VERTEX_POINT ( 'NONE', #43 ) ;
#412 = EDGE_CURVE ( 'NONE', #1491, #1171, #171, .T. ) ;
#413 = CARTESIAN_POINT ( 'NONE',  ( -56.51800000000000779, -61.07800000000001006, -2.600000000000000533 ) ) ;
#414 = CARTESIAN_POINT ( 'NONE',  ( -95.01800000000000068, -84.18699999999400063, -6.000000000000000000 ) ) ;
#415 = EDGE_LOOP ( 'NONE', ( #826, #631, #10, #1027, #1492, #816, #678, #110 ) ) ;
#416 = AXIS2_PLACEMENT_3D ( 'NONE', #66, #1664, #448 ) ;
#417 = AXIS2_PLACEMENT_3D ( 'NONE', #1695, #594, #843 ) ;
#418 = CARTESIAN_POINT ( 'NONE',  ( -87.99299999999999500, -44.49699999999398869, 3.000000000000000000 ) ) ;
#419 = PLANE ( 'NONE',  #1114 ) ;
#420 = ORIENTED_EDGE ( 'NONE', *, *, #489, .F. ) ;
#421 = ORIENTED_EDGE ( 'NONE', *, *, #145, .T. ) ;
#422 =( GEOMETRIC_REPRESENTATION_CONTEXT ( 3 ) GLOBAL_UNCERTAINTY_ASSIGNED_CONTEXT ( ( #1090 ) ) GLOBAL_UNIT_ASSIGNED_CONTEXT ( ( #137, #521, #907 ) ) REPRESENTATION_CONTEXT ( 'NONE', 'WORKASPACE' ) );
#423 = PRESENTATION_LAYER_ASSIGNMENT (  '', '', ( #4 ) ) ;
#424 = CARTESIAN_POINT ( 'NONE',  ( -52.51800000000000779, -77.18699999999400063, 3.000000000000000000 ) ) ;
#425 = DIRECTION ( 'NONE',  ( 1.000000000000000000, 0.000000000000000000, 0.000000000000000000 ) ) ;
#426 = SURFACE_SIDE_STYLE ('',( #1622 ) ) ;
#427 = EDGE_LOOP ( 'NONE', ( #1408, #1069 ) ) ;
#428 = DIRECTION ( 'NONE',  ( 1.000000000000000000, 0.000000000000000000, 0.000000000000000000 ) ) ;
#429 = DIRECTION ( 'NONE',  ( 0.000000000000000000, 0.000000000000000000, 1.000000000000000000 ) ) ;
#430 = EDGE_LOOP ( 'NONE', ( #1617, #762, #408, #484, #885, #660, #956, #942 ) ) ;
#431 = ORIENTED_EDGE ( 'NONE', *, *, #180, .T. ) ;
#432 = ADVANCED_FACE ( 'NONE', ( #1360 ), #1500, .F. ) ;
#433 = FILL_AREA_STYLE_COLOUR ( '', #1280 ) ;
#434 = CARTESIAN_POINT ( 'NONE',  ( -56.51800000000000779, -61.07800000000001006, -1.575000000000016387 ) ) ;
#435 = CYLINDRICAL_SURFACE ( 'NONE', #129, 2.100000000000012079 ) ;
#436 = DIRECTION ( 'NONE',  ( 1.000000000000000000, 0.000000000000000000, 0.000000000000000000 ) ) ;
#437 = VERTEX_POINT ( 'NONE', #1201 ) ;
#438 = CARTESIAN_POINT ( 'NONE',  ( -102.0180000000000149, -41.68699999999400063, 3.000000000000000000 ) ) ;
#439 = COLOUR_RGB ( '',1.000000000000000000, 1.000000000000000000, 1.000000000000000000 ) ;
#440 = PLANE ( 'NONE',  #1185 ) ;
#441 = LINE ( 'NONE', #822, #578 ) ;
#442 = DIRECTION ( 'NONE',  ( 0.000000000000000000, -0.000000000000000000, -1.000000000000000000 ) ) ;
#443 = MECHANICAL_DESIGN_GEOMETRIC_PRESENTATION_REPRESENTATION (  '', ( #1531 ), #1704 ) ;
#444 = ORIENTED_EDGE ( 'NONE', *, *, #941, .F. ) ;
#445 = CARTESIAN_POINT ( 'NONE',  ( -56.51800000000000779, -61.07800000000001006, -2.600000000000000533 ) ) ;
#446 = EDGE_CURVE ( 'NONE', #1681, #1335, #1077, .T. ) ;
#447 = COLOUR_RGB ( '',1.000000000000000000, 1.000000000000000000, 1.000000000000000000 ) ;
#448 = DIRECTION ( 'NONE',  ( 1.000000000000000000, 0.000000000000000000, 0.000000000000000000 ) ) ;
#449 = AXIS2_PLACEMENT_3D ( 'NONE', #736, #476, #867 ) ;
#450 = CYLINDRICAL_SURFACE ( 'NONE', #267, 6.999999999999999112 ) ;
#451 = STYLED_ITEM ( 'NONE', ( #1645 ), #432 ) ;
#452 = ORIENTED_EDGE ( 'NONE', *, *, #830, .F. ) ;
#453 = CARTESIAN_POINT ( 'NONE',  ( -56.51800000000001489, -52.70199999999400120, -6.000000000000000000 ) ) ;
#454 = CARTESIAN_POINT ( 'NONE',  ( -95.01800000000000068, -34.68699999999400063, 3.000000000000000000 ) ) ;
#455 = LINE ( 'NONE', #974, #1722 ) ;
#456 = CIRCLE ( 'NONE', #814, 1.024999999999984368 ) ;
#457 = CARTESIAN_POINT ( 'NONE',  ( 0.000000000000000000, 0.000000000000000000, -1.599999999999999867 ) ) ;
#458 = EDGE_CURVE ( 'NONE', #1469, #1431, #815, .T. ) ;
#459 = DIRECTION ( 'NONE',  ( 0.000000000000000000, -0.000000000000000000, -1.000000000000000000 ) ) ;
#460 = DIRECTION ( 'NONE',  ( 1.000000000000000000, 0.000000000000000000, 0.000000000000000000 ) ) ;
#461 = VERTEX_POINT ( 'NONE', #960 ) ;
#462 = DIRECTION ( 'NONE',  ( -1.954618001100627820E-16, 1.000000000000000000, 0.000000000000000000 ) ) ;
#463 = EDGE_CURVE ( 'NONE', #603, #19, #139, .T. ) ;
#464 = CIRCLE ( 'NONE', #1523, 1.024999999999984368 ) ;
#465 = VECTOR ( 'NONE', #428, 1000.000000000000000 ) ;
#466 = DIRECTION ( 'NONE',  ( 1.954618001100627820E-16, -1.000000000000000000, 0.000000000000000000 ) ) ;
#467 = DIRECTION ( 'NONE',  ( 0.000000000000000000, 0.000000000000000000, 1.000000000000000000 ) ) ;
#468 = DIRECTION ( 'NONE',  ( 1.000000000000000000, 0.000000000000000000, 0.000000000000000000 ) ) ;
#469 = ORIENTED_EDGE ( 'NONE', *, *, #926, .T. ) ;
#470 = FACE_OUTER_BOUND ( 'NONE', #107, .T. ) ;
#471 =( NAMED_UNIT ( * ) PLANE_ANGLE_UNIT ( ) SI_UNIT ( $, .RADIAN. ) );
#472 = CIRCLE ( 'NONE', #416, 7.000000000000006217 ) ;
#473 = SURFACE_STYLE_USAGE ( .BOTH. , #605 ) ;
#474 = AXIS2_PLACEMENT_3D ( 'NONE', #1247, #587, #877 ) ;
#475 = VERTEX_POINT ( 'NONE', #1344 ) ;
#476 = DIRECTION ( 'NONE',  ( -0.000000000000000000, -0.000000000000000000, -1.000000000000000000 ) ) ;
#477 = ADVANCED_BREP_SHAPE_REPRESENTATION ( 'µ×¿Ç', ( #636, #187 ), #387 ) ;
#478 = VECTOR ( 'NONE', #1232, 1000.000000000000000 ) ;
#479 = LINE ( 'NONE', #1535, #1657 ) ;
#480 = FACE_OUTER_BOUND ( 'NONE', #910, .T. ) ;
#481 = EDGE_LOOP ( 'NONE', ( #294, #151, #118, #1606 ) ) ;
#482 = LINE ( 'NONE', #596, #496 ) ;
#483 = AXIS2_PLACEMENT_3D ( 'NONE', #913, #1300, #1169 ) ;
#484 = ORIENTED_EDGE ( 'NONE', *, *, #1558, .T. ) ;
#485 = LINE ( 'NONE', #1576, #1063 ) ;
#486 = CARTESIAN_POINT ( 'NONE',  ( -102.0180000000000149, -73.17800000000001148, -2.600000000000000089 ) ) ;
#487 = EDGE_LOOP ( 'NONE', ( #1056, #282, #286, #684 ) ) ;
#488 = LINE ( 'NONE', #861, #373 ) ;
#489 = EDGE_CURVE ( 'NONE', #1312, #376, #1367, .T. ) ;
#490 = DIRECTION ( 'NONE',  ( 0.000000000000000000, -1.000000000000000000, 0.000000000000000000 ) ) ;
#491 = ORIENTED_EDGE ( 'NONE', *, *, #246, .T. ) ;
#492 = LINE ( 'NONE', #1248, #666 ) ;
#493 = ORIENTED_EDGE ( 'NONE', *, *, #64, .T. ) ;
#494 = FACE_OUTER_BOUND ( 'NONE', #749, .T. ) ;
#495 = VECTOR ( 'NONE', #1685, 1000.000000000000000 ) ;
#496 = VECTOR ( 'NONE', #1518, 1000.000000000000000 ) ;
#497 = ORIENTED_EDGE ( 'NONE', *, *, #1088, .T. ) ;
#498 = DIRECTION ( 'NONE',  ( -0.000000000000000000, -0.000000000000000000, -1.000000000000000000 ) ) ;
#499 = DIRECTION ( 'NONE',  ( -0.000000000000000000, 0.000000000000000000, 1.000000000000000000 ) ) ;
#500 = ORIENTED_EDGE ( 'NONE', *, *, #894, .F. ) ;
#501 = CARTESIAN_POINT ( 'NONE',  ( -69.01800000000000068, -44.49699999999398869, 3.000000000000000000 ) ) ;
#502 = ORIENTED_EDGE ( 'NONE', *, *, #242, .F. ) ;
#503 = ADVANCED_FACE ( 'NONE', ( #1625, #948, #292, #1641, #1363 ), #575, .T. ) ;
#504 = ADVANCED_FACE ( 'NONE', ( #805 ), #1632, .F. ) ;
#505 = DIRECTION ( 'NONE',  ( -0.000000000000000000, -0.000000000000000000, 1.000000000000000000 ) ) ;
#506 = DIRECTION ( 'NONE',  ( 1.000000000000000000, 4.081702296416017476E-16, -0.000000000000000000 ) ) ;
#507 = CARTESIAN_POINT ( 'NONE',  ( -90.04299999999997794, -75.49699999999398869, 0.000000000000000000 ) ) ;
#508 = FILL_AREA_STYLE ('',( #1474 ) ) ;
#509 = EDGE_CURVE ( 'NONE', #1431, #166, #312, .T. ) ;
#510 = ORIENTED_EDGE ( 'NONE', *, *, #617, .F. ) ;
#511 = PLANE ( 'NONE',  #1591 ) ;
#512 = ORIENTED_EDGE ( 'NONE', *, *, #1166, .T. ) ;
#513 = CARTESIAN_POINT ( 'NONE',  ( -70.04299999999999216, -75.49699999999398869, 3.000000000000000000 ) ) ;
#514 = CARTESIAN_POINT ( 'NONE',  ( -102.0180000000000149, -61.07800000000001006, -1.575000000000016387 ) ) ;
#515 = ADVANCED_FACE ( 'NONE', ( #1354, #39, #567, #1496 ), #831, .F. ) ;
#516 = VERTEX_POINT ( 'NONE', #1067 ) ;
#517 = DIRECTION ( 'NONE',  ( -0.000000000000000000, -0.000000000000000000, 1.000000000000000000 ) ) ;
#518 = VERTEX_POINT ( 'NONE', #1334 ) ;
#519 = CARTESIAN_POINT ( 'NONE',  ( -87.99299999999999500, -44.49699999999398869, 0.000000000000000000 ) ) ;
#520 = DIRECTION ( 'NONE',  ( 1.000000000000000000, 0.000000000000000000, 0.000000000000000000 ) ) ;
#521 =( NAMED_UNIT ( * ) PLANE_ANGLE_UNIT ( ) SI_UNIT ( $, .RADIAN. ) );
#522 = ORIENTED_EDGE ( 'NONE', *, *, #226, .F. ) ;
#523 = CARTESIAN_POINT ( 'NONE',  ( -59.51800000000001489, -38.68699999999399353, -6.000000000000000000 ) ) ;
#524 = ORIENTED_EDGE ( 'NONE', *, *, #927, .T. ) ;
#525 = EDGE_CURVE ( 'NONE', #411, #1431, #1649, .T. ) ;
#526 = CARTESIAN_POINT ( 'NONE',  ( -98.01800000000001489, -77.18699999999400063, -6.000000000000000000 ) ) ;
#527 = STYLED_ITEM ( 'NONE', ( #767 ), #359 ) ;
#528 = DIRECTION ( 'NONE',  ( 0.000000000000000000, 0.000000000000000000, 1.000000000000000000 ) ) ;
#529 = MECHANICAL_DESIGN_GEOMETRIC_PRESENTATION_REPRESENTATION (  '', ( #727 ), #1416 ) ;
#530 = VERTEX_POINT ( 'NONE', #28 ) ;
#531 = DIRECTION ( 'NONE',  ( 0.000000000000000000, 0.000000000000000000, 1.000000000000000000 ) ) ;
#532 = VERTEX_POINT ( 'NONE', #1370 ) ;
#533 = MECHANICAL_DESIGN_GEOMETRIC_PRESENTATION_REPRESENTATION (  '', ( #1506 ), #1683 ) ;
#534 = FILL_AREA_STYLE_COLOUR ( '', #208 ) ;
#535 =( NAMED_UNIT ( * ) SI_UNIT ( $, .STERADIAN. ) SOLID_ANGLE_UNIT ( ) );
#536 = PRESENTATION_LAYER_ASSIGNMENT (  '', '', ( #451 ) ) ;
#537 = DIRECTION ( 'NONE',  ( 1.000000000000000000, 0.000000000000000000, 0.000000000000000000 ) ) ;
#538 = VERTEX_POINT ( 'NONE', #141 ) ;
#539 = ADVANCED_FACE ( 'NONE', ( #709, #683, #1227, #175 ), #419, .F. ) ;
#540 = CARTESIAN_POINT ( 'NONE',  ( -56.51800000000000779, -77.18699999999400063, -6.000000000000000000 ) ) ;
#541 = CIRCLE ( 'NONE', #1513, 3.000000000000002665 ) ;
#542 = EDGE_LOOP ( 'NONE', ( #1382, #705, #628, #920 ) ) ;
#543 = FACE_OUTER_BOUND ( 'NONE', #1203, .T. ) ;
#544 =( LENGTH_UNIT ( ) NAMED_UNIT ( * ) SI_UNIT ( .MILLI., .METRE. ) );
#545 = ORIENTED_EDGE ( 'NONE', *, *, #696, .T. ) ;
#546 = DIRECTION ( 'NONE',  ( -1.000000000000000000, 0.000000000000000000, 0.000000000000000000 ) ) ;
#547 = DIRECTION ( 'NONE',  ( 1.000000000000000000, 0.000000000000000000, 0.000000000000000000 ) ) ;
#548 = EDGE_LOOP ( 'NONE', ( #152, #798 ) ) ;
#549 = CIRCLE ( 'NONE', #1322, 1.024999999999998135 ) ;
#550 = ORIENTED_EDGE ( 'NONE', *, *, #1724, .F. ) ;
#551 = FILL_AREA_STYLE ('',( #534 ) ) ;
#552 = EDGE_CURVE ( 'NONE', #394, #1381, #68, .T. ) ;
#553 = CARTESIAN_POINT ( 'NONE',  ( -59.51800000000000779, -77.18699999999400063, 3.000000000000000000 ) ) ;
#554 = PRESENTATION_LAYER_ASSIGNMENT (  '', '', ( #527 ) ) ;
#555 = ORIENTED_EDGE ( 'NONE', *, *, #1107, .T. ) ;
#556 = STYLED_ITEM ( 'NONE', ( #571 ), #1422 ) ;
#557 = CIRCLE ( 'NONE', #190, 1.024999999999984368 ) ;
#558 = DIRECTION ( 'NONE',  ( 0.000000000000000000, -0.000000000000000000, 1.000000000000000000 ) ) ;
#559 = DIRECTION ( 'NONE',  ( 0.000000000000000000, 0.000000000000000000, 1.000000000000000000 ) ) ;
#560 = ORIENTED_EDGE ( 'NONE', *, *, #145, .F. ) ;
#561 = VERTEX_POINT ( 'NONE', #1562 ) ;
#562 = MECHANICAL_DESIGN_GEOMETRIC_PRESENTATION_REPRESENTATION (  '', ( #1361 ), #422 ) ;
#563 = AXIS2_PLACEMENT_3D ( 'NONE', #932, #1495, #27 ) ;
#564 = UNCERTAINTY_MEASURE_WITH_UNIT (LENGTH_MEASURE( 1.000000000000000082E-05 ), #185, 'distance_accuracy_value', 'NONE');
#565 = FILL_AREA_STYLE_COLOUR ( '', #1712 ) ;
#566 = DIRECTION ( 'NONE',  ( 0.000000000000000000, 1.000000000000000000, 0.000000000000000000 ) ) ;
#567 = FACE_BOUND ( 'NONE', #1627, .T. ) ;
#568 = VERTEX_POINT ( 'NONE', #1413 ) ;
#569 = CIRCLE ( 'NONE', #483, 1.024999999999998135 ) ;
#570 = ORIENTED_EDGE ( 'NONE', *, *, #1070, .T. ) ;
#571 = PRESENTATION_STYLE_ASSIGNMENT (( #296 ) ) ;
#572 = CARTESIAN_POINT ( 'NONE',  ( -102.0180000000000149, -73.17800000000001148, -2.600000000000000089 ) ) ;
#573 = DIRECTION ( 'NONE',  ( 0.000000000000000000, 0.000000000000000000, 1.000000000000000000 ) ) ;
#574 = DIRECTION ( 'NONE',  ( -0.000000000000000000, -0.000000000000000000, -1.000000000000000000 ) ) ;
#575 = PLANE ( 'NONE',  #892 ) ;
#576 = ORIENTED_EDGE ( 'NONE', *, *, #1595, .F. ) ;
#577 = CYLINDRICAL_SURFACE ( 'NONE', #474, 3.000000000000002665 ) ;
#578 = VECTOR ( 'NONE', #829, 1000.000000000000000 ) ;
#579 = FACE_OUTER_BOUND ( 'NONE', #1592, .T. ) ;
#580 = PRODUCT_DEFINITION_CONTEXT ( 'detailed design', #934, 'design' ) ;
#581 = FILL_AREA_STYLE ('',( #433 ) ) ;
#582 = EDGE_CURVE ( 'NONE', #88, #516, #488, .T. ) ;
#583 = FACE_OUTER_BOUND ( 'NONE', #487, .T. ) ;
#584 = DIRECTION ( 'NONE',  ( -0.000000000000000000, -0.000000000000000000, -1.000000000000000000 ) ) ;
#585 = DIRECTION ( 'NONE',  ( 1.000000000000000000, 0.000000000000000000, 0.000000000000000000 ) ) ;
#586 = VERTEX_POINT ( 'NONE', #738 ) ;
#587 = DIRECTION ( 'NONE',  ( 0.000000000000000000, 0.000000000000000000, 1.000000000000000000 ) ) ;
#588 = DIRECTION ( 'NONE',  ( 3.909236002201255639E-16, -1.000000000000000000, 0.000000000000000000 ) ) ;
#589 = EDGE_CURVE ( 'NONE', #1192, #568, #1544, .T. ) ;
#590 = DIRECTION ( 'NONE',  ( -1.000000000000000000, -0.000000000000000000, -0.000000000000000000 ) ) ;
#591 = CARTESIAN_POINT ( 'NONE',  ( -59.51800000000001489, -38.68699999999399353, -6.000000000000000000 ) ) ;
#592 = CARTESIAN_POINT ( 'NONE',  ( -98.01800000000001489, -73.17800000000001148, -2.600000000000000089 ) ) ;
#593 = EDGE_LOOP ( 'NONE', ( #1438, #880, #6, #1098 ) ) ;
#594 = DIRECTION ( 'NONE',  ( 0.000000000000000000, 0.000000000000000000, 1.000000000000000000 ) ) ;
#595 = EDGE_CURVE ( 'NONE', #290, #1014, #1552, .T. ) ;
#596 = CARTESIAN_POINT ( 'NONE',  ( -95.01800000000000068, -84.18699999999400063, 3.000000000000000000 ) ) ;
#597 = CARTESIAN_POINT ( 'NONE',  ( -70.04299999999999216, -75.49699999999398869, 0.000000000000000000 ) ) ;
#598 = PRESENTATION_LAYER_ASSIGNMENT (  '', '', ( #144 ) ) ;
#599 = MECHANICAL_DESIGN_GEOMETRIC_PRESENTATION_REPRESENTATION (  '', ( #1600 ), #99 ) ;
#600 = FACE_OUTER_BOUND ( 'NONE', #229, .T. ) ;
#601 = DIRECTION ( 'NONE',  ( -1.000000000000000000, -0.000000000000000000, -0.000000000000000000 ) ) ;
#602 = DIRECTION ( 'NONE',  ( -0.000000000000000000, 0.000000000000000000, 1.000000000000000000 ) ) ;
#603 = VERTEX_POINT ( 'NONE', #507 ) ;
#604 = LINE ( 'NONE', #1272, #1525 ) ;
#605 = SURFACE_SIDE_STYLE ('',( #361 ) ) ;
#606 = PRESENTATION_LAYER_ASSIGNMENT (  '', '', ( #1351 ) ) ;
#607 = VECTOR ( 'NONE', #181, 1000.000000000000000 ) ;
#608 = DIRECTION ( 'NONE',  ( 0.000000000000000000, 0.000000000000000000, 1.000000000000000000 ) ) ;
#609 = SURFACE_STYLE_FILL_AREA ( #1435 ) ;
#610 = UNCERTAINTY_MEASURE_WITH_UNIT (LENGTH_MEASURE( 1.000000000000000082E-05 ), #1188, 'distance_accuracy_value', 'NONE');
#611 = CARTESIAN_POINT ( 'NONE',  ( -98.01800000000001489, -61.07800000000001006, -2.600000000000000533 ) ) ;
#612 = ORIENTED_EDGE ( 'NONE', *, *, #1637, .T. ) ;
#613 = EDGE_CURVE ( 'NONE', #166, #290, #1170, .T. ) ;
#614 = FILL_AREA_STYLE ('',( #985 ) ) ;
#615 = AXIS2_PLACEMENT_3D ( 'NONE', #664, #35, #1329 ) ;
#616 = CIRCLE ( 'NONE', #305, 1.024999999999998135 ) ;
#617 = EDGE_CURVE ( 'NONE', #516, #1719, #479, .T. ) ;
#618 = DIRECTION ( 'NONE',  ( 1.000000000000000000, 0.000000000000000000, 0.000000000000000000 ) ) ;
#619 = CARTESIAN_POINT ( 'NONE',  ( -102.0180000000000149, -61.07800000000001006, -1.575000000000016387 ) ) ;
#620 = AXIS2_PLACEMENT_3D ( 'NONE', #744, #860, #731 ) ;
#621 = LINE ( 'NONE', #879, #1687 ) ;
#622 = ORIENTED_EDGE ( 'NONE', *, *, #1126, .F. ) ;
#623 = FACE_BOUND ( 'NONE', #16, .T. ) ;
#624 = AXIS2_PLACEMENT_3D ( 'NONE', #691, #1102, #165 ) ;
#625 = ORIENTED_EDGE ( 'NONE', *, *, #369, .F. ) ;
#626 = CARTESIAN_POINT ( 'NONE',  ( -59.51800000000001489, -41.68699999999400063, 3.000000000000000000 ) ) ;
#627 = SURFACE_STYLE_FILL_AREA ( #1288 ) ;
#628 = ORIENTED_EDGE ( 'NONE', *, *, #412, .F. ) ;
#629 = CARTESIAN_POINT ( 'NONE',  ( -67.99299999999999500, -44.49699999999398869, 0.000000000000000000 ) ) ;
#630 = EDGE_CURVE ( 'NONE', #159, #872, #456, .T. ) ;
#631 = ORIENTED_EDGE ( 'NONE', *, *, #1328, .F. ) ;
#632 = VECTOR ( 'NONE', #847, 1000.000000000000000 ) ;
#633 = EDGE_CURVE ( 'NONE', #203, #933, #989, .T. ) ;
#634 = CARTESIAN_POINT ( 'NONE',  ( -102.0180000000000149, -67.12800000000000011, -2.600000000000000533 ) ) ;
#635 = ORIENTED_EDGE ( 'NONE', *, *, #446, .T. ) ;
#636 = MANIFOLD_SOLID_BREP ( 'M2.5x0.45 ÂÝÎÆ¿×2', #1647 ) ;
#637 = PRESENTATION_LAYER_ASSIGNMENT (  '', '', ( #668 ) ) ;
#638 = AXIS2_PLACEMENT_3D ( 'NONE', #1662, #350, #462 ) ;
#639 = DIRECTION ( 'NONE',  ( 0.000000000000000000, 0.000000000000000000, 1.000000000000000000 ) ) ;
#640 = CARTESIAN_POINT ( 'NONE',  ( -52.51800000000001489, -41.68699999999400063, 3.000000000000000000 ) ) ;
#641 = SURFACE_STYLE_FILL_AREA ( #1570 ) ;
#642 = EDGE_LOOP ( 'NONE', ( #116, #1269, #803, #469, #550, #746, #216, #695 ) ) ;
#643 = CARTESIAN_POINT ( 'NONE',  ( -52.51800000000001489, -41.68699999999400063, 3.000000000000000000 ) ) ;
#644 = EDGE_LOOP ( 'NONE', ( #367, #961 ) ) ;
#645 = AXIS2_PLACEMENT_3D ( 'NONE', #125, #1179, #1337 ) ;
#646 = PRESENTATION_LAYER_ASSIGNMENT (  '', '', ( #727 ) ) ;
#647 = VECTOR ( 'NONE', #1140, 1000.000000000000000 ) ;
#648 = LINE ( 'NONE', #1466, #382 ) ;
#649 = EDGE_CURVE ( 'NONE', #19, #1381, #1401, .T. ) ;
#650 = LINE ( 'NONE', #371, #123 ) ;
#651 = MECHANICAL_DESIGN_GEOMETRIC_PRESENTATION_REPRESENTATION (  '', ( #1449 ), #117 ) ;
#652 = DIRECTION ( 'NONE',  ( 1.000000000000000000, 0.000000000000000000, 0.000000000000000000 ) ) ;
#653 = ORIENTED_EDGE ( 'NONE', *, *, #894, .T. ) ;
#654 = VECTOR ( 'NONE', #310, 1000.000000000000000 ) ;
#655 = FILL_AREA_STYLE_COLOUR ( '', #1134 ) ;
#656 = ADVANCED_FACE ( 'NONE', ( #338 ), #209, .T. ) ;
#657 = ORIENTED_EDGE ( 'NONE', *, *, #1520, .F. ) ;
#658 = DIRECTION ( 'NONE',  ( 0.000000000000000000, 0.000000000000000000, 1.000000000000000000 ) ) ;
#659 = CYLINDRICAL_SURFACE ( 'NONE', #1537, 1.024999999999998135 ) ;
#660 = ORIENTED_EDGE ( 'NONE', *, *, #662, .F. ) ;
#661 = FILL_AREA_STYLE ('',( #655 ) ) ;
#662 = EDGE_CURVE ( 'NONE', #1274, #949, #1142, .T. ) ;
#663 = VERTEX_POINT ( 'NONE', #1426 ) ;
#664 = CARTESIAN_POINT ( 'NONE',  ( -102.0180000000000149, -67.12800000000000011, -2.600000000000000533 ) ) ;
#665 = DIRECTION ( 'NONE',  ( 1.000000000000000000, 0.000000000000000000, 0.000000000000000000 ) ) ;
#666 = VECTOR ( 'NONE', #760, 1000.000000000000000 ) ;
#667 = ORIENTED_EDGE ( 'NONE', *, *, #1148, .F. ) ;
#668 = STYLED_ITEM ( 'NONE', ( #1409 ), #1475 ) ;
#669 = SURFACE_STYLE_FILL_AREA ( #661 ) ;
#670 = VERTEX_POINT ( 'NONE', #230 ) ;
#671 = PRODUCT_DEFINITION_FORMATION_WITH_SPECIFIED_SOURCE ( 'ÈÎºÎ', '', #1082, .NOT_KNOWN. ) ;
#672 = CARTESIAN_POINT ( 'NONE',  ( -102.0180000000000149, -73.17800000000001148, -2.600000000000000089 ) ) ;
#673 = EDGE_CURVE ( 'NONE', #1587, #1397, #766, .T. ) ;
#674 = EDGE_LOOP ( 'NONE', ( #79, #1182, #1228, #239 ) ) ;
#675 = CARTESIAN_POINT ( 'NONE',  ( -59.51800000000001489, -41.68699999999400063, 3.000000000000000000 ) ) ;
#676 = ORIENTED_EDGE ( 'NONE', *, *, #200, .F. ) ;
#677 = VECTOR ( 'NONE', #1515, 1000.000000000000000 ) ;
#678 = ORIENTED_EDGE ( 'NONE', *, *, #662, .T. ) ;
#679 = PLANE ( 'NONE',  #1064 ) ;
#680 = VECTOR ( 'NONE', #888, 1000.000000000000000 ) ;
#681 =( GEOMETRIC_REPRESENTATION_CONTEXT ( 3 ) GLOBAL_UNCERTAINTY_ASSIGNED_CONTEXT ( ( #1259 ) ) GLOBAL_UNIT_ASSIGNED_CONTEXT ( ( #687, #1707, #1338 ) ) REPRESENTATION_CONTEXT ( 'NONE', 'WORKASPACE' ) );
#682 = EDGE_CURVE ( 'NONE', #1604, #1034, #541, .T. ) ;
#683 = FACE_BOUND ( 'NONE', #1574, .T. ) ;
#684 = ORIENTED_EDGE ( 'NONE', *, *, #333, .F. ) ;
#685 = EDGE_CURVE ( 'NONE', #1599, #61, #380, .T. ) ;
#686 = VERTEX_POINT ( 'NONE', #414 ) ;
#687 =( LENGTH_UNIT ( ) NAMED_UNIT ( * ) SI_UNIT ( .MILLI., .METRE. ) );
#688 = EDGE_CURVE ( 'NONE', #176, #1604, #1444, .T. ) ;
#689 = ORIENTED_EDGE ( 'NONE', *, *, #52, .F. ) ;
#690 = CARTESIAN_POINT ( 'NONE',  ( -52.51799999999999358, -67.12800000000000011, -2.299999999999999822 ) ) ;
#691 = CARTESIAN_POINT ( 'NONE',  ( -98.01800000000000068, 3.831754944637626853E-14, -6.000000000000000000 ) ) ;
#692 = CIRCLE ( 'NONE', #904, 1.024999999999998135 ) ;
#693 = VERTEX_POINT ( 'NONE', #1611 ) ;
#694 = AXIS2_PLACEMENT_3D ( 'NONE', #1388, #732, #1250 ) ;
#695 = ORIENTED_EDGE ( 'NONE', *, *, #802, .F. ) ;
#696 = EDGE_CURVE ( 'NONE', #538, #532, #1311, .T. ) ;
#697 = SURFACE_STYLE_FILL_AREA ( #551 ) ;
#698 = FACE_OUTER_BOUND ( 'NONE', #593, .T. ) ;
#699 = DIRECTION ( 'NONE',  ( -0.000000000000000000, 0.000000000000000000, 1.000000000000000000 ) ) ;
#700 = CIRCLE ( 'NONE', #615, 2.100000000000012079 ) ;
#701 = CIRCLE ( 'NONE', #115, 1.024999999999998135 ) ;
#702 = PLANE ( 'NONE',  #1157 ) ;
#703 = CARTESIAN_POINT ( 'NONE',  ( -59.51800000000000779, -77.18699999999400063, -6.000000000000000000 ) ) ;
#704 = ORIENTED_EDGE ( 'NONE', *, *, #1575, .T. ) ;
#705 = ORIENTED_EDGE ( 'NONE', *, *, #1049, .T. ) ;
#706 = CYLINDRICAL_SURFACE ( 'NONE', #750, 1.024999999999998135 ) ;
#707 = FACE_OUTER_BOUND ( 'NONE', #130, .T. ) ;
#708 = CARTESIAN_POINT ( 'NONE',  ( -52.51800000000000779, -77.18699999999400063, 3.000000000000000000 ) ) ;
#709 = FACE_BOUND ( 'NONE', #1557, .T. ) ;
#710 = ORIENTED_EDGE ( 'NONE', *, *, #1609, .F. ) ;
#711 = CIRCLE ( 'NONE', #343, 1.024999999999998135 ) ;
#712 = FACE_OUTER_BOUND ( 'NONE', #992, .T. ) ;
#713 = ADVANCED_FACE ( 'NONE', ( #1031 ), #1331, .F. ) ;
#714 = CARTESIAN_POINT ( 'NONE',  ( -52.51799999999999358, -69.22800000000000864, -2.299999999999999378 ) ) ;
#715 = CARTESIAN_POINT ( 'NONE',  ( -59.51800000000000779, -84.18699999999400063, 3.000000000000000000 ) ) ;
#716 = CARTESIAN_POINT ( 'NONE',  ( -52.51799999999999358, -67.12800000000000011, -2.299999999999999822 ) ) ;
#717 = DIRECTION ( 'NONE',  ( 1.000000000000000000, 0.000000000000000000, 0.000000000000000000 ) ) ;
#718 = DIRECTION ( 'NONE',  ( -0.000000000000000000, 0.000000000000000000, -1.000000000000000000 ) ) ;
#719 = ORIENTED_EDGE ( 'NONE', *, *, #1218, .F. ) ;
#720 = CARTESIAN_POINT ( 'NONE',  ( -56.51800000000001489, -43.90199999999400404, -1.599999999999999867 ) ) ;
#721 = STYLED_ITEM ( 'NONE', ( #1383 ), #1273 ) ;
#722 = PLANE ( 'NONE',  #390 ) ;
#723 = LINE ( 'NONE', #328, #1276 ) ;
#724 = ADVANCED_FACE ( 'NONE', ( #407 ), #659, .F. ) ;
#725 = CARTESIAN_POINT ( 'NONE',  ( -102.0180000000000149, -61.07800000000001006, -1.575000000000016387 ) ) ;
#726 = ORIENTED_EDGE ( 'NONE', *, *, #1148, .T. ) ;
#727 = STYLED_ITEM ( 'NONE', ( #265 ), #1299 ) ;
#728 = CARTESIAN_POINT ( 'NONE',  ( -52.51800000000001489, -43.90199999999400404, -1.599999999999999867 ) ) ;
#729 =( NAMED_UNIT ( * ) SI_UNIT ( $, .STERADIAN. ) SOLID_ANGLE_UNIT ( ) );
#730 = AXIS2_PLACEMENT_3D ( 'NONE', #1257, #74, #1265 ) ;
#731 = DIRECTION ( 'NONE',  ( 1.000000000000000000, 0.000000000000000000, 0.000000000000000000 ) ) ;
#732 = DIRECTION ( 'NONE',  ( 0.000000000000000000, 0.000000000000000000, 1.000000000000000000 ) ) ;
#733 = LINE ( 'NONE', #330, #828 ) ;
#734 = ORIENTED_EDGE ( 'NONE', *, *, #754, .F. ) ;
#735 =( NAMED_UNIT ( * ) SI_UNIT ( $, .STERADIAN. ) SOLID_ANGLE_UNIT ( ) );
#736 = CARTESIAN_POINT ( 'NONE',  ( -95.01800000000000068, -77.18699999999400063, 3.000000000000000000 ) ) ;
#737 = EDGE_CURVE ( 'NONE', #1554, #538, #1620, .T. ) ;
#738 = CARTESIAN_POINT ( 'NONE',  ( -59.51800000000000779, -80.18699999999398642, 0.000000000000000000 ) ) ;
#739 = LINE ( 'NONE', #868, #924 ) ;
#740 = ORIENTED_EDGE ( 'NONE', *, *, #737, .F. ) ;
#741 = CARTESIAN_POINT ( 'NONE',  ( -59.51800000000001489, -38.68699999999399353, 0.000000000000000000 ) ) ;
#742 = CIRCLE ( 'NONE', #1464, 1.024999999999984368 ) ;
#743 = CARTESIAN_POINT ( 'NONE',  ( 0.000000000000000000, -38.68699999999399353, -6.000000000000000000 ) ) ;
#744 = CARTESIAN_POINT ( 'NONE',  ( -95.01800000000000068, -41.68699999999400063, -6.000000000000000000 ) ) ;
#745 = DIRECTION ( 'NONE',  ( 1.000000000000000000, 0.000000000000000000, 0.000000000000000000 ) ) ;
#746 = ORIENTED_EDGE ( 'NONE', *, *, #1241, .F. ) ;
#747 = CARTESIAN_POINT ( 'NONE',  ( -67.99299999999999500, -44.49699999999398869, 3.000000000000000000 ) ) ;
#748 = VECTOR ( 'NONE', #1593, 1000.000000000000000 ) ;
#749 = EDGE_LOOP ( 'NONE', ( #1538, #1371, #1025, #560 ) ) ;
#750 = AXIS2_PLACEMENT_3D ( 'NONE', #1089, #965, #1108 ) ;
#751 =( NAMED_UNIT ( * ) PLANE_ANGLE_UNIT ( ) SI_UNIT ( $, .RADIAN. ) );
#752 = ORIENTED_EDGE ( 'NONE', *, *, #1453, .F. ) ;
#753 = CARTESIAN_POINT ( 'NONE',  ( -52.51799999999999358, -73.17800000000001148, -2.600000000000000089 ) ) ;
#754 = EDGE_CURVE ( 'NONE', #538, #1554, #1047, .T. ) ;
#755 = DIRECTION ( 'NONE',  ( 1.000000000000000000, -3.909236002201255639E-16, -0.000000000000000000 ) ) ;
#756 = COLOUR_RGB ( '',1.000000000000000000, 1.000000000000000000, 1.000000000000000000 ) ;
#757 = DIRECTION ( 'NONE',  ( -1.000000000000000000, -0.000000000000000000, -0.000000000000000000 ) ) ;
#758 = CARTESIAN_POINT ( 'NONE',  ( -59.51800000000000779, -80.18699999999398642, -6.000000000000000000 ) ) ;
#759 = EDGE_LOOP ( 'NONE', ( #122, #1178 ) ) ;
#760 = DIRECTION ( 'NONE',  ( -0.000000000000000000, -0.000000000000000000, 1.000000000000000000 ) ) ;
#761 = PRODUCT_CONTEXT ( 'NONE', #1548, 'mechanical' ) ;
#762 = ORIENTED_EDGE ( 'NONE', *, *, #776, .T. ) ;
#763 = CARTESIAN_POINT ( 'NONE',  ( -59.51800000000000779, -84.18699999999400063, 3.000000000000000000 ) ) ;
#764 = VECTOR ( 'NONE', #466, 1000.000000000000000 ) ;
#765 = CARTESIAN_POINT ( 'NONE',  ( -69.01800000000000068, -44.49699999999398869, 0.000000000000000000 ) ) ;
#766 = LINE ( 'NONE', #1160, #1285 ) ;
#767 = PRESENTATION_STYLE_ASSIGNMENT (( #279 ) ) ;
#768 = ORIENTED_EDGE ( 'NONE', *, *, #1652, .F. ) ;
#769 = ORIENTED_EDGE ( 'NONE', *, *, #1520, .T. ) ;
#770 = EDGE_CURVE ( 'NONE', #1415, #290, #1512, .T. ) ;
#771 = CARTESIAN_POINT ( 'NONE',  ( -69.01800000000000068, -75.49699999999398869, 0.000000000000000000 ) ) ;
#772 = AXIS2_PLACEMENT_3D ( 'NONE', #626, #1147, #245 ) ;
#773 = AXIS2_PLACEMENT_3D ( 'NONE', #1689, #63, #1405 ) ;
#774 = DIRECTION ( 'NONE',  ( 0.000000000000000000, -0.000000000000000000, 1.000000000000000000 ) ) ;
#775 =( NAMED_UNIT ( * ) SI_UNIT ( $, .STERADIAN. ) SOLID_ANGLE_UNIT ( ) );
#776 = EDGE_CURVE ( 'NONE', #88, #264, #44, .T. ) ;
#777 = ORIENTED_EDGE ( 'NONE', *, *, #795, .F. ) ;
#778 = CARTESIAN_POINT ( 'NONE',  ( -87.99299999999999500, -75.49699999999398869, 3.000000000000000000 ) ) ;
#779 = ORIENTED_EDGE ( 'NONE', *, *, #842, .F. ) ;
#780 = AXIS2_PLACEMENT_3D ( 'NONE', #1403, #98, #1245 ) ;
#781 = VECTOR ( 'NONE', #128, 1000.000000000000000 ) ;
#782 = AXIS2_PLACEMENT_3D ( 'NONE', #62, #184, #314 ) ;
#783 = SURFACE_STYLE_USAGE ( .BOTH. , #1400 ) ;
#784 = CARTESIAN_POINT ( 'NONE',  ( -102.0180000000000149, -73.17800000000001148, -2.600000000000000089 ) ) ;
#785 = AXIS2_PLACEMENT_3D ( 'NONE', #1452, #258, #791 ) ;
#786 = ORIENTED_EDGE ( 'NONE', *, *, #1595, .T. ) ;
#787 =( GEOMETRIC_REPRESENTATION_CONTEXT ( 3 ) GLOBAL_UNCERTAINTY_ASSIGNED_CONTEXT ( ( #564 ) ) GLOBAL_UNIT_ASSIGNED_CONTEXT ( ( #185, #1135, #735 ) ) REPRESENTATION_CONTEXT ( 'NONE', 'WORKASPACE' ) );
#788 = CARTESIAN_POINT ( 'NONE',  ( -56.51800000000000779, -73.17800000000001148, -2.600000000000000089 ) ) ;
#789 = ORIENTED_EDGE ( 'NONE', *, *, #64, .F. ) ;
#790 = DIRECTION ( 'NONE',  ( 1.954618001100627820E-16, -1.000000000000000000, 0.000000000000000000 ) ) ;
#791 = DIRECTION ( 'NONE',  ( 1.000000000000000000, 0.000000000000000000, 0.000000000000000000 ) ) ;
#792 = ORIENTED_EDGE ( 'NONE', *, *, #266, .T. ) ;
#793 = DIRECTION ( 'NONE',  ( 1.000000000000000000, -3.909236002201255639E-16, -0.000000000000000000 ) ) ;
#794 = EDGE_LOOP ( 'NONE', ( #1306, #1701 ) ) ;
#795 = EDGE_CURVE ( 'NONE', #1491, #949, #1364, .T. ) ;
#796 = CARTESIAN_POINT ( 'NONE',  ( -0.000000000000000000, -52.70199999999400120, -6.000000000000000000 ) ) ;
#797 = CIRCLE ( 'NONE', #1638, 2.100000000000012079 ) ;
#798 = ORIENTED_EDGE ( 'NONE', *, *, #370, .F. ) ;
#799 = ORIENTED_EDGE ( 'NONE', *, *, #1138, .T. ) ;
#800 = ADVANCED_FACE ( 'NONE', ( #707 ), #51, .F. ) ;
#801 = CARTESIAN_POINT ( 'NONE',  ( -95.01800000000000068, -38.68699999999399353, -6.000000000000000000 ) ) ;
#802 = EDGE_CURVE ( 'NONE', #47, #1014, #298, .T. ) ;
#803 = ORIENTED_EDGE ( 'NONE', *, *, #830, .T. ) ;
#804 = FACE_OUTER_BOUND ( 'NONE', #1612, .T. ) ;
#805 = FACE_OUTER_BOUND ( 'NONE', #1097, .T. ) ;
#806 = EDGE_LOOP ( 'NONE', ( #1189, #29 ) ) ;
#807 = ORIENTED_EDGE ( 'NONE', *, *, #1607, .F. ) ;
#808 = ADVANCED_FACE ( 'NONE', ( #583 ), #845, .F. ) ;
#809 =( NAMED_UNIT ( * ) PLANE_ANGLE_UNIT ( ) SI_UNIT ( $, .RADIAN. ) );
#810 = FILL_AREA_STYLE_COLOUR ( '', #1658 ) ;
#811 = CARTESIAN_POINT ( 'NONE',  ( -90.04299999999997794, -44.49699999999398869, 3.000000000000000000 ) ) ;
#812 = ORIENTED_EDGE ( 'NONE', *, *, #34, .F. ) ;
#813 = FACE_OUTER_BOUND ( 'NONE', #674, .T. ) ;
#814 = AXIS2_PLACEMENT_3D ( 'NONE', #346, #757, #202 ) ;
#815 = LINE ( 'NONE', #18, #1110 ) ;
#816 = ORIENTED_EDGE ( 'NONE', *, *, #1308, .F. ) ;
#817 = EDGE_LOOP ( 'NONE', ( #313, #997, #497, #259 ) ) ;
#818 = ADVANCED_FACE ( 'NONE', ( #838 ), #172, .F. ) ;
#819 = CARTESIAN_POINT ( 'NONE',  ( -56.51800000000001489, -41.68699999999400063, -6.000000000000000000 ) ) ;
#820 = VERTEX_POINT ( 'NONE', #434 ) ;
#821 = EDGE_CURVE ( 'NONE', #381, #872, #723, .T. ) ;
#822 = CARTESIAN_POINT ( 'NONE',  ( -70.04299999999999216, -44.49699999999398869, 3.000000000000000000 ) ) ;
#823 = DIRECTION ( 'NONE',  ( 0.000000000000000000, 0.000000000000000000, 1.000000000000000000 ) ) ;
#824 = EDGE_LOOP ( 'NONE', ( #177, #1650, #391, #1302 ) ) ;
#825 = VECTOR ( 'NONE', #213, 1000.000000000000000 ) ;
#826 = ORIENTED_EDGE ( 'NONE', *, *, #1559, .F. ) ;
#827 = DIRECTION ( 'NONE',  ( 0.000000000000000000, 0.000000000000000000, -1.000000000000000000 ) ) ;
#828 = VECTOR ( 'NONE', #210, 1000.000000000000000 ) ;
#829 = DIRECTION ( 'NONE',  ( -0.000000000000000000, -0.000000000000000000, 1.000000000000000000 ) ) ;
#830 = EDGE_CURVE ( 'NONE', #61, #1725, #1224, .T. ) ;
#831 = PLANE ( 'NONE',  #624 ) ;
#832 = VERTEX_POINT ( 'NONE', #1109 ) ;
#833 = DIRECTION ( 'NONE',  ( -1.000000000000000000, -0.000000000000000000, -0.000000000000000000 ) ) ;
#834 = CIRCLE ( 'NONE', #620, 3.000000000000002665 ) ;
#835 = DIRECTION ( 'NONE',  ( 0.000000000000000000, -0.000000000000000000, 1.000000000000000000 ) ) ;
#836 = UNCERTAINTY_MEASURE_WITH_UNIT (LENGTH_MEASURE( 1.000000000000000082E-05 ), #1720, 'distance_accuracy_value', 'NONE');
#837 =( LENGTH_UNIT ( ) NAMED_UNIT ( * ) SI_UNIT ( .MILLI., .METRE. ) );
#838 = FACE_OUTER_BOUND ( 'NONE', #340, .T. ) ;
#839 = AXIS2_PLACEMENT_3D ( 'NONE', #1085, #1505, #300 ) ;
#840 = DIRECTION ( 'NONE',  ( -0.000000000000000000, -0.000000000000000000, -1.000000000000000000 ) ) ;
#841 = ORIENTED_EDGE ( 'NONE', *, *, #9, .F. ) ;
#842 = EDGE_CURVE ( 'NONE', #1483, #1397, #1139, .T. ) ;
#843 = DIRECTION ( 'NONE',  ( 1.000000000000000000, 0.000000000000000000, -0.000000000000000000 ) ) ;
#844 = ADVANCED_FACE ( 'NONE', ( #1522 ), #853, .F. ) ;
#845 = PLANE ( 'NONE',  #277 ) ;
#846 = CARTESIAN_POINT ( 'NONE',  ( -59.51800000000000779, -77.18699999999400063, 3.000000000000000000 ) ) ;
#847 = DIRECTION ( 'NONE',  ( -1.000000000000000000, -0.000000000000000000, -0.000000000000000000 ) ) ;
#848 = ORIENTED_EDGE ( 'NONE', *, *, #192, .F. ) ;
#849 = EDGE_LOOP ( 'NONE', ( #26, #1661, #653, #1580 ) ) ;
#850 = CARTESIAN_POINT ( 'NONE',  ( -95.01800000000000068, -80.18699999999400063, -6.000000000000000000 ) ) ;
#851 = AXIS2_PLACEMENT_3D ( 'NONE', #675, #574, #546 ) ;
#852 = CARTESIAN_POINT ( 'NONE',  ( -102.0180000000000149, -61.07800000000001006, -2.600000000000000533 ) ) ;
#853 = CYLINDRICAL_SURFACE ( 'NONE', #163, 1.024999999999984368 ) ;
#854 = DIRECTION ( 'NONE',  ( -1.000000000000000000, -0.000000000000000000, -0.000000000000000000 ) ) ;
#855 = ADVANCED_FACE ( 'NONE', ( #600 ), #1395, .T. ) ;
#856 = LINE ( 'NONE', #78, #632 ) ;
#857 = PRESENTATION_LAYER_ASSIGNMENT (  '', '', ( #1531 ) ) ;
#858 = ORIENTED_EDGE ( 'NONE', *, *, #1387, .T. ) ;
#859 = CARTESIAN_POINT ( 'NONE',  ( -52.51800000000001489, -43.90199999999400404, -1.599999999999999867 ) ) ;
#860 = DIRECTION ( 'NONE',  ( -0.000000000000000000, 0.000000000000000000, 1.000000000000000000 ) ) ;
#861 = CARTESIAN_POINT ( 'NONE',  ( -102.0180000000000149, -41.68699999999400063, 3.000000000000000000 ) ) ;
#862 =( LENGTH_UNIT ( ) NAMED_UNIT ( * ) SI_UNIT ( .MILLI., .METRE. ) );
#863 = ORIENTED_EDGE ( 'NONE', *, *, #881, .T. ) ;
#864 = LINE ( 'NONE', #454, #905 ) ;
#865 = AXIS2_PLACEMENT_3D ( 'NONE', #906, #1585, #1443 ) ;
#866 = CARTESIAN_POINT ( 'NONE',  ( -69.01800000000000068, -44.49699999999398869, 3.000000000000000000 ) ) ;
#867 = DIRECTION ( 'NONE',  ( -1.000000000000000000, 0.000000000000000000, 0.000000000000000000 ) ) ;
#868 = CARTESIAN_POINT ( 'NONE',  ( -102.0180000000000149, -61.07800000000001006, -3.624999999999984901 ) ) ;
#869 = ORIENTED_EDGE ( 'NONE', *, *, #1093, .T. ) ;
#870 = CYLINDRICAL_SURFACE ( 'NONE', #1501, 1.024999999999998135 ) ;
#871 = DIRECTION ( 'NONE',  ( 1.000000000000000000, 0.000000000000000000, 0.000000000000000000 ) ) ;
#872 = VERTEX_POINT ( 'NONE', #207 ) ;
#873 = CYLINDRICAL_SURFACE ( 'NONE', #153, 1.024999999999984368 ) ;
#874 = COLOUR_RGB ( '',1.000000000000000000, 1.000000000000000000, 1.000000000000000000 ) ;
#875 = ORIENTED_EDGE ( 'NONE', *, *, #1453, .T. ) ;
#876 = DIRECTION ( 'NONE',  ( -1.000000000000000000, -0.000000000000000000, -0.000000000000000000 ) ) ;
#877 = DIRECTION ( 'NONE',  ( 1.000000000000000000, 0.000000000000000000, 0.000000000000000000 ) ) ;
#878 = CARTESIAN_POINT ( 'NONE',  ( -67.99299999999999500, -75.49699999999398869, 3.000000000000000000 ) ) ;
#879 = CARTESIAN_POINT ( 'NONE',  ( -98.01800000000000068, 3.831754944637626853E-14, 0.000000000000000000 ) ) ;
#880 = ORIENTED_EDGE ( 'NONE', *, *, #274, .T. ) ;
#881 = EDGE_CURVE ( 'NONE', #176, #461, #834, .T. ) ;
#882 = PLANE ( 'NONE',  #638 ) ;
#883 = VECTOR ( 'NONE', #1485, 1000.000000000000000 ) ;
#884 =( NAMED_UNIT ( * ) SI_UNIT ( $, .STERADIAN. ) SOLID_ANGLE_UNIT ( ) );
#885 = ORIENTED_EDGE ( 'NONE', *, *, #795, .T. ) ;
#886 = FACE_OUTER_BOUND ( 'NONE', #824, .T. ) ;
#887 = CARTESIAN_POINT ( 'NONE',  ( -52.51800000000001489, -52.70199999999400120, -1.599999999999999867 ) ) ;
#888 = DIRECTION ( 'NONE',  ( 1.954618001100627820E-16, -1.000000000000000000, 0.000000000000000000 ) ) ;
#889 = EDGE_CURVE ( 'NONE', #475, #586, #67, .T. ) ;
#890 = EDGE_LOOP ( 'NONE', ( #1041, #1507 ) ) ;
#891 = DIRECTION ( 'NONE',  ( -1.000000000000000000, -1.954618001100627820E-16, 0.000000000000000000 ) ) ;
#892 = AXIS2_PLACEMENT_3D ( 'NONE', #150, #823, #1490 ) ;
#893 = ORIENTED_EDGE ( 'NONE', *, *, #1504, .F. ) ;
#894 = EDGE_CURVE ( 'NONE', #530, #820, #201, .T. ) ;
#895 = CARTESIAN_POINT ( 'NONE',  ( -52.51800000000001489, -52.70199999999400120, -6.000000000000000000 ) ) ;
#896 = AXIS2_PLACEMENT_3D ( 'NONE', #113, #1677, #652 ) ;
#897 = PRESENTATION_LAYER_ASSIGNMENT (  '', '', ( #1600 ) ) ;
#898 = CARTESIAN_POINT ( 'NONE',  ( -95.01800000000000068, -77.18699999999400063, -6.000000000000000000 ) ) ;
#899 = CARTESIAN_POINT ( 'NONE',  ( -102.0180000000000149, -73.17800000000001148, -3.624999999999984013 ) ) ;
#900 = EDGE_LOOP ( 'NONE', ( #1346, #1688, #1446, #980 ) ) ;
#901 = LINE ( 'NONE', #1437, #781 ) ;
#902 = ORIENTED_EDGE ( 'NONE', *, *, #333, .T. ) ;
#903 = CARTESIAN_POINT ( 'NONE',  ( -98.01800000000001489, -73.17800000000001148, -3.624999999999984013 ) ) ;
#904 = AXIS2_PLACEMENT_3D ( 'NONE', #771, #1167, #1298 ) ;
#905 = VECTOR ( 'NONE', #89, 1000.000000000000000 ) ;
#906 = CARTESIAN_POINT ( 'NONE',  ( -95.01800000000000068, -77.18699999999400063, 0.000000000000000000 ) ) ;
#907 =( NAMED_UNIT ( * ) SI_UNIT ( $, .STERADIAN. ) SOLID_ANGLE_UNIT ( ) );
#908 = EDGE_LOOP ( 'NONE', ( #902, #385, #365, #244 ) ) ;
#909 = FILL_AREA_STYLE_COLOUR ( '', #1270 ) ;
#910 = EDGE_LOOP ( 'NONE', ( #1176, #869, #1456, #1564 ) ) ;
#911 = CARTESIAN_POINT ( 'NONE',  ( -56.51800000000002200, -1.104711001862053210E-14, -6.000000000000000000 ) ) ;
#912 = PRODUCT_DEFINITION ( 'Î´Öª', '', #671, #580 ) ;
#913 = CARTESIAN_POINT ( 'NONE',  ( -69.01800000000000068, -75.49699999999398869, 0.000000000000000000 ) ) ;
#914 = PRESENTATION_LAYER_ASSIGNMENT (  '', '', ( #1361 ) ) ;
#915 = DIRECTION ( 'NONE',  ( 1.000000000000000000, 0.000000000000000000, 0.000000000000000000 ) ) ;
#916 = EDGE_LOOP ( 'NONE', ( #211, #142, #221, #20 ) ) ;
#917 =( GEOMETRIC_REPRESENTATION_CONTEXT ( 3 ) GLOBAL_UNCERTAINTY_ASSIGNED_CONTEXT ( ( #1521 ) ) GLOBAL_UNIT_ASSIGNED_CONTEXT ( ( #1128, #1543, #1675 ) ) REPRESENTATION_CONTEXT ( 'NONE', 'WORKASPACE' ) );
#918 = EDGE_CURVE ( 'NONE', #872, #159, #395, .T. ) ;
#919 = FILL_AREA_STYLE ('',( #909 ) ) ;
#920 = ORIENTED_EDGE ( 'NONE', *, *, #1558, .F. ) ;
#921 = AXIS2_PLACEMENT_3D ( 'NONE', #784, #1310, #658 ) ;
#922 = PRESENTATION_STYLE_ASSIGNMENT (( #120 ) ) ;
#923 = ORIENTED_EDGE ( 'NONE', *, *, #1241, .T. ) ;
#924 = VECTOR ( 'NONE', #1660, 1000.000000000000000 ) ;
#925 = ORIENTED_EDGE ( 'NONE', *, *, #280, .T. ) ;
#926 = EDGE_CURVE ( 'NONE', #1725, #1144, #84, .T. ) ;
#927 = EDGE_CURVE ( 'NONE', #1165, #832, #149, .T. ) ;
#928 = SURFACE_STYLE_USAGE ( .BOTH. , #288 ) ;
#929 = FILL_AREA_STYLE_COLOUR ( '', #1680 ) ;
#930 = AXIS2_PLACEMENT_3D ( 'NONE', #1264, #1174, #1149 ) ;
#931 = ORIENTED_EDGE ( 'NONE', *, *, #613, .T. ) ;
#932 = CARTESIAN_POINT ( 'NONE',  ( -56.51800000000000779, -67.12800000000000011, -2.299999999999999822 ) ) ;
#933 = VERTEX_POINT ( 'NONE', #1480 ) ;
#934 = APPLICATION_CONTEXT ( 'automotive_design' ) ;
#935 = FACE_OUTER_BOUND ( 'NONE', #950, .T. ) ;
#936 = CIRCLE ( 'NONE', #1072, 7.000000000000006217 ) ;
#937 = DIRECTION ( 'NONE',  ( -1.000000000000000000, -0.000000000000000000, -0.000000000000000000 ) ) ;
#938 = VERTEX_POINT ( 'NONE', #283 ) ;
#939 = CARTESIAN_POINT ( 'NONE',  ( -102.0180000000000149, -73.17800000000001148, -1.575000000000015721 ) ) ;
#940 = DIRECTION ( 'NONE',  ( 1.000000000000000000, 0.000000000000000000, 0.000000000000000000 ) ) ;
#941 = EDGE_CURVE ( 'NONE', #1587, #988, #90, .T. ) ;
#942 = ORIENTED_EDGE ( 'NONE', *, *, #182, .F. ) ;
#943 = ORIENTED_EDGE ( 'NONE', *, *, #1703, .F. ) ;
#944 = DIRECTION ( 'NONE',  ( 1.000000000000000000, 0.000000000000000000, 0.000000000000000000 ) ) ;
#945 = ADVANCED_FACE ( 'NONE', ( #1084 ), #1226, .T. ) ;
#946 = ORIENTED_EDGE ( 'NONE', *, *, #926, .F. ) ;
#947 = DIRECTION ( 'NONE',  ( 1.000000000000000000, 0.000000000000000000, 0.000000000000000000 ) ) ;
#948 = FACE_BOUND ( 'NONE', #1075, .T. ) ;
#949 = VERTEX_POINT ( 'NONE', #708 ) ;
#950 = EDGE_LOOP ( 'NONE', ( #100, #740, #1155, #431 ) ) ;
#951 =( NAMED_UNIT ( * ) PLANE_ANGLE_UNIT ( ) SI_UNIT ( $, .RADIAN. ) );
#952 = UNCERTAINTY_MEASURE_WITH_UNIT (LENGTH_MEASURE( 1.000000000000000082E-05 ), #1021, 'distance_accuracy_value', 'NONE');
#953 = ADVANCED_FACE ( 'NONE', ( #299 ), #435, .F. ) ;
#954 = CARTESIAN_POINT ( 'NONE',  ( -89.01799999999998647, -75.49699999999398869, 3.000000000000000000 ) ) ;
#955 =( NAMED_UNIT ( * ) SI_UNIT ( $, .STERADIAN. ) SOLID_ANGLE_UNIT ( ) );
#956 = ORIENTED_EDGE ( 'NONE', *, *, #1478, .F. ) ;
#957 = DIRECTION ( 'NONE',  ( -3.909236002201255639E-16, -1.000000000000000000, 0.000000000000000000 ) ) ;
#958 = DIRECTION ( 'NONE',  ( 1.000000000000000000, 4.081702296416017476E-16, -0.000000000000000000 ) ) ;
#959 = DIRECTION ( 'NONE',  ( 1.000000000000000000, 0.000000000000000000, 0.000000000000000000 ) ) ;
#960 = CARTESIAN_POINT ( 'NONE',  ( -98.01800000000001489, -41.68699999999400063, -6.000000000000000000 ) ) ;
#961 = ORIENTED_EDGE ( 'NONE', *, *, #463, .T. ) ;
#962 = DIRECTION ( 'NONE',  ( 0.000000000000000000, 0.000000000000000000, 1.000000000000000000 ) ) ;
#963 = EDGE_CURVE ( 'NONE', #518, #437, #441, .T. ) ;
#964 = MECHANICAL_DESIGN_GEOMETRIC_PRESENTATION_REPRESENTATION (  '', ( #4 ), #917 ) ;
#965 = DIRECTION ( 'NONE',  ( -0.000000000000000000, -0.000000000000000000, 1.000000000000000000 ) ) ;
#966 = UNCERTAINTY_MEASURE_WITH_UNIT (LENGTH_MEASURE( 1.000000000000000082E-05 ), #342, 'distance_accuracy_value', 'NONE');
#967 = DIRECTION ( 'NONE',  ( 0.000000000000000000, 1.000000000000000000, 0.000000000000000000 ) ) ;
#968 = CARTESIAN_POINT ( 'NONE',  ( -90.04299999999997794, -75.49699999999398869, 3.000000000000000000 ) ) ;
#969 = ORIENTED_EDGE ( 'NONE', *, *, #802, .T. ) ;
#970 = EDGE_LOOP ( 'NONE', ( #689, #303, #1698, #1221 ) ) ;
#971 = VECTOR ( 'NONE', #355, 1000.000000000000000 ) ;
#972 = AXIS2_PLACEMENT_3D ( 'NONE', #23, #1195, #944 ) ;
#973 = SURFACE_STYLE_USAGE ( .BOTH. , #1001 ) ;
#974 = CARTESIAN_POINT ( 'NONE',  ( -102.0180000000000149, -77.18699999999400063, 3.000000000000000000 ) ) ;
#975 = ADVANCED_FACE ( 'NONE', ( #813 ), #38, .T. ) ;
#976 = ADVANCED_FACE ( 'NONE', ( #804 ), #45, .F. ) ;
#977 = DIRECTION ( 'NONE',  ( -0.000000000000000000, -0.000000000000000000, 1.000000000000000000 ) ) ;
#978 = CARTESIAN_POINT ( 'NONE',  ( -95.01800000000000068, -77.18699999999400063, -6.000000000000000000 ) ) ;
#979 = CARTESIAN_POINT ( 'NONE',  ( -89.01799999999998647, -75.49699999999398869, 3.000000000000000000 ) ) ;
#980 = ORIENTED_EDGE ( 'NONE', *, *, #182, .T. ) ;
#981 = EDGE_CURVE ( 'NONE', #1381, #394, #410, .T. ) ;
#982 = DIRECTION ( 'NONE',  ( 0.000000000000000000, 0.000000000000000000, 1.000000000000000000 ) ) ;
#983 = AXIS2_PLACEMENT_3D ( 'NONE', #215, #1003, #1263 ) ;
#984 = CIRCLE ( 'NONE', #327, 1.024999999999984368 ) ;
#985 = FILL_AREA_STYLE_COLOUR ( '', #1327 ) ;
#986 = DIRECTION ( 'NONE',  ( 1.000000000000000000, 3.909236002201255639E-16, 0.000000000000000000 ) ) ;
#987 = UNCERTAINTY_MEASURE_WITH_UNIT (LENGTH_MEASURE( 1.000000000000000082E-05 ), #3, 'distance_accuracy_value', 'NONE');
#988 = VERTEX_POINT ( 'NONE', #409 ) ;
#989 = LINE ( 'NONE', #899, #971 ) ;
#990 = CIRCLE ( 'NONE', #780, 1.024999999999984368 ) ;
#991 =( NAMED_UNIT ( * ) SI_UNIT ( $, .STERADIAN. ) SOLID_ANGLE_UNIT ( ) );
#992 = EDGE_LOOP ( 'NONE', ( #1479, #769, #799, #147, #1000, #1578, #183, #357 ) ) ;
#993 = DIRECTION ( 'NONE',  ( -1.000000000000000000, 0.000000000000000000, 0.000000000000000000 ) ) ;
#994 = PRESENTATION_STYLE_ASSIGNMENT (( #186 ) ) ;
#995 = FILL_AREA_STYLE ('',( #1693 ) ) ;
#996 = PRESENTATION_LAYER_ASSIGNMENT (  '', '', ( #1506 ) ) ;
#997 = ORIENTED_EDGE ( 'NONE', *, *, #1575, .F. ) ;
#998 = DIRECTION ( 'NONE',  ( 0.000000000000000000, -1.000000000000000000, 0.000000000000000000 ) ) ;
#999 = SURFACE_STYLE_FILL_AREA ( #1553 ) ;
#1000 = ORIENTED_EDGE ( 'NONE', *, *, #345, .F. ) ;
#1001 = SURFACE_SIDE_STYLE ('',( #1398 ) ) ;
#1002 = VECTOR ( 'NONE', #321, 1000.000000000000000 ) ;
#1003 = DIRECTION ( 'NONE',  ( -1.000000000000000000, -0.000000000000000000, -0.000000000000000000 ) ) ;
#1004 = DIRECTION ( 'NONE',  ( 1.000000000000000000, 4.081702296416016983E-16, -0.000000000000000000 ) ) ;
#1005 = DIRECTION ( 'NONE',  ( -1.000000000000000000, -0.000000000000000000, -0.000000000000000000 ) ) ;
#1006 = ADVANCED_FACE ( 'NONE', ( #140 ), #679, .F. ) ;
#1007 = CARTESIAN_POINT ( 'NONE',  ( -95.01800000000000068, -41.68699999999400063, 3.000000000000000000 ) ) ;
#1008 = VERTEX_POINT ( 'NONE', #1076 ) ;
#1009 = DIRECTION ( 'NONE',  ( -1.000000000000000000, -1.954618001100627820E-16, 0.000000000000000000 ) ) ;
#1010 = EDGE_LOOP ( 'NONE', ( #1325, #1184 ) ) ;
#1011 = CARTESIAN_POINT ( 'NONE',  ( -102.0180000000000149, -61.07800000000001006, -2.600000000000000533 ) ) ;
#1012 = AXIS2_PLACEMENT_3D ( 'NONE', #978, #1524, #329 ) ;
#1013 = CARTESIAN_POINT ( 'NONE',  ( -98.01800000000001489, -61.07800000000001006, -2.600000000000000533 ) ) ;
#1014 = VERTEX_POINT ( 'NONE', #1343 ) ;
#1015 = DIRECTION ( 'NONE',  ( 0.000000000000000000, 1.000000000000000000, 0.000000000000000000 ) ) ;
#1016 = DIRECTION ( 'NONE',  ( -3.909236002201255639E-16, -1.000000000000000000, 0.000000000000000000 ) ) ;
#1017 = ORIENTED_EDGE ( 'NONE', *, *, #1271, .T. ) ;
#1018 = CARTESIAN_POINT ( 'NONE',  ( -98.01800000000001489, -77.18699999999400063, 0.000000000000000000 ) ) ;
#1019 = EDGE_CURVE ( 'NONE', #1397, #1483, #1465, .T. ) ;
#1020 = ORIENTED_EDGE ( 'NONE', *, *, #1445, .T. ) ;
#1021 =( LENGTH_UNIT ( ) NAMED_UNIT ( * ) SI_UNIT ( .MILLI., .METRE. ) );
#1022 = DIRECTION ( 'NONE',  ( 0.000000000000000000, 1.000000000000000000, 0.000000000000000000 ) ) ;
#1023 = DIRECTION ( 'NONE',  ( 1.000000000000000000, 4.081702296416016983E-16, -0.000000000000000000 ) ) ;
#1024 = PRESENTATION_STYLE_ASSIGNMENT (( #106 ) ) ;
#1025 = ORIENTED_EDGE ( 'NONE', *, *, #1626, .T. ) ;
#1026 = CARTESIAN_POINT ( 'NONE',  ( 0.000000000000000000, -38.68699999999399353, -6.000000000000000000 ) ) ;
#1027 = ORIENTED_EDGE ( 'NONE', *, *, #770, .T. ) ;
#1028 = CARTESIAN_POINT ( 'NONE',  ( -52.51799999999999358, -65.02800000000000580, -2.299999999999999822 ) ) ;
#1029 = VECTOR ( 'NONE', #1258, 1000.000000000000000 ) ;
#1030 = DIRECTION ( 'NONE',  ( -1.000000000000000000, -0.000000000000000000, -0.000000000000000000 ) ) ;
#1031 = FACE_OUTER_BOUND ( 'NONE', #916, .T. ) ;
#1032 = ORIENTED_EDGE ( 'NONE', *, *, #370, .T. ) ;
#1033 = SURFACE_STYLE_USAGE ( .BOTH. , #1172 ) ;
#1034 = VERTEX_POINT ( 'NONE', #17 ) ;
#1035 = EDGE_CURVE ( 'NONE', #264, #670, #154, .T. ) ;
#1036 = DIRECTION ( 'NONE',  ( -1.000000000000000000, 3.909236002201255639E-16, 0.000000000000000000 ) ) ;
#1037 = CIRCLE ( 'NONE', #772, 7.000000000000006217 ) ;
#1038 = DIRECTION ( 'NONE',  ( 1.000000000000000000, 0.000000000000000000, 0.000000000000000000 ) ) ;
#1039 = ORIENTED_EDGE ( 'NONE', *, *, #180, .F. ) ;
#1040 = CARTESIAN_POINT ( 'NONE',  ( -69.01800000000000068, -44.49699999999398869, 3.000000000000000000 ) ) ;
#1041 = ORIENTED_EDGE ( 'NONE', *, *, #1277, .F. ) ;
#1042 = COLOUR_RGB ( '',1.000000000000000000, 1.000000000000000000, 1.000000000000000000 ) ;
#1043 = CARTESIAN_POINT ( 'NONE',  ( -102.0180000000000149, -73.17800000000001148, -3.624999999999984013 ) ) ;
#1044 = AXIS2_PLACEMENT_3D ( 'NONE', #445, #167, #1508 ) ;
#1045 = DIRECTION ( 'NONE',  ( -0.000000000000000000, -0.000000000000000000, 1.000000000000000000 ) ) ;
#1046 = VERTEX_POINT ( 'NONE', #418 ) ;
#1047 = CIRCLE ( 'NONE', #194, 1.024999999999998135 ) ;
#1048 = SURFACE_SIDE_STYLE ('',( #402 ) ) ;
#1049 = EDGE_CURVE ( 'NONE', #686, #1171, #1057, .T. ) ;
#1050 = ORIENTED_EDGE ( 'NONE', *, *, #1277, .T. ) ;
#1051 =( GEOMETRIC_REPRESENTATION_CONTEXT ( 3 ) GLOBAL_UNCERTAINTY_ASSIGNED_CONTEXT ( ( #347 ) ) GLOBAL_UNIT_ASSIGNED_CONTEXT ( ( #1511, #1493, #955 ) ) REPRESENTATION_CONTEXT ( 'NONE', 'WORKASPACE' ) );
#1052 = CARTESIAN_POINT ( 'NONE',  ( -52.51799999999999358, -61.07800000000001006, -3.624999999999984901 ) ) ;
#1053 = DIRECTION ( 'NONE',  ( -1.000000000000000000, -0.000000000000000000, -0.000000000000000000 ) ) ;
#1054 = AXIS2_PLACEMENT_3D ( 'NONE', #672, #1053, #364 ) ;
#1055 = FILL_AREA_STYLE ('',( #399 ) ) ;
#1056 = ORIENTED_EDGE ( 'NONE', *, *, #1118, .T. ) ;
#1057 = LINE ( 'NONE', #1624, #465 ) ;
#1058 = ORIENTED_EDGE ( 'NONE', *, *, #345, .T. ) ;
#1059 = CARTESIAN_POINT ( 'NONE',  ( -56.51800000000000779, -77.18699999999400063, -6.000000000000000000 ) ) ;
#1060 = CARTESIAN_POINT ( 'NONE',  ( -92.07830303803298477, -67.12800000000000011, -4.700000000000012612 ) ) ;
#1061 = ADVANCED_FACE ( 'NONE', ( #158, #1605, #1094, #291 ), #702, .T. ) ;
#1062 = CARTESIAN_POINT ( 'NONE',  ( -102.0180000000000149, -73.17800000000001148, -2.600000000000000089 ) ) ;
#1063 = VECTOR ( 'NONE', #618, 1000.000000000000000 ) ;
#1064 = AXIS2_PLACEMENT_3D ( 'NONE', #1208, #566, #558 ) ;
#1065 = ORIENTED_EDGE ( 'NONE', *, *, #582, .T. ) ;
#1066 = DIRECTION ( 'NONE',  ( -0.000000000000000000, 0.000000000000000000, 1.000000000000000000 ) ) ;
#1067 = CARTESIAN_POINT ( 'NONE',  ( -102.0180000000000149, -41.68699999999400063, -6.000000000000000000 ) ) ;
#1068 = EDGE_LOOP ( 'NONE', ( #625, #70, #421, #1017 ) ) ;
#1069 = ORIENTED_EDGE ( 'NONE', *, *, #304, .T. ) ;
#1070 = EDGE_CURVE ( 'NONE', #693, #1246, #1378, .T. ) ;
#1071 = DIRECTION ( 'NONE',  ( 0.000000000000000000, -1.000000000000000000, 0.000000000000000000 ) ) ;
#1072 = AXIS2_PLACEMENT_3D ( 'NONE', #1007, #962, #1561 ) ;
#1073 = CARTESIAN_POINT ( 'NONE',  ( -62.45769696196701659, -67.12800000000000011, -2.299999999999999822 ) ) ;
#1074 = VECTOR ( 'NONE', #528, 1000.000000000000000 ) ;
#1075 = EDGE_LOOP ( 'NONE', ( #1252, #124 ) ) ;
#1076 = CARTESIAN_POINT ( 'NONE',  ( -95.01800000000000068, -34.68699999999400063, 3.000000000000000000 ) ) ;
#1077 = LINE ( 'NONE', #54, #677 ) ;
#1078 = ORIENTED_EDGE ( 'NONE', *, *, #589, .T. ) ;
#1079 = EDGE_LOOP ( 'NONE', ( #657, #214, #1642, #271 ) ) ;
#1080 = SURFACE_SIDE_STYLE ('',( #1223 ) ) ;
#1081 = DIRECTION ( 'NONE',  ( -0.000000000000000000, -0.000000000000000000, -1.000000000000000000 ) ) ;
#1082 = PRODUCT ( 'µ×¿Ç', 'µ×¿Ç', '', ( #761 ) ) ;
#1083 = VECTOR ( 'NONE', #1030, 1000.000000000000000 ) ;
#1084 = FACE_OUTER_BOUND ( 'NONE', #1623, .T. ) ;
#1085 = CARTESIAN_POINT ( 'NONE',  ( -59.51800000000001489, -41.68699999999400063, -6.000000000000000000 ) ) ;
#1086 = ORIENTED_EDGE ( 'NONE', *, *, #589, .F. ) ;
#1087 = ORIENTED_EDGE ( 'NONE', *, *, #412, .T. ) ;
#1088 = EDGE_CURVE ( 'NONE', #197, #159, #1514, .T. ) ;
#1089 = CARTESIAN_POINT ( 'NONE',  ( -89.01799999999998647, -75.49699999999398869, 3.000000000000000000 ) ) ;
#1090 = UNCERTAINTY_MEASURE_WITH_UNIT (LENGTH_MEASURE( 1.000000000000000082E-05 ), #137, 'distance_accuracy_value', 'NONE');
#1091 =( NAMED_UNIT ( * ) SI_UNIT ( $, .STERADIAN. ) SOLID_ANGLE_UNIT ( ) );
#1092 = SURFACE_SIDE_STYLE ('',( #1502 ) ) ;
#1093 = EDGE_CURVE ( 'NONE', #603, #394, #1235, .T. ) ;
#1094 = FACE_BOUND ( 'NONE', #1296, .T. ) ;
#1095 = PRESENTATION_LAYER_ASSIGNMENT (  '', '', ( #721 ) ) ;
#1096 = DIRECTION ( 'NONE',  ( 1.000000000000000000, 0.000000000000000000, -0.000000000000000000 ) ) ;
#1097 = EDGE_LOOP ( 'NONE', ( #1058, #946, #576, #555 ) ) ;
#1098 = ORIENTED_EDGE ( 'NONE', *, *, #927, .F. ) ;
#1099 = SURFACE_STYLE_USAGE ( .BOTH. , #161 ) ;
#1100 = PRESENTATION_STYLE_ASSIGNMENT (( #1376 ) ) ;
#1101 = CARTESIAN_POINT ( 'NONE',  ( -56.51800000000000779, -77.18699999999400063, 0.000000000000000000 ) ) ;
#1102 = DIRECTION ( 'NONE',  ( -1.000000000000000000, 3.909236002201255639E-16, 0.000000000000000000 ) ) ;
#1103 = CIRCLE ( 'NONE', #1044, 1.024999999999984368 ) ;
#1104 = ORIENTED_EDGE ( 'NONE', *, *, #1559, .T. ) ;
#1105 = VERTEX_POINT ( 'NONE', #1119 ) ;
#1106 = ADVANCED_FACE ( 'NONE', ( #1111 ), #450, .T. ) ;
#1107 = EDGE_CURVE ( 'NONE', #255, #586, #1667, .T. ) ;
#1108 = DIRECTION ( 'NONE',  ( 1.000000000000000000, 0.000000000000000000, 0.000000000000000000 ) ) ;
#1109 = CARTESIAN_POINT ( 'NONE',  ( -102.0180000000000149, -73.17800000000001148, -1.575000000000015721 ) ) ;
#1110 = VECTOR ( 'NONE', #940, 1000.000000000000000 ) ;
#1111 = FACE_OUTER_BOUND ( 'NONE', #1628, .T. ) ;
#1112 = SURFACE_STYLE_USAGE ( .BOTH. , #1546 ) ;
#1113 = EDGE_LOOP ( 'NONE', ( #1065, #1173, #1161, #1516 ) ) ;
#1114 = AXIS2_PLACEMENT_3D ( 'NONE', #46, #1096, #718 ) ;
#1115 = FACE_BOUND ( 'NONE', #1318, .T. ) ;
#1116 = FACE_OUTER_BOUND ( 'NONE', #481, .T. ) ;
#1117 = DIRECTION ( 'NONE',  ( 1.000000000000000000, 3.909236002201255639E-16, 0.000000000000000000 ) ) ;
#1118 = EDGE_CURVE ( 'NONE', #127, #47, #1648, .T. ) ;
#1119 = CARTESIAN_POINT ( 'NONE',  ( -98.01800000000001489, -67.12800000000000011, -4.700000000000012612 ) ) ;
#1120 = LINE ( 'NONE', #1143, #1002 ) ;
#1121 = ORIENTED_EDGE ( 'NONE', *, *, #770, .F. ) ;
#1122 = PRESENTATION_LAYER_ASSIGNMENT (  '', '', ( #1206 ) ) ;
#1123 = VECTOR ( 'NONE', #80, 1000.000000000000000 ) ;
#1124 = SURFACE_SIDE_STYLE ('',( #1663 ) ) ;
#1125 = CARTESIAN_POINT ( 'NONE',  ( -95.01800000000000068, -34.68699999999400063, -6.000000000000000000 ) ) ;
#1126 = EDGE_CURVE ( 'NONE', #1312, #1462, #195, .T. ) ;
#1127 = UNCERTAINTY_MEASURE_WITH_UNIT (LENGTH_MEASURE( 1.000000000000000082E-05 ), #179, 'distance_accuracy_value', 'NONE');
#1128 =( LENGTH_UNIT ( ) NAMED_UNIT ( * ) SI_UNIT ( .MILLI., .METRE. ) );
#1129 = PRESENTATION_STYLE_ASSIGNMENT (( #1301 ) ) ;
#1130 = MECHANICAL_DESIGN_GEOMETRIC_PRESENTATION_REPRESENTATION (  '', ( #1673 ), #1213 ) ;
#1131 = CARTESIAN_POINT ( 'NONE',  ( -52.51800000000001489, -43.90199999999400404, -6.000000000000000000 ) ) ;
#1132 = AXIS2_PLACEMENT_3D ( 'NONE', #1212, #1036, #386 ) ;
#1133 = ORIENTED_EDGE ( 'NONE', *, *, #266, .F. ) ;
#1134 = COLOUR_RGB ( '',1.000000000000000000, 1.000000000000000000, 1.000000000000000000 ) ;
#1135 =( NAMED_UNIT ( * ) PLANE_ANGLE_UNIT ( ) SI_UNIT ( $, .RADIAN. ) );
#1136 =( LENGTH_UNIT ( ) NAMED_UNIT ( * ) SI_UNIT ( .MILLI., .METRE. ) );
#1137 = PRESENTATION_LAYER_ASSIGNMENT (  '', '', ( #1449 ) ) ;
#1138 = EDGE_CURVE ( 'NONE', #1462, #1471, #1582, .T. ) ;
#1139 = CIRCLE ( 'NONE', #1168, 2.100000000000004530 ) ;
#1140 = DIRECTION ( 'NONE',  ( 0.000000000000000000, -1.000000000000000000, 0.000000000000000000 ) ) ;
#1141 = AXIS2_PLACEMENT_3D ( 'NONE', #703, #429, #436 ) ;
#1142 = LINE ( 'NONE', #640, #680 ) ;
#1143 = CARTESIAN_POINT ( 'NONE',  ( -70.04299999999999216, -75.49699999999398869, 3.000000000000000000 ) ) ;
#1144 = VERTEX_POINT ( 'NONE', #1101 ) ;
#1145 = FACE_OUTER_BOUND ( 'NONE', #415, .T. ) ;
#1146 = ORIENTED_EDGE ( 'NONE', *, *, #1049, .F. ) ;
#1147 = DIRECTION ( 'NONE',  ( -0.000000000000000000, -0.000000000000000000, -1.000000000000000000 ) ) ;
#1148 = EDGE_CURVE ( 'NONE', #1681, #1207, #353, .T. ) ;
#1149 = DIRECTION ( 'NONE',  ( 1.000000000000000000, 0.000000000000000000, 0.000000000000000000 ) ) ;
#1150 = CIRCLE ( 'NONE', #1225, 1.024999999999984368 ) ;
#1151 = DIRECTION ( 'NONE',  ( 1.000000000000000000, 0.000000000000000000, 0.000000000000000000 ) ) ;
#1152 = EDGE_CURVE ( 'NONE', #19, #603, #77, .T. ) ;
#1153 = CARTESIAN_POINT ( 'NONE',  ( -59.51800000000000779, -77.18699999999400063, -6.000000000000000000 ) ) ;
#1154 = ORIENTED_EDGE ( 'NONE', *, *, #1292, .T. ) ;
#1155 = ORIENTED_EDGE ( 'NONE', *, *, #1199, .T. ) ;
#1156 = CIRCLE ( 'NONE', #1440, 2.999999999999995559 ) ;
#1157 = AXIS2_PLACEMENT_3D ( 'NONE', #1362, #164, #7 ) ;
#1158 = CARTESIAN_POINT ( 'NONE',  ( -52.51800000000002200, -1.026526281818028186E-14, -6.000000000000000000 ) ) ;
#1159 = FACE_OUTER_BOUND ( 'NONE', #1454, .T. ) ;
#1160 = CARTESIAN_POINT ( 'NONE',  ( -62.45769696196701659, -69.22800000000000864, -2.299999999999999378 ) ) ;
#1161 = ORIENTED_EDGE ( 'NONE', *, *, #1445, .F. ) ;
#1162 = DIRECTION ( 'NONE',  ( -0.000000000000000000, -0.000000000000000000, 1.000000000000000000 ) ) ;
#1163 = VECTOR ( 'NONE', #986, 1000.000000000000000 ) ;
#1164 = VECTOR ( 'NONE', #957, 1000.000000000000000 ) ;
#1165 = VERTEX_POINT ( 'NONE', #324 ) ;
#1166 = EDGE_CURVE ( 'NONE', #568, #1541, #549, .T. ) ;
#1167 = DIRECTION ( 'NONE',  ( 0.000000000000000000, 0.000000000000000000, 1.000000000000000000 ) ) ;
#1168 = AXIS2_PLACEMENT_3D ( 'NONE', #716, #1205, #967 ) ;
#1169 = DIRECTION ( 'NONE',  ( 1.000000000000000000, 0.000000000000000000, 0.000000000000000000 ) ) ;
#1170 = LINE ( 'NONE', #1290, #764 ) ;
#1171 = VERTEX_POINT ( 'NONE', #358 ) ;
#1172 = SURFACE_SIDE_STYLE ('',( #669 ) ) ;
#1173 = ORIENTED_EDGE ( 'NONE', *, *, #617, .T. ) ;
#1174 = DIRECTION ( 'NONE',  ( 0.000000000000000000, 0.000000000000000000, 1.000000000000000000 ) ) ;
#1175 = CARTESIAN_POINT ( 'NONE',  ( -98.01800000000001489, -61.07800000000001006, -1.575000000000016387 ) ) ;
#1176 = ORIENTED_EDGE ( 'NONE', *, *, #463, .F. ) ;
#1177 = DIRECTION ( 'NONE',  ( -0.000000000000000000, -0.000000000000000000, 1.000000000000000000 ) ) ;
#1178 = ORIENTED_EDGE ( 'NONE', *, *, #754, .T. ) ;
#1179 = DIRECTION ( 'NONE',  ( 0.000000000000000000, 0.000000000000000000, 1.000000000000000000 ) ) ;
#1180 =( GEOMETRIC_REPRESENTATION_CONTEXT ( 3 ) GLOBAL_UNCERTAINTY_ASSIGNED_CONTEXT ( ( #966 ) ) GLOBAL_UNIT_ASSIGNED_CONTEXT ( ( #342, #751, #1549 ) ) REPRESENTATION_CONTEXT ( 'NONE', 'WORKASPACE' ) );
#1181 =( NAMED_UNIT ( * ) SI_UNIT ( $, .STERADIAN. ) SOLID_ANGLE_UNIT ( ) );
#1182 = ORIENTED_EDGE ( 'NONE', *, *, #509, .F. ) ;
#1183 = LINE ( 'NONE', #109, #1472 ) ;
#1184 = ORIENTED_EDGE ( 'NONE', *, *, #1626, .F. ) ;
#1185 = AXIS2_PLACEMENT_3D ( 'NONE', #1499, #306, #835 ) ;
#1186 = EDGE_CURVE ( 'NONE', #1008, #1469, #864, .T. ) ;
#1187 =( NAMED_UNIT ( * ) PLANE_ANGLE_UNIT ( ) SI_UNIT ( $, .RADIAN. ) );
#1188 =( LENGTH_UNIT ( ) NAMED_UNIT ( * ) SI_UNIT ( .MILLI., .METRE. ) );
#1189 = ORIENTED_EDGE ( 'NONE', *, *, #42, .T. ) ;
#1190 = VECTOR ( 'NONE', #193, 1000.000000000000000 ) ;
#1191 = DIRECTION ( 'NONE',  ( 1.000000000000000000, 4.081702296416017476E-16, 0.000000000000000000 ) ) ;
#1192 = VERTEX_POINT ( 'NONE', #1556 ) ;
#1193 = AXIS2_PLACEMENT_3D ( 'NONE', #572, #1636, #307 ) ;
#1194 = CYLINDRICAL_SURFACE ( 'NONE', #645, 3.000000000000002665 ) ;
#1195 = DIRECTION ( 'NONE',  ( -0.000000000000000000, -0.000000000000000000, 1.000000000000000000 ) ) ;
#1196 = VECTOR ( 'NONE', #1610, 1000.000000000000000 ) ;
#1197 = SURFACE_SIDE_STYLE ('',( #15 ) ) ;
#1198 = ORIENTED_EDGE ( 'NONE', *, *, #280, .F. ) ;
#1199 = EDGE_CURVE ( 'NONE', #1554, #1046, #492, .T. ) ;
#1200 = DIRECTION ( 'NONE',  ( 0.000000000000000000, 1.000000000000000000, 0.000000000000000000 ) ) ;
#1201 = CARTESIAN_POINT ( 'NONE',  ( -70.04299999999999216, -44.49699999999398869, 3.000000000000000000 ) ) ;
#1202 = EDGE_LOOP ( 'NONE', ( #252, #285 ) ) ;
#1203 = EDGE_LOOP ( 'NONE', ( #1404, #622, #262, #923 ) ) ;
#1204 = SURFACE_STYLE_USAGE ( .BOTH. , #1458 ) ;
#1205 = DIRECTION ( 'NONE',  ( 1.000000000000000000, 4.081702296416017476E-16, 0.000000000000000000 ) ) ;
#1206 = STYLED_ITEM ( 'NONE', ( #1694 ), #1597 ) ;
#1207 = VERTEX_POINT ( 'NONE', #850 ) ;
#1208 = CARTESIAN_POINT ( 'NONE',  ( -95.01800000000000068, -84.18699999999400063, 3.000000000000000000 ) ) ;
#1209 = DIRECTION ( 'NONE',  ( -0.000000000000000000, -0.000000000000000000, -1.000000000000000000 ) ) ;
#1210 = EDGE_LOOP ( 'NONE', ( #1326, #268 ) ) ;
#1211 = ORIENTED_EDGE ( 'NONE', *, *, #1710, .F. ) ;
#1212 = CARTESIAN_POINT ( 'NONE',  ( -98.01800000000001489, -73.17800000000001148, -2.600000000000000089 ) ) ;
#1213 =( GEOMETRIC_REPRESENTATION_CONTEXT ( 3 ) GLOBAL_UNCERTAINTY_ASSIGNED_CONTEXT ( ( #1402 ) ) GLOBAL_UNIT_ASSIGNED_CONTEXT ( ( #862, #1526, #991 ) ) REPRESENTATION_CONTEXT ( 'NONE', 'WORKASPACE' ) );
#1214 = VECTOR ( 'NONE', #790, 1000.000000000000000 ) ;
#1215 = AXIS2_PLACEMENT_3D ( 'NONE', #1455, #134, #253 ) ;
#1216 = DIRECTION ( 'NONE',  ( 1.000000000000000000, 0.000000000000000000, 0.000000000000000000 ) ) ;
#1217 = DIRECTION ( 'NONE',  ( -1.000000000000000000, -0.000000000000000000, -0.000000000000000000 ) ) ;
#1218 = EDGE_CURVE ( 'NONE', #693, #203, #1608, .T. ) ;
#1219 = CARTESIAN_POINT ( 'NONE',  ( -59.51800000000001489, -41.68699999999400063, -6.000000000000000000 ) ) ;
#1220 = VECTOR ( 'NONE', #827, 1000.000000000000000 ) ;
#1221 = ORIENTED_EDGE ( 'NONE', *, *, #1253, .F. ) ;
#1222 = ORIENTED_EDGE ( 'NONE', *, *, #1637, .F. ) ;
#1223 = SURFACE_STYLE_FILL_AREA ( #1256 ) ;
#1224 = LINE ( 'NONE', #1350, #256 ) ;
#1225 = AXIS2_PLACEMENT_3D ( 'NONE', #611, #60, #1414 ) ;
#1226 = CYLINDRICAL_SURFACE ( 'NONE', #1539, 7.000000000000006217 ) ;
#1227 = FACE_BOUND ( 'NONE', #1010, .T. ) ;
#1228 = ORIENTED_EDGE ( 'NONE', *, *, #525, .F. ) ;
#1229 = CARTESIAN_POINT ( 'NONE',  ( -56.51800000000001489, -52.70199999999400120, -1.599999999999999867 ) ) ;
#1230 = UNCERTAINTY_MEASURE_WITH_UNIT (LENGTH_MEASURE( 1.000000000000000082E-05 ), #396, 'distance_accuracy_value', 'NONE');
#1231 = SURFACE_STYLE_FILL_AREA ( #581 ) ;
#1232 = DIRECTION ( 'NONE',  ( 0.000000000000000000, -1.000000000000000000, 0.000000000000000000 ) ) ;
#1233 = EDGE_CURVE ( 'NONE', #670, #686, #482, .T. ) ;
#1234 = VECTOR ( 'NONE', #1004, 1000.000000000000000 ) ;
#1235 = LINE ( 'NONE', #968, #1555 ) ;
#1236 = AXIS2_PLACEMENT_3D ( 'NONE', #1613, #1489, #959 ) ;
#1237 = EDGE_CURVE ( 'NONE', #933, #1246, #984, .T. ) ;
#1238 = CARTESIAN_POINT ( 'NONE',  ( -89.01799999999998647, -75.49699999999398869, 0.000000000000000000 ) ) ;
#1239 = ORIENTED_EDGE ( 'NONE', *, *, #337, .T. ) ;
#1240 = DIRECTION ( 'NONE',  ( 0.000000000000000000, -1.000000000000000000, 0.000000000000000000 ) ) ;
#1241 = EDGE_CURVE ( 'NONE', #376, #1471, #1528, .T. ) ;
#1242 = DIRECTION ( 'NONE',  ( 1.954618001100627820E-16, -1.000000000000000000, 0.000000000000000000 ) ) ;
#1243 = CIRCLE ( 'NONE', #114, 1.024999999999998135 ) ;
#1244 = DIRECTION ( 'NONE',  ( -1.000000000000000000, 0.000000000000000000, 0.000000000000000000 ) ) ;
#1245 = DIRECTION ( 'NONE',  ( 0.000000000000000000, 0.000000000000000000, 1.000000000000000000 ) ) ;
#1246 = VERTEX_POINT ( 'NONE', #1255 ) ;
#1247 = CARTESIAN_POINT ( 'NONE',  ( -95.01800000000000068, -41.68699999999400063, -6.000000000000000000 ) ) ;
#1248 = CARTESIAN_POINT ( 'NONE',  ( -87.99299999999999500, -44.49699999999398869, 3.000000000000000000 ) ) ;
#1249 = EDGE_CURVE ( 'NONE', #127, #61, #604, .T. ) ;
#1250 = DIRECTION ( 'NONE',  ( 1.000000000000000000, 0.000000000000000000, 0.000000000000000000 ) ) ;
#1251 = CARTESIAN_POINT ( 'NONE',  ( -59.51800000000000779, -77.18699999999400063, 0.000000000000000000 ) ) ;
#1252 = ORIENTED_EDGE ( 'NONE', *, *, #1294, .F. ) ;
#1253 = EDGE_CURVE ( 'NONE', #301, #1345, #71, .T. ) ;
#1254 = VECTOR ( 'NONE', #1696, 1000.000000000000000 ) ;
#1255 = CARTESIAN_POINT ( 'NONE',  ( -56.51800000000000779, -73.17800000000001148, -1.575000000000015721 ) ) ;
#1256 = FILL_AREA_STYLE ('',( #199 ) ) ;
#1257 = CARTESIAN_POINT ( 'NONE',  ( -102.0180000000000149, -61.07800000000001006, -2.600000000000000533 ) ) ;
#1258 = DIRECTION ( 'NONE',  ( -1.000000000000000000, 0.000000000000000000, -0.000000000000000000 ) ) ;
#1259 = UNCERTAINTY_MEASURE_WITH_UNIT (LENGTH_MEASURE( 1.000000000000000082E-05 ), #687, 'distance_accuracy_value', 'NONE');
#1260 = CARTESIAN_POINT ( 'NONE',  ( -102.0180000000000149, -77.18699999999400063, 3.000000000000000000 ) ) ;
#1261 = ORIENTED_EDGE ( 'NONE', *, *, #318, .F. ) ;
#1262 = ADVANCED_FACE ( 'NONE', ( #1391, #623, #1115, #1145 ), #882, .T. ) ;
#1263 = DIRECTION ( 'NONE',  ( 0.000000000000000000, 0.000000000000000000, 1.000000000000000000 ) ) ;
#1264 = CARTESIAN_POINT ( 'NONE',  ( -69.01800000000000068, -44.49699999999398869, 0.000000000000000000 ) ) ;
#1265 = DIRECTION ( 'NONE',  ( 0.000000000000000000, 0.000000000000000000, 1.000000000000000000 ) ) ;
#1266 = CARTESIAN_POINT ( 'NONE',  ( -95.01800000000000068, -34.68699999999400063, 3.000000000000000000 ) ) ;
#1267 = COLOUR_RGB ( '',1.000000000000000000, 1.000000000000000000, 1.000000000000000000 ) ;
#1268 = DIRECTION ( 'NONE',  ( 0.000000000000000000, 0.000000000000000000, 1.000000000000000000 ) ) ;
#1269 = ORIENTED_EDGE ( 'NONE', *, *, #1249, .T. ) ;
#1270 = COLOUR_RGB ( '',1.000000000000000000, 1.000000000000000000, 1.000000000000000000 ) ;
#1271 = EDGE_CURVE ( 'NONE', #561, #235, #797, .T. ) ;
#1272 = CARTESIAN_POINT ( 'NONE',  ( -56.51800000000001489, -52.70199999999400120, -6.000000000000000000 ) ) ;
#1273 = ADVANCED_FACE ( 'NONE', ( #470 ), #870, .F. ) ;
#1274 = VERTEX_POINT ( 'NONE', #643 ) ;
#1275 = DIRECTION ( 'NONE',  ( -1.000000000000000000, -0.000000000000000000, -0.000000000000000000 ) ) ;
#1276 = VECTOR ( 'NONE', #590, 1000.000000000000000 ) ;
#1277 = EDGE_CURVE ( 'NONE', #1246, #933, #250, .T. ) ;
#1278 = DIRECTION ( 'NONE',  ( 1.000000000000000000, 0.000000000000000000, 0.000000000000000000 ) ) ;
#1279 = FACE_OUTER_BOUND ( 'NONE', #224, .T. ) ;
#1280 = COLOUR_RGB ( '',1.000000000000000000, 1.000000000000000000, 1.000000000000000000 ) ;
#1281 = CARTESIAN_POINT ( 'NONE',  ( -0.000000000000000000, -43.90199999999400404, -6.000000000000000000 ) ) ;
#1282 = CYLINDRICAL_SURFACE ( 'NONE', #1588, 1.024999999999998135 ) ;
#1283 = ORIENTED_EDGE ( 'NONE', *, *, #9, .T. ) ;
#1284 = FILL_AREA_STYLE_COLOUR ( '', #874 ) ;
#1285 = VECTOR ( 'NONE', #1023, 1000.000000000000000 ) ;
#1286 = ORIENTED_EDGE ( 'NONE', *, *, #509, .T. ) ;
#1287 = MECHANICAL_DESIGN_GEOMETRIC_PRESENTATION_REPRESENTATION (  '', ( #374 ), #12 ) ;
#1288 = FILL_AREA_STYLE ('',( #368 ) ) ;
#1289 = DIRECTION ( 'NONE',  ( 1.000000000000000000, 0.000000000000000000, 0.000000000000000000 ) ) ;
#1290 = CARTESIAN_POINT ( 'NONE',  ( -52.51800000000002200, -1.026526281818028186E-14, -6.000000000000000000 ) ) ;
#1291 = FILL_AREA_STYLE_COLOUR ( '', #1267 ) ;
#1292 = EDGE_CURVE ( 'NONE', #832, #1716, #32, .T. ) ;
#1293 = EDGE_LOOP ( 'NONE', ( #1482, #1332 ) ) ;
#1294 = EDGE_CURVE ( 'NONE', #1345, #437, #616, .T. ) ;
#1295 = DIRECTION ( 'NONE',  ( -0.000000000000000000, -0.000000000000000000, -1.000000000000000000 ) ) ;
#1296 = EDGE_LOOP ( 'NONE', ( #875, #401 ) ) ;
#1297 = MECHANICAL_DESIGN_GEOMETRIC_PRESENTATION_REPRESENTATION (  '', ( #1206 ), #1377 ) ;
#1298 = DIRECTION ( 'NONE',  ( 1.000000000000000000, 0.000000000000000000, 0.000000000000000000 ) ) ;
#1299 = ADVANCED_FACE ( 'NONE', ( #261 ), #234, .F. ) ;
#1300 = DIRECTION ( 'NONE',  ( 0.000000000000000000, 0.000000000000000000, 1.000000000000000000 ) ) ;
#1301 = SURFACE_STYLE_USAGE ( .BOTH. , #97 ) ;
#1302 = ORIENTED_EDGE ( 'NONE', *, *, #1294, .T. ) ;
#1303 = PRESENTATION_LAYER_ASSIGNMENT (  '', '', ( #1673 ) ) ;
#1304 = FACE_OUTER_BOUND ( 'NONE', #817, .T. ) ;
#1305 = PRESENTATION_LAYER_ASSIGNMENT (  '', '', ( #556 ) ) ;
#1306 = ORIENTED_EDGE ( 'NONE', *, *, #981, .F. ) ;
#1307 = DIRECTION ( 'NONE',  ( 1.000000000000000000, 0.000000000000000000, 0.000000000000000000 ) ) ;
#1308 = EDGE_CURVE ( 'NONE', #1274, #166, #901, .T. ) ;
#1309 = VECTOR ( 'NONE', #1217, 1000.000000000000000 ) ;
#1310 = DIRECTION ( 'NONE',  ( -1.000000000000000000, -0.000000000000000000, -0.000000000000000000 ) ) ;
#1311 = LINE ( 'NONE', #811, #393 ) ;
#1312 = VERTEX_POINT ( 'NONE', #523 ) ;
#1313 = SURFACE_STYLE_USAGE ( .BOTH. , #1048 ) ;
#1314 = ORIENTED_EDGE ( 'NONE', *, *, #337, .F. ) ;
#1315 = CIRCLE ( 'NONE', #921, 1.024999999999984368 ) ;
#1316 = LINE ( 'NONE', #155, #748 ) ;
#1317 = CARTESIAN_POINT ( 'NONE',  ( -89.01799999999998647, -44.49699999999398869, 0.000000000000000000 ) ) ;
#1318 = EDGE_LOOP ( 'NONE', ( #779, #1721 ) ) ;
#1319 =( NAMED_UNIT ( * ) SI_UNIT ( $, .STERADIAN. ) SOLID_ANGLE_UNIT ( ) );
#1320 = EDGE_CURVE ( 'NONE', #437, #1345, #1243, .T. ) ;
#1321 = ORIENTED_EDGE ( 'NONE', *, *, #821, .T. ) ;
#1322 = AXIS2_PLACEMENT_3D ( 'NONE', #1671, #1653, #1682 ) ;
#1323 = LINE ( 'NONE', #424, #883 ) ;
#1324 = SURFACE_STYLE_USAGE ( .BOTH. , #1718 ) ;
#1325 = ORIENTED_EDGE ( 'NONE', *, *, #1271, .F. ) ;
#1326 = ORIENTED_EDGE ( 'NONE', *, *, #1571, .T. ) ;
#1327 = COLOUR_RGB ( '',1.000000000000000000, 1.000000000000000000, 1.000000000000000000 ) ;
#1328 = EDGE_CURVE ( 'NONE', #2, #1599, #1183, .T. ) ;
#1329 = DIRECTION ( 'NONE',  ( 0.000000000000000000, 0.000000000000000000, 1.000000000000000000 ) ) ;
#1330 = EDGE_CURVE ( 'NONE', #938, #1105, #1, .T. ) ;
#1331 = CYLINDRICAL_SURFACE ( 'NONE', #254, 1.024999999999984368 ) ;
#1332 = ORIENTED_EDGE ( 'NONE', *, *, #24, .F. ) ;
#1333 = CARTESIAN_POINT ( 'NONE',  ( 0.000000000000000000, 0.000000000000000000, -6.000000000000000000 ) ) ;
#1334 = CARTESIAN_POINT ( 'NONE',  ( -70.04299999999999216, -44.49699999999398869, 0.000000000000000000 ) ) ;
#1335 = VERTEX_POINT ( 'NONE', #1018 ) ;
#1336 = ORIENTED_EDGE ( 'NONE', *, *, #673, .T. ) ;
#1337 = DIRECTION ( 'NONE',  ( 1.000000000000000000, 0.000000000000000000, 0.000000000000000000 ) ) ;
#1338 =( NAMED_UNIT ( * ) SI_UNIT ( $, .STERADIAN. ) SOLID_ANGLE_UNIT ( ) );
#1339 = MECHANICAL_DESIGN_GEOMETRIC_PRESENTATION_REPRESENTATION (  '', ( #144 ), #287 ) ;
#1340 = COLOUR_RGB ( '',1.000000000000000000, 1.000000000000000000, 1.000000000000000000 ) ;
#1341 = SURFACE_STYLE_FILL_AREA ( #281 ) ;
#1342 = ORIENTED_EDGE ( 'NONE', *, *, #918, .T. ) ;
#1343 = CARTESIAN_POINT ( 'NONE',  ( -56.51800000000001489, -43.90199999999400404, -6.000000000000000000 ) ) ;
#1344 = CARTESIAN_POINT ( 'NONE',  ( -95.01800000000000068, -80.18699999999400063, 0.000000000000000000 ) ) ;
#1345 = VERTEX_POINT ( 'NONE', #1579 ) ;
#1346 = ORIENTED_EDGE ( 'NONE', *, *, #525, .T. ) ;
#1347 = DIRECTION ( 'NONE',  ( 0.000000000000000000, 0.000000000000000000, 1.000000000000000000 ) ) ;
#1348 = SURFACE_STYLE_FILL_AREA ( #131 ) ;
#1349 = ADVANCED_FACE ( 'NONE', ( #1709 ), #511, .T. ) ;
#1350 = CARTESIAN_POINT ( 'NONE',  ( -56.51800000000002200, -1.104711001862053210E-14, -6.000000000000000000 ) ) ;
#1351 = STYLED_ITEM ( 'NONE', ( #1723 ), #1614 ) ;
#1352 = VECTOR ( 'NONE', #854, 1000.000000000000000 ) ;
#1353 = DIRECTION ( 'NONE',  ( 0.000000000000000000, 0.000000000000000000, 1.000000000000000000 ) ) ;
#1354 = FACE_BOUND ( 'NONE', #41, .T. ) ;
#1355 = ORIENTED_EDGE ( 'NONE', *, *, #582, .F. ) ;
#1356 = EDGE_LOOP ( 'NONE', ( #1261, #491, #1032, #500 ) ) ;
#1357 = CYLINDRICAL_SURFACE ( 'NONE', #85, 1.024999999999984368 ) ;
#1358 = CIRCLE ( 'NONE', #302, 1.024999999999984368 ) ;
#1359 = CIRCLE ( 'NONE', #1618, 7.000000000000006217 ) ;
#1360 = FACE_OUTER_BOUND ( 'NONE', #1711, .T. ) ;
#1361 = STYLED_ITEM ( 'NONE', ( #1468 ), #724 ) ;
#1362 = CARTESIAN_POINT ( 'NONE',  ( -56.51800000000002200, -1.104711001862053210E-14, -6.000000000000000000 ) ) ;
#1363 = FACE_OUTER_BOUND ( 'NONE', #430, .T. ) ;
#1364 = CIRCLE ( 'NONE', #309, 6.999999999999999112 ) ;
#1365 = ORIENTED_EDGE ( 'NONE', *, *, #1199, .F. ) ;
#1366 = EDGE_LOOP ( 'NONE', ( #1039, #789 ) ) ;
#1367 = CIRCLE ( 'NONE', #839, 3.000000000000002665 ) ;
#1368 =( NAMED_UNIT ( * ) SI_UNIT ( $, .STERADIAN. ) SOLID_ANGLE_UNIT ( ) );
#1369 = DIRECTION ( 'NONE',  ( -1.000000000000000000, 0.000000000000000000, 0.000000000000000000 ) ) ;
#1370 = CARTESIAN_POINT ( 'NONE',  ( -90.04299999999997794, -44.49699999999398869, 3.000000000000000000 ) ) ;
#1371 = ORIENTED_EDGE ( 'NONE', *, *, #369, .T. ) ;
#1372 = CARTESIAN_POINT ( 'NONE',  ( -69.01800000000000068, -75.49699999999398869, 3.000000000000000000 ) ) ;
#1373 = AXIS2_PLACEMENT_3D ( 'NONE', #1153, #499, #87 ) ;
#1374 = DIRECTION ( 'NONE',  ( 0.000000000000000000, 0.000000000000000000, 1.000000000000000000 ) ) ;
#1375 =( NAMED_UNIT ( * ) PLANE_ANGLE_UNIT ( ) SI_UNIT ( $, .RADIAN. ) );
#1376 = SURFACE_STYLE_USAGE ( .BOTH. , #1092 ) ;
#1377 =( GEOMETRIC_REPRESENTATION_CONTEXT ( 3 ) GLOBAL_UNCERTAINTY_ASSIGNED_CONTEXT ( ( #952 ) ) GLOBAL_UNIT_ASSIGNED_CONTEXT ( ( #1021, #206, #82 ) ) REPRESENTATION_CONTEXT ( 'NONE', 'WORKASPACE' ) );
#1378 = LINE ( 'NONE', #1659, #1352 ) ;
#1379 = AXIS2_PLACEMENT_3D ( 'NONE', #174, #459, #717 ) ;
#1380 = FILL_AREA_STYLE_COLOUR ( '', #1042 ) ;
#1381 = VERTEX_POINT ( 'NONE', #778 ) ;
#1382 = ORIENTED_EDGE ( 'NONE', *, *, #1233, .T. ) ;
#1383 = PRESENTATION_STYLE_ASSIGNMENT (( #973 ) ) ;
#1384 = ADVANCED_FACE ( 'NONE', ( #1304 ), #1357, .F. ) ;
#1385 = FILL_AREA_STYLE_COLOUR ( '', #756 ) ;
#1386 = AXIS2_PLACEMENT_3D ( 'NONE', #366, #1461, #531 ) ;
#1387 = EDGE_CURVE ( 'NONE', #1207, #255, #1644, .T. ) ;
#1388 = CARTESIAN_POINT ( 'NONE',  ( -89.01799999999998647, -75.49699999999398869, 0.000000000000000000 ) ) ;
#1389 = LINE ( 'NONE', #196, #1530 ) ;
#1390 = ORIENTED_EDGE ( 'NONE', *, *, #1609, .T. ) ;
#1391 = FACE_BOUND ( 'NONE', #806, .T. ) ;
#1392 = AXIS2_PLACEMENT_3D ( 'NONE', #1073, #958, #1639 ) ;
#1393 = DIRECTION ( 'NONE',  ( -1.000000000000000000, -0.000000000000000000, -0.000000000000000000 ) ) ;
#1394 = UNCERTAINTY_MEASURE_WITH_UNIT (LENGTH_MEASURE( 1.000000000000000082E-05 ), #544, 'distance_accuracy_value', 'NONE');
#1395 = CYLINDRICAL_SURFACE ( 'NONE', #449, 7.000000000000006217 ) ;
#1396 =( LENGTH_UNIT ( ) NAMED_UNIT ( * ) SI_UNIT ( .MILLI., .METRE. ) );
#1397 = VERTEX_POINT ( 'NONE', #714 ) ;
#1398 = SURFACE_STYLE_FILL_AREA ( #332 ) ;
#1399 = CYLINDRICAL_SURFACE ( 'NONE', #983, 2.100000000000012079 ) ;
#1400 = SURFACE_SIDE_STYLE ('',( #627 ) ) ;
#1401 = LINE ( 'NONE', #238, #1254 ) ;
#1402 = UNCERTAINTY_MEASURE_WITH_UNIT (LENGTH_MEASURE( 1.000000000000000082E-05 ), #862, 'distance_accuracy_value', 'NONE');
#1403 = CARTESIAN_POINT ( 'NONE',  ( -52.51799999999999358, -61.07800000000001006, -2.600000000000000533 ) ) ;
#1404 = ORIENTED_EDGE ( 'NONE', *, *, #1138, .F. ) ;
#1405 = DIRECTION ( 'NONE',  ( 0.000000000000000000, 0.000000000000000000, 1.000000000000000000 ) ) ;
#1406 = AXIS2_PLACEMENT_3D ( 'NONE', #325, #189, #73 ) ;
#1407 = EDGE_CURVE ( 'NONE', #1719, #686, #472, .T. ) ;
#1408 = ORIENTED_EDGE ( 'NONE', *, *, #1652, .T. ) ;
#1409 = PRESENTATION_STYLE_ASSIGNMENT (( #473 ) ) ;
#1410 = ORIENTED_EDGE ( 'NONE', *, *, #274, .F. ) ;
#1411 = DIRECTION ( 'NONE',  ( 0.000000000000000000, 0.000000000000000000, 1.000000000000000000 ) ) ;
#1412 = CARTESIAN_POINT ( 'NONE',  ( -98.01800000000001489, -67.12800000000000011, -2.600000000000000533 ) ) ;
#1413 = CARTESIAN_POINT ( 'NONE',  ( -67.99299999999999500, -75.49699999999398869, 3.000000000000000000 ) ) ;
#1414 = DIRECTION ( 'NONE',  ( 0.000000000000000000, -1.000000000000000000, 0.000000000000000000 ) ) ;
#1415 = VERTEX_POINT ( 'NONE', #859 ) ;
#1416 =( GEOMETRIC_REPRESENTATION_CONTEXT ( 3 ) GLOBAL_UNCERTAINTY_ASSIGNED_CONTEXT ( ( #836 ) ) GLOBAL_UNIT_ASSIGNED_CONTEXT ( ( #1720, #1565, #1319 ) ) REPRESENTATION_CONTEXT ( 'NONE', 'WORKASPACE' ) );
#1417 = CARTESIAN_POINT ( 'NONE',  ( -69.01800000000000068, -75.49699999999398869, 3.000000000000000000 ) ) ;
#1418 = DIRECTION ( 'NONE',  ( 0.000000000000000000, 0.000000000000000000, 1.000000000000000000 ) ) ;
#1419 = VERTEX_POINT ( 'NONE', #597 ) ;
#1420 = VECTOR ( 'NONE', #1665, 1000.000000000000000 ) ;
#1421 = ORIENTED_EDGE ( 'NONE', *, *, #458, .T. ) ;
#1422 = ADVANCED_FACE ( 'NONE', ( #1116 ), #706, .F. ) ;
#1423 = ADVANCED_FACE ( 'NONE', ( #1635 ), #440, .F. ) ;
#1424 = LINE ( 'NONE', #362, #1164 ) ;
#1425 = MECHANICAL_DESIGN_GEOMETRIC_PRESENTATION_REPRESENTATION (  '', ( #451 ), #1051 ) ;
#1426 = CARTESIAN_POINT ( 'NONE',  ( -56.51800000000000779, -61.07800000000001006, -3.624999999999984901 ) ) ;
#1427 = CYLINDRICAL_SURFACE ( 'NONE', #1193, 1.024999999999984368 ) ;
#1428 = ORIENTED_EDGE ( 'NONE', *, *, #169, .T. ) ;
#1429 = DIRECTION ( 'NONE',  ( 0.000000000000000000, -1.000000000000000000, 0.000000000000000000 ) ) ;
#1430 = COLOUR_RGB ( '',1.000000000000000000, 1.000000000000000000, 1.000000000000000000 ) ;
#1431 = VERTEX_POINT ( 'NONE', #49 ) ;
#1432 = AXIS2_PLACEMENT_3D ( 'NONE', #413, #406, #1071 ) ;
#1433 = CARTESIAN_POINT ( 'NONE',  ( -56.51800000000000779, -69.22800000000000864, -2.299999999999999378 ) ) ;
#1434 = LINE ( 'NONE', #112, #1083 ) ;
#1435 = FILL_AREA_STYLE ('',( #76 ) ) ;
#1436 = ORIENTED_EDGE ( 'NONE', *, *, #673, .F. ) ;
#1437 = CARTESIAN_POINT ( 'NONE',  ( -52.51800000000001489, -41.68699999999400063, 3.000000000000000000 ) ) ;
#1438 = ORIENTED_EDGE ( 'NONE', *, *, #304, .F. ) ;
#1439 = ADVANCED_FACE ( 'NONE', ( #579 ), #722, .F. ) ;
#1440 = AXIS2_PLACEMENT_3D ( 'NONE', #95, #103, #1307 ) ;
#1441 = AXIS2_PLACEMENT_3D ( 'NONE', #1333, #1066, #1631 ) ;
#1442 = LINE ( 'NONE', #228, #295 ) ;
#1443 = DIRECTION ( 'NONE',  ( 1.000000000000000000, 0.000000000000000000, 0.000000000000000000 ) ) ;
#1444 = LINE ( 'NONE', #801, #1074 ) ;
#1445 = EDGE_CURVE ( 'NONE', #264, #1719, #455, .T. ) ;
#1446 = ORIENTED_EDGE ( 'NONE', *, *, #1186, .F. ) ;
#1447 = AXIS2_PLACEMENT_3D ( 'NONE', #788, #891, #1726 ) ;
#1448 = ORIENTED_EDGE ( 'NONE', *, *, #1035, .F. ) ;
#1449 = STYLED_ITEM ( 'NONE', ( #922 ), #713 ) ;
#1450 =( NAMED_UNIT ( * ) SI_UNIT ( $, .STERADIAN. ) SOLID_ANGLE_UNIT ( ) );
#1451 = CARTESIAN_POINT ( 'NONE',  ( -52.51799999999999358, -73.17800000000001148, -3.624999999999984013 ) ) ;
#1452 = CARTESIAN_POINT ( 'NONE',  ( -89.01799999999998647, -44.49699999999398869, 0.000000000000000000 ) ) ;
#1453 = EDGE_CURVE ( 'NONE', #988, #1587, #1666, .T. ) ;
#1454 = EDGE_LOOP ( 'NONE', ( #1428, #710, #667, #635 ) ) ;
#1455 = CARTESIAN_POINT ( 'NONE',  ( -89.01799999999998647, -44.49699999999398869, 3.000000000000000000 ) ) ;
#1456 = ORIENTED_EDGE ( 'NONE', *, *, #552, .T. ) ;
#1457 = CIRCLE ( 'NONE', #865, 3.000000000000016431 ) ;
#1458 = SURFACE_SIDE_STYLE ('',( #697 ) ) ;
#1459 = CARTESIAN_POINT ( 'NONE',  ( -90.04299999999997794, -75.49699999999398869, 3.000000000000000000 ) ) ;
#1460 = ORIENTED_EDGE ( 'NONE', *, *, #24, .T. ) ;
#1461 = DIRECTION ( 'NONE',  ( -1.000000000000000000, -0.000000000000000000, -0.000000000000000000 ) ) ;
#1462 = VERTEX_POINT ( 'NONE', #741 ) ;
#1463 = ADVANCED_FACE ( 'NONE', ( #494 ), #1399, .F. ) ;
#1464 = AXIS2_PLACEMENT_3D ( 'NONE', #753, #876, #1411 ) ;
#1465 = CIRCLE ( 'NONE', #383, 2.100000000000004530 ) ;
#1466 = CARTESIAN_POINT ( 'NONE',  ( -95.01800000000000068, -80.18699999999400063, -6.000000000000000000 ) ) ;
#1467 = LINE ( 'NONE', #1060, #1196 ) ;
#1468 = PRESENTATION_STYLE_ASSIGNMENT (( #1324 ) ) ;
#1469 = VERTEX_POINT ( 'NONE', #1125 ) ;
#1470 = DIRECTION ( 'NONE',  ( -0.000000000000000000, -0.000000000000000000, 1.000000000000000000 ) ) ;
#1471 = VERTEX_POINT ( 'NONE', #1672 ) ;
#1472 = VECTOR ( 'NONE', #1295, 1000.000000000000000 ) ;
#1473 =( NAMED_UNIT ( * ) SI_UNIT ( $, .STERADIAN. ) SOLID_ANGLE_UNIT ( ) );
#1474 = FILL_AREA_STYLE_COLOUR ( '', #1340 ) ;
#1475 = ADVANCED_FACE ( 'NONE', ( #205 ), #873, .F. ) ;
#1476 = DIRECTION ( 'NONE',  ( 0.000000000000000000, 0.000000000000000000, 1.000000000000000000 ) ) ;
#1477 = VECTOR ( 'NONE', #1117, 1000.000000000000000 ) ;
#1478 = EDGE_CURVE ( 'NONE', #411, #1274, #1037, .T. ) ;
#1479 = ORIENTED_EDGE ( 'NONE', *, *, #682, .F. ) ;
#1480 = CARTESIAN_POINT ( 'NONE',  ( -56.51800000000000779, -73.17800000000001148, -3.624999999999984013 ) ) ;
#1481 = DIRECTION ( 'NONE',  ( 0.000000000000000000, 0.000000000000000000, 1.000000000000000000 ) ) ;
#1482 = ORIENTED_EDGE ( 'NONE', *, *, #1166, .F. ) ;
#1483 = VERTEX_POINT ( 'NONE', #1028 ) ;
#1484 = PRODUCT_DEFINITION_SHAPE ( 'NONE', 'NONE',  #912 ) ;
#1485 = DIRECTION ( 'NONE',  ( -0.000000000000000000, -0.000000000000000000, -1.000000000000000000 ) ) ;
#1486 = CARTESIAN_POINT ( 'NONE',  ( -98.01800000000001489, -61.07800000000001006, -3.624999999999984901 ) ) ;
#1487 = SURFACE_STYLE_USAGE ( .BOTH. , #426 ) ;
#1488 = ORIENTED_EDGE ( 'NONE', *, *, #889, .T. ) ;
#1489 = DIRECTION ( 'NONE',  ( 0.000000000000000000, 0.000000000000000000, 1.000000000000000000 ) ) ;
#1490 = DIRECTION ( 'NONE',  ( 1.000000000000000000, 0.000000000000000000, -0.000000000000000000 ) ) ;
#1491 = VERTEX_POINT ( 'NONE', #763 ) ;
#1492 = ORIENTED_EDGE ( 'NONE', *, *, #613, .F. ) ;
#1493 =( NAMED_UNIT ( * ) PLANE_ANGLE_UNIT ( ) SI_UNIT ( $, .RADIAN. ) );
#1494 =( NAMED_UNIT ( * ) SI_UNIT ( $, .STERADIAN. ) SOLID_ANGLE_UNIT ( ) );
#1495 = DIRECTION ( 'NONE',  ( 1.000000000000000000, 1.954618001100627820E-16, -0.000000000000000000 ) ) ;
#1496 = FACE_OUTER_BOUND ( 'NONE', #1643, .T. ) ;
#1497 = ORIENTED_EDGE ( 'NONE', *, *, #1407, .T. ) ;
#1498 = CARTESIAN_POINT ( 'NONE',  ( -52.51799999999999358, -61.07800000000001006, -2.600000000000000533 ) ) ;
#1499 = CARTESIAN_POINT ( 'NONE',  ( -62.13399999999998613, -43.90199999999400404, -1.599999999999999867 ) ) ;
#1500 = CYLINDRICAL_SURFACE ( 'NONE', #225, 1.024999999999984368 ) ;
#1501 = AXIS2_PLACEMENT_3D ( 'NONE', #1417, #1177, #384 ) ;
#1502 = SURFACE_STYLE_FILL_AREA ( #157 ) ;
#1503 = CARTESIAN_POINT ( 'NONE',  ( -95.01800000000000068, -41.68699999999400063, 3.000000000000000000 ) ) ;
#1504 = EDGE_CURVE ( 'NONE', #988, #1483, #217, .T. ) ;
#1505 = DIRECTION ( 'NONE',  ( 0.000000000000000000, -0.000000000000000000, -1.000000000000000000 ) ) ;
#1506 = STYLED_ITEM ( 'NONE', ( #1100 ), #818 ) ;
#1507 = ORIENTED_EDGE ( 'NONE', *, *, #1237, .F. ) ;
#1508 = DIRECTION ( 'NONE',  ( 0.000000000000000000, -1.000000000000000000, 0.000000000000000000 ) ) ;
#1509 = VECTOR ( 'NONE', #1081, 1000.000000000000000 ) ;
#1510 =( LENGTH_UNIT ( ) NAMED_UNIT ( * ) SI_UNIT ( .MILLI., .METRE. ) );
#1511 =( LENGTH_UNIT ( ) NAMED_UNIT ( * ) SI_UNIT ( .MILLI., .METRE. ) );
#1512 = LINE ( 'NONE', #58, #1190 ) ;
#1513 = AXIS2_PLACEMENT_3D ( 'NONE', #1569, #372, #537 ) ;
#1514 = LINE ( 'NONE', #725, #22 ) ;
#1515 = DIRECTION ( 'NONE',  ( 0.000000000000000000, 0.000000000000000000, 1.000000000000000000 ) ) ;
#1516 = ORIENTED_EDGE ( 'NONE', *, *, #776, .F. ) ;
#1517 = FACE_BOUND ( 'NONE', #759, .T. ) ;
#1518 = DIRECTION ( 'NONE',  ( -0.000000000000000000, -0.000000000000000000, -1.000000000000000000 ) ) ;
#1519 = DIRECTION ( 'NONE',  ( -0.000000000000000000, -0.000000000000000000, -1.000000000000000000 ) ) ;
#1520 = EDGE_CURVE ( 'NONE', #1604, #1462, #1442, .T. ) ;
#1521 = UNCERTAINTY_MEASURE_WITH_UNIT (LENGTH_MEASURE( 1.000000000000000082E-05 ), #1128, 'distance_accuracy_value', 'NONE');
#1522 = FACE_OUTER_BOUND ( 'NONE', #1633, .T. ) ;
#1523 = AXIS2_PLACEMENT_3D ( 'NONE', #1013, #1542, #1560 ) ;
#1524 = DIRECTION ( 'NONE',  ( -0.000000000000000000, 0.000000000000000000, 1.000000000000000000 ) ) ;
#1525 = VECTOR ( 'NONE', #341, 1000.000000000000000 ) ;
#1526 =( NAMED_UNIT ( * ) PLANE_ANGLE_UNIT ( ) SI_UNIT ( $, .RADIAN. ) );
#1527 = ORIENTED_EDGE ( 'NONE', *, *, #1218, .T. ) ;
#1528 = LINE ( 'NONE', #204, #1123 ) ;
#1529 =( LENGTH_UNIT ( ) NAMED_UNIT ( * ) SI_UNIT ( .MILLI., .METRE. ) );
#1530 = VECTOR ( 'NONE', #1268, 1000.000000000000000 ) ;
#1531 = STYLED_ITEM ( 'NONE', ( #994 ), #477 ) ;
#1532 = CARTESIAN_POINT ( 'NONE',  ( 3.134699073084884357E-14, -80.18699999999395800, 0.000000000000000000 ) ) ;
#1533 =( GEOMETRIC_REPRESENTATION_CONTEXT ( 3 ) GLOBAL_UNCERTAINTY_ASSIGNED_CONTEXT ( ( #1630 ) ) GLOBAL_UNIT_ASSIGNED_CONTEXT ( ( #1510, #1629, #1368 ) ) REPRESENTATION_CONTEXT ( 'NONE', 'WORKASPACE' ) );
#1534 = CIRCLE ( 'NONE', #335, 1.024999999999998135 ) ;
#1535 = CARTESIAN_POINT ( 'NONE',  ( -102.0180000000000149, 0.000000000000000000, -6.000000000000000000 ) ) ;
#1536 = LINE ( 'NONE', #356, #260 ) ;
#1537 = AXIS2_PLACEMENT_3D ( 'NONE', #1586, #389, #915 ) ;
#1538 = ORIENTED_EDGE ( 'NONE', *, *, #1330, .T. ) ;
#1539 = AXIS2_PLACEMENT_3D ( 'NONE', #1503, #840, #1369 ) ;
#1540 = EDGE_CURVE ( 'NONE', #176, #1312, #1550, .T. ) ;
#1541 = VERTEX_POINT ( 'NONE', #513 ) ;
#1542 = DIRECTION ( 'NONE',  ( -1.000000000000000000, 3.909236002201255639E-16, 0.000000000000000000 ) ) ;
#1543 =( NAMED_UNIT ( * ) PLANE_ANGLE_UNIT ( ) SI_UNIT ( $, .RADIAN. ) );
#1544 = LINE ( 'NONE', #878, #11 ) ;
#1545 = AXIS2_PLACEMENT_3D ( 'NONE', #1412, #755, #1240 ) ;
#1546 = SURFACE_SIDE_STYLE ('',( #999 ) ) ;
#1547 = ORIENTED_EDGE ( 'NONE', *, *, #682, .T. ) ;
#1548 = APPLICATION_CONTEXT ( 'automotive_design' ) ;
#1549 =( NAMED_UNIT ( * ) SI_UNIT ( $, .STERADIAN. ) SOLID_ANGLE_UNIT ( ) );
#1550 = LINE ( 'NONE', #743, #495 ) ;
#1551 = DIRECTION ( 'NONE',  ( 0.000000000000000000, 0.000000000000000000, 1.000000000000000000 ) ) ;
#1552 = LINE ( 'NONE', #1281, #1029 ) ;
#1553 = FILL_AREA_STYLE ('',( #1380 ) ) ;
#1554 = VERTEX_POINT ( 'NONE', #519 ) ;
#1555 = VECTOR ( 'NONE', #320, 1000.000000000000000 ) ;
#1556 = CARTESIAN_POINT ( 'NONE',  ( -67.99299999999999500, -75.49699999999398869, 0.000000000000000000 ) ) ;
#1557 = EDGE_LOOP ( 'NONE', ( #227, #40 ) ) ;
#1558 = EDGE_CURVE ( 'NONE', #670, #1491, #485, .T. ) ;
#1559 = EDGE_CURVE ( 'NONE', #1599, #1596, #378, .T. ) ;
#1560 = DIRECTION ( 'NONE',  ( 0.000000000000000000, -1.000000000000000000, 0.000000000000000000 ) ) ;
#1561 = DIRECTION ( 'NONE',  ( 1.000000000000000000, 0.000000000000000000, 0.000000000000000000 ) ) ;
#1562 = CARTESIAN_POINT ( 'NONE',  ( -102.0180000000000149, -67.12800000000000011, -0.4999999999999882871 ) ) ;
#1563 = CYLINDRICAL_SURFACE ( 'NONE', #1054, 1.024999999999984368 ) ;
#1564 = ORIENTED_EDGE ( 'NONE', *, *, #649, .F. ) ;
#1565 =( NAMED_UNIT ( * ) PLANE_ANGLE_UNIT ( ) SI_UNIT ( $, .RADIAN. ) );
#1566 = ORIENTED_EDGE ( 'NONE', *, *, #842, .T. ) ;
#1567 = DIRECTION ( 'NONE',  ( 1.000000000000000000, 0.000000000000000000, 0.000000000000000000 ) ) ;
#1568 = CARTESIAN_POINT ( 'NONE',  ( -89.01799999999998647, -44.49699999999398869, 3.000000000000000000 ) ) ;
#1569 = CARTESIAN_POINT ( 'NONE',  ( -95.01800000000000068, -41.68699999999400063, 0.000000000000000000 ) ) ;
#1570 = FILL_AREA_STYLE ('',( #1291 ) ) ;
#1571 = EDGE_CURVE ( 'NONE', #301, #518, #326, .T. ) ;
#1572 = VERTEX_POINT ( 'NONE', #903 ) ;
#1573 = DIRECTION ( 'NONE',  ( 0.000000000000000000, -1.000000000000000000, 0.000000000000000000 ) ) ;
#1574 = EDGE_LOOP ( 'NONE', ( #331, #848 ) ) ;
#1575 = EDGE_CURVE ( 'NONE', #197, #381, #464, .T. ) ;
#1576 = CARTESIAN_POINT ( 'NONE',  ( -95.01800000000000068, -84.18699999999400063, 3.000000000000000000 ) ) ;
#1577 = PLANE ( 'NONE',  #404 ) ;
#1578 = ORIENTED_EDGE ( 'NONE', *, *, #889, .F. ) ;
#1579 = CARTESIAN_POINT ( 'NONE',  ( -67.99299999999999500, -44.49699999999398869, 3.000000000000000000 ) ) ;
#1580 = ORIENTED_EDGE ( 'NONE', *, *, #8, .T. ) ;
#1581 = MECHANICAL_DESIGN_GEOMETRIC_PRESENTATION_REPRESENTATION (  '', ( #1351 ), #248 ) ;
#1582 = CIRCLE ( 'NONE', #1379, 3.000000000000002665 ) ;
#1583 = EDGE_CURVE ( 'NONE', #203, #693, #742, .T. ) ;
#1584 = CYLINDRICAL_SURFACE ( 'NONE', #83, 1.024999999999984368 ) ;
#1585 = DIRECTION ( 'NONE',  ( -0.000000000000000000, 0.000000000000000000, 1.000000000000000000 ) ) ;
#1586 = CARTESIAN_POINT ( 'NONE',  ( -69.01800000000000068, -44.49699999999398869, 3.000000000000000000 ) ) ;
#1587 = VERTEX_POINT ( 'NONE', #1433 ) ;
#1588 = AXIS2_PLACEMENT_3D ( 'NONE', #979, #348, #468 ) ;
#1589 = CARTESIAN_POINT ( 'NONE',  ( -98.01800000000001489, -67.12800000000000011, -2.600000000000000533 ) ) ;
#1590 = CIRCLE ( 'NONE', #1132, 1.024999999999984368 ) ;
#1591 = AXIS2_PLACEMENT_3D ( 'NONE', #1026, #1573, #243 ) ;
#1592 = EDGE_LOOP ( 'NONE', ( #1488, #1691, #275, #1390 ) ) ;
#1593 = DIRECTION ( 'NONE',  ( 1.954618001100627820E-16, -1.000000000000000000, 0.000000000000000000 ) ) ;
#1594 = AXIS2_PLACEMENT_3D ( 'NONE', #162, #977, #37 ) ;
#1595 = EDGE_CURVE ( 'NONE', #255, #1725, #1156, .T. ) ;
#1596 = VERTEX_POINT ( 'NONE', #344 ) ;
#1597 = ADVANCED_FACE ( 'NONE', ( #886 ), #1702, .F. ) ;
#1598 = DIRECTION ( 'NONE',  ( 1.000000000000000000, 0.000000000000000000, 0.000000000000000000 ) ) ;
#1599 = VERTEX_POINT ( 'NONE', #895 ) ;
#1600 = STYLED_ITEM ( 'NONE', ( #397 ), #377 ) ;
#1601 = SURFACE_STYLE_FILL_AREA ( #508 ) ;
#1602 =( NAMED_UNIT ( * ) PLANE_ANGLE_UNIT ( ) SI_UNIT ( $, .RADIAN. ) );
#1603 = AXIS2_PLACEMENT_3D ( 'NONE', #898, #237, #745 ) ;
#1604 = VERTEX_POINT ( 'NONE', #236 ) ;
#1605 = FACE_BOUND ( 'NONE', #890, .T. ) ;
#1606 = ORIENTED_EDGE ( 'NONE', *, *, #981, .T. ) ;
#1607 = EDGE_CURVE ( 'NONE', #1192, #1419, #692, .T. ) ;
#1608 = CIRCLE ( 'NONE', #773, 1.024999999999984368 ) ;
#1609 = EDGE_CURVE ( 'NONE', #1207, #475, #648, .T. ) ;
#1610 = DIRECTION ( 'NONE',  ( -1.000000000000000000, -0.000000000000000000, -0.000000000000000000 ) ) ;
#1611 = CARTESIAN_POINT ( 'NONE',  ( -52.51799999999999358, -73.17800000000001148, -1.575000000000015721 ) ) ;
#1612 = EDGE_LOOP ( 'NONE', ( #293, #1104, #502, #1146, #375, #510, #1222, #1421, #1286, #931, #31, #943, #420, #1708, #863, #1283, #726, #858, #786, #452 ) ) ;
#1613 = CARTESIAN_POINT ( 'NONE',  ( -95.01800000000000068, -77.18699999999400063, 3.000000000000000000 ) ) ;
#1614 = ADVANCED_FACE ( 'NONE', ( #269 ), #1584, .F. ) ;
#1615 = CARTESIAN_POINT ( 'NONE',  ( -59.51800000000001489, -34.68699999999400063, 3.000000000000000000 ) ) ;
#1616 = EDGE_LOOP ( 'NONE', ( #734, #545, #493, #1365 ) ) ;
#1617 = ORIENTED_EDGE ( 'NONE', *, *, #34, .T. ) ;
#1618 = AXIS2_PLACEMENT_3D ( 'NONE', #146, #136, #1619 ) ;
#1619 = DIRECTION ( 'NONE',  ( 1.000000000000000000, 0.000000000000000000, 0.000000000000000000 ) ) ;
#1620 = CIRCLE ( 'NONE', #785, 1.024999999999998135 ) ;
#1621 = CYLINDRICAL_SURFACE ( 'NONE', #972, 1.024999999999998135 ) ;
#1622 = SURFACE_STYLE_FILL_AREA ( #25 ) ;
#1623 = EDGE_LOOP ( 'NONE', ( #1684, #612, #1355, #812 ) ) ;
#1624 = CARTESIAN_POINT ( 'NONE',  ( 0.000000000000000000, -84.18699999999400063, -6.000000000000000000 ) ) ;
#1625 = FACE_BOUND ( 'NONE', #1366, .T. ) ;
#1626 = EDGE_CURVE ( 'NONE', #235, #561, #700, .T. ) ;
#1627 = EDGE_LOOP ( 'NONE', ( #349, #276 ) ) ;
#1628 = EDGE_LOOP ( 'NONE', ( #1087, #403, #1211, #777 ) ) ;
#1629 =( NAMED_UNIT ( * ) PLANE_ANGLE_UNIT ( ) SI_UNIT ( $, .RADIAN. ) );
#1630 = UNCERTAINTY_MEASURE_WITH_UNIT (LENGTH_MEASURE( 1.000000000000000082E-05 ), #1510, 'distance_accuracy_value', 'NONE');
#1631 = DIRECTION ( 'NONE',  ( 1.000000000000000000, 0.000000000000000000, 0.000000000000000000 ) ) ;
#1632 = CYLINDRICAL_SURFACE ( 'NONE', #1141, 2.999999999999995559 ) ;
#1633 = EDGE_LOOP ( 'NONE', ( #102, #719, #570, #1050 ) ) ;
#1634 = PLANE ( 'NONE',  #417 ) ;
#1635 = FACE_OUTER_BOUND ( 'NONE', #1669, .T. ) ;
#1636 = DIRECTION ( 'NONE',  ( -1.000000000000000000, -0.000000000000000000, -0.000000000000000000 ) ) ;
#1637 = EDGE_CURVE ( 'NONE', #1469, #516, #1359, .T. ) ;
#1638 = AXIS2_PLACEMENT_3D ( 'NONE', #634, #993, #982 ) ;
#1639 = DIRECTION ( 'NONE',  ( 0.000000000000000000, 1.000000000000000000, 0.000000000000000000 ) ) ;
#1640 = DIRECTION ( 'NONE',  ( -1.000000000000000000, -0.000000000000000000, -0.000000000000000000 ) ) ;
#1641 = FACE_BOUND ( 'NONE', #794, .T. ) ;
#1642 = ORIENTED_EDGE ( 'NONE', *, *, #1540, .T. ) ;
#1643 = EDGE_LOOP ( 'NONE', ( #160, #91, #841, #1239 ) ) ;
#1644 = LINE ( 'NONE', #168, #1163 ) ;
#1645 = PRESENTATION_STYLE_ASSIGNMENT (( #1099 ) ) ;
#1646 = CARTESIAN_POINT ( 'NONE',  ( -102.0180000000000149, -41.68699999999400063, 3.000000000000000000 ) ) ;
#1647 = CLOSED_SHELL ( 'NONE', ( #1299, #724, #1273, #317, #1475, #432, #713, #359, #132, #1463, #1262, #1061, #976, #945, #539, #855, #1006, #1106, #975, #656, #503, #1349, #105, #515, #212, #1439, #504, #1670, #65, #953, #800, #400, #844, #1384, #1614, #148, #1423, #808, #1422, #818, #1597, #377 ) ) ;
#1648 = LINE ( 'NONE', #59, #607 ) ;
#1649 = LINE ( 'NONE', #1615, #94 ) ;
#1650 = ORIENTED_EDGE ( 'NONE', *, *, #1571, .F. ) ;
#1651 = DIRECTION ( 'NONE',  ( -0.000000000000000000, -0.000000000000000000, 1.000000000000000000 ) ) ;
#1652 = EDGE_CURVE ( 'NONE', #1165, #1572, #1590, .T. ) ;
#1653 = DIRECTION ( 'NONE',  ( -0.000000000000000000, -0.000000000000000000, 1.000000000000000000 ) ) ;
#1654 = AXIS2_PLACEMENT_3D ( 'NONE', #1238, #1481, #547 ) ;
#1655 = DIRECTION ( 'NONE',  ( 1.000000000000000000, 3.909236002201255639E-16, 0.000000000000000000 ) ) ;
#1656 = DIRECTION ( 'NONE',  ( 1.000000000000000000, 0.000000000000000000, 0.000000000000000000 ) ) ;
#1657 = VECTOR ( 'NONE', #998, 1000.000000000000000 ) ;
#1658 = COLOUR_RGB ( '',1.000000000000000000, 1.000000000000000000, 1.000000000000000000 ) ;
#1659 = CARTESIAN_POINT ( 'NONE',  ( -102.0180000000000149, -73.17800000000001148, -1.575000000000015721 ) ) ;
#1660 = DIRECTION ( 'NONE',  ( -1.000000000000000000, -0.000000000000000000, -0.000000000000000000 ) ) ;
#1661 = ORIENTED_EDGE ( 'NONE', *, *, #42, .F. ) ;
#1662 = CARTESIAN_POINT ( 'NONE',  ( -52.51800000000001489, -41.68699999999400063, 3.000000000000000000 ) ) ;
#1663 = SURFACE_STYLE_FILL_AREA ( #614 ) ;
#1664 = DIRECTION ( 'NONE',  ( -0.000000000000000000, 0.000000000000000000, 1.000000000000000000 ) ) ;
#1665 = DIRECTION ( 'NONE',  ( -1.000000000000000000, -0.000000000000000000, -0.000000000000000000 ) ) ;
#1666 = CIRCLE ( 'NONE', #1406, 2.100000000000004530 ) ;
#1667 = LINE ( 'NONE', #53, #241 ) ;
#1668 = VECTOR ( 'NONE', #467, 1000.000000000000000 ) ;
#1669 = EDGE_LOOP ( 'NONE', ( #969, #55, #1121, #522 ) ) ;
#1670 = ADVANCED_FACE ( 'NONE', ( #543 ), #1194, .F. ) ;
#1671 = CARTESIAN_POINT ( 'NONE',  ( -69.01800000000000068, -75.49699999999398869, 3.000000000000000000 ) ) ;
#1672 = CARTESIAN_POINT ( 'NONE',  ( -56.51800000000001489, -41.68699999999400063, 0.000000000000000000 ) ) ;
#1673 = STYLED_ITEM ( 'NONE', ( #339 ), #317 ) ;
#1674 = VERTEX_POINT ( 'NONE', #1052 ) ;
#1675 =( NAMED_UNIT ( * ) SI_UNIT ( $, .STERADIAN. ) SOLID_ANGLE_UNIT ( ) );
#1676 = MECHANICAL_DESIGN_GEOMETRIC_PRESENTATION_REPRESENTATION (  '', ( #556 ), #1533 ) ;
#1677 = DIRECTION ( 'NONE',  ( -0.000000000000000000, -0.000000000000000000, 1.000000000000000000 ) ) ;
#1678 = UNCERTAINTY_MEASURE_WITH_UNIT (LENGTH_MEASURE( 1.000000000000000082E-05 ), #837, 'distance_accuracy_value', 'NONE');
#1679 = DIRECTION ( 'NONE',  ( -1.000000000000000000, 3.909236002201255639E-16, 0.000000000000000000 ) ) ;
#1680 = COLOUR_RGB ( '',1.000000000000000000, 1.000000000000000000, 1.000000000000000000 ) ;
#1681 = VERTEX_POINT ( 'NONE', #526 ) ;
#1682 = DIRECTION ( 'NONE',  ( 1.000000000000000000, 0.000000000000000000, 0.000000000000000000 ) ) ;
#1683 =( GEOMETRIC_REPRESENTATION_CONTEXT ( 3 ) GLOBAL_UNCERTAINTY_ASSIGNED_CONTEXT ( ( #1127 ) ) GLOBAL_UNIT_ASSIGNED_CONTEXT ( ( #179, #308, #1494 ) ) REPRESENTATION_CONTEXT ( 'NONE', 'WORKASPACE' ) );
#1684 = ORIENTED_EDGE ( 'NONE', *, *, #1186, .T. ) ;
#1685 = DIRECTION ( 'NONE',  ( 1.000000000000000000, 0.000000000000000000, 0.000000000000000000 ) ) ;
#1686 = FACE_OUTER_BOUND ( 'NONE', #360, .T. ) ;
#1687 = VECTOR ( 'NONE', #1016, 1000.000000000000000 ) ;
#1688 = ORIENTED_EDGE ( 'NONE', *, *, #458, .F. ) ;
#1689 = CARTESIAN_POINT ( 'NONE',  ( -52.51799999999999358, -73.17800000000001148, -2.600000000000000089 ) ) ;
#1690 = SHAPE_DEFINITION_REPRESENTATION ( #1484, #477 ) ;
#1691 = ORIENTED_EDGE ( 'NONE', *, *, #1107, .F. ) ;
#1692 = CIRCLE ( 'NONE', #1373, 6.999999999999999112 ) ;
#1693 = FILL_AREA_STYLE_COLOUR ( '', #439 ) ;
#1694 = PRESENTATION_STYLE_ASSIGNMENT (( #783 ) ) ;
#1695 = CARTESIAN_POINT ( 'NONE',  ( -95.01800000000000068, -41.68699999999400063, 0.000000000000000000 ) ) ;
#1696 = DIRECTION ( 'NONE',  ( -0.000000000000000000, -0.000000000000000000, 1.000000000000000000 ) ) ;
#1697 = CARTESIAN_POINT ( 'NONE',  ( -102.0180000000000149, -67.12800000000000011, -4.700000000000012612 ) ) ;
#1698 = ORIENTED_EDGE ( 'NONE', *, *, #1320, .T. ) ;
#1699 = DIRECTION ( 'NONE',  ( 1.000000000000000000, 0.000000000000000000, 0.000000000000000000 ) ) ;
#1700 = APPLICATION_PROTOCOL_DEFINITION ( 'draft international standard', 'automotive_design', 1998, #1548 ) ;
#1701 = ORIENTED_EDGE ( 'NONE', *, *, #552, .F. ) ;
#1702 = CYLINDRICAL_SURFACE ( 'NONE', #21, 1.024999999999998135 ) ;
#1703 = EDGE_CURVE ( 'NONE', #376, #1014, #263, .T. ) ;
#1704 =( GEOMETRIC_REPRESENTATION_CONTEXT ( 3 ) GLOBAL_UNCERTAINTY_ASSIGNED_CONTEXT ( ( #191 ) ) GLOBAL_UNIT_ASSIGNED_CONTEXT ( ( #1136, #471, #884 ) ) REPRESENTATION_CONTEXT ( 'NONE', 'WORKASPACE' ) );
#1705 = CYLINDRICAL_SURFACE ( 'NONE', #1603, 3.000000000000016431 ) ;
#1706 = PRESENTATION_LAYER_ASSIGNMENT (  '', '', ( #218 ) ) ;
#1707 =( NAMED_UNIT ( * ) PLANE_ANGLE_UNIT ( ) SI_UNIT ( $, .RADIAN. ) );
#1708 = ORIENTED_EDGE ( 'NONE', *, *, #1540, .F. ) ;
#1709 = FACE_OUTER_BOUND ( 'NONE', #1079, .T. ) ;
#1710 = EDGE_CURVE ( 'NONE', #949, #1596, #1323, .T. ) ;
#1711 = EDGE_LOOP ( 'NONE', ( #1198, #1321, #1342, #143 ) ) ;
#1712 = COLOUR_RGB ( '',1.000000000000000000, 1.000000000000000000, 1.000000000000000000 ) ;
#1713 = CARTESIAN_POINT ( 'NONE',  ( -62.45769696196701659, -65.02800000000000580, -2.299999999999999822 ) ) ;
#1714 = FACE_OUTER_BOUND ( 'NONE', #908, .T. ) ;
#1715 = ORIENTED_EDGE ( 'NONE', *, *, #1504, .T. ) ;
#1716 = VERTEX_POINT ( 'NONE', #1043 ) ;
#1717 = CARTESIAN_POINT ( 'NONE',  ( -52.51800000000001489, -41.68699999999400063, -6.000000000000000000 ) ) ;
#1718 = SURFACE_SIDE_STYLE ('',( #1341 ) ) ;
#1719 = VERTEX_POINT ( 'NONE', #13 ) ;
#1720 =( LENGTH_UNIT ( ) NAMED_UNIT ( * ) SI_UNIT ( .MILLI., .METRE. ) );
#1721 = ORIENTED_EDGE ( 'NONE', *, *, #1019, .F. ) ;
#1722 = VECTOR ( 'NONE', #1519, 1000.000000000000000 ) ;
#1723 = PRESENTATION_STYLE_ASSIGNMENT (( #1204 ) ) ;
#1724 = EDGE_CURVE ( 'NONE', #1471, #1144, #1316, .T. ) ;
#1725 = VERTEX_POINT ( 'NONE', #1059 ) ;
#1726 = DIRECTION ( 'NONE',  ( 0.000000000000000000, -1.000000000000000000, 0.000000000000000000 ) ) ;
ENDSEC;
END-ISO-10303-21;
