ISO-10303-21;
HEADER;
FILE_DESCRIPTION (( 'STEP AP214' ),
    '1' );
FILE_NAME ('¶¥°å.STEP',
    '2026-04-27T16:08:17',
    ( '' ),
    ( '' ),
    'SwSTEP 2.0',
    'SolidWorks 2021',
    '' );
FILE_SCHEMA (( 'AUTOMOTIVE_DESIGN' ));
ENDSEC;

DATA;
#1 = ORIENTED_EDGE ( 'NONE', *, *, #1341, .T. ) ;
#2 = FACE_OUTER_BOUND ( 'NONE', #1515, .T. ) ;
#3 = CARTESIAN_POINT ( 'NONE',  ( 58.51800000000000779, -59.68699999999399353, -4.400000000000000355 ) ) ;
#4 = DIRECTION ( 'NONE',  ( 1.000000000000000000, 0.000000000000000000, 0.000000000000000000 ) ) ;
#5 = DIRECTION ( 'NONE',  ( -1.000000000000000000, 0.000000000000000000, 0.000000000000000000 ) ) ;
#6 = ORIENTED_EDGE ( 'NONE', *, *, #1323, .F. ) ;
#7 = CARTESIAN_POINT ( 'NONE',  ( 97.30685438199984105, -76.89699999999399438, -44.43123780249621291 ) ) ;
#8 = ORIENTED_EDGE ( 'NONE', *, *, #498, .F. ) ;
#9 = EDGE_CURVE ( 'NONE', #2116, #1741, #1906, .T. ) ;
#10 = ORIENTED_EDGE ( 'NONE', *, *, #125, .F. ) ;
#11 = FACE_BOUND ( 'NONE', #545, .T. ) ;
#12 = DIRECTION ( 'NONE',  ( 0.000000000000000000, 0.000000000000000000, 1.000000000000000000 ) ) ;
#13 = CARTESIAN_POINT ( 'NONE',  ( 70.46799999999998931, -75.69699999999399154, 3.000000000000000000 ) ) ;
#14 = CARTESIAN_POINT ( 'NONE',  ( 69.01800000000000068, -44.69699999999399154, -4.400000000000001243 ) ) ;
#15 = AXIS2_PLACEMENT_3D ( 'NONE', #23, #530, #1713 ) ;
#16 = EDGE_CURVE ( 'NONE', #2027, #1376, #1232, .T. ) ;
#17 = ORIENTED_EDGE ( 'NONE', *, *, #2114, .F. ) ;
#18 = DIRECTION ( 'NONE',  ( 1.000000000000000000, 0.000000000000000000, 0.000000000000000000 ) ) ;
#19 = VERTEX_POINT ( 'NONE', #846 ) ;
#20 = FACE_OUTER_BOUND ( 'NONE', #2104, .T. ) ;
#21 = EDGE_CURVE ( 'NONE', #80, #632, #559, .T. ) ;
#22 = DIRECTION ( 'NONE',  ( -0.000000000000000000, -0.000000000000000000, 1.000000000000000000 ) ) ;
#23 = CARTESIAN_POINT ( 'NONE',  ( 72.51799999999998647, -74.49699999999398869, -4.400000000000001243 ) ) ;
#24 = CIRCLE ( 'NONE', #1831, 1.449999999999993072 ) ;
#25 = DIRECTION ( 'NONE',  ( -0.000000000000000000, -0.000000000000000000, 1.000000000000000000 ) ) ;
#26 = VERTEX_POINT ( 'NONE', #1857 ) ;
#27 = CARTESIAN_POINT ( 'NONE',  ( 66.26800000000000068, -75.69699999999399154, 3.000000000000001776 ) ) ;
#28 = EDGE_CURVE ( 'NONE', #1772, #2042, #1044, .T. ) ;
#29 = VECTOR ( 'NONE', #2163, 1000.000000000000000 ) ;
#30 = ORIENTED_EDGE ( 'NONE', *, *, #1143, .T. ) ;
#31 = LINE ( 'NONE', #1377, #1406 ) ;
#32 = VECTOR ( 'NONE', #625, 999.9999999999998863 ) ;
#33 = CARTESIAN_POINT ( 'NONE',  ( 71.38286486486485671, -74.88618918918317036, -44.43123780249621291 ) ) ;
#34 = FACE_OUTER_BOUND ( 'NONE', #1403, .T. ) ;
#35 = ORIENTED_EDGE ( 'NONE', *, *, #871, .T. ) ;
#36 = EDGE_CURVE ( 'NONE', #52, #1320, #664, .T. ) ;
#37 = CONICAL_SURFACE ( 'NONE', #602, 2.750000000000002665, 0.7853981633974519427 ) ;
#38 = ORIENTED_EDGE ( 'NONE', *, *, #1374, .T. ) ;
#39 = LINE ( 'NONE', #224, #1257 ) ;
#40 = EDGE_LOOP ( 'NONE', ( #1758, #880, #1491, #1509 ) ) ;
#41 = EDGE_CURVE ( 'NONE', #1078, #915, #878, .T. ) ;
#42 = ORIENTED_EDGE ( 'NONE', *, *, #1309, .T. ) ;
#43 = CARTESIAN_POINT ( 'NONE',  ( 89.01800000000000068, -75.69699999999399154, 3.000000000000001776 ) ) ;
#44 = CIRCLE ( 'NONE', #996, 7.000000000000006217 ) ;
#45 = CIRCLE ( 'NONE', #1669, 1.200000000000006617 ) ;
#46 = ADVANCED_FACE ( 'NONE', ( #1675, #324, #156 ), #1348, .T. ) ;
#47 = CARTESIAN_POINT ( 'NONE',  ( 72.51799999999998647, -45.89699999999399438, -4.400000000000001243 ) ) ;
#48 = DIRECTION ( 'NONE',  ( 0.000000000000000000, -0.000000000000000000, 1.000000000000000000 ) ) ;
#49 = DIRECTION ( 'NONE',  ( -0.000000000000000000, -0.000000000000000000, -1.000000000000000000 ) ) ;
#50 = ORIENTED_EDGE ( 'NONE', *, *, #741, .T. ) ;
#51 = LINE ( 'NONE', #1786, #583 ) ;
#52 = VERTEX_POINT ( 'NONE', #2085 ) ;
#53 = VERTEX_POINT ( 'NONE', #922 ) ;
#54 = EDGE_CURVE ( 'NONE', #1763, #2081, #1594, .T. ) ;
#55 = DIRECTION ( 'NONE',  ( -0.000000000000000000, -0.000000000000000000, 1.000000000000000000 ) ) ;
#56 = CARTESIAN_POINT ( 'NONE',  ( 103.5180000000000291, -78.68699999999398642, 3.000000000000000000 ) ) ;
#57 = DIRECTION ( 'NONE',  ( 1.000000000000000000, 0.000000000000000000, 0.000000000000000000 ) ) ;
#58 = DIRECTION ( 'NONE',  ( -1.954618001100627573E-16, -1.000000000000000000, 0.000000000000000000 ) ) ;
#59 = VECTOR ( 'NONE', #1592, 1000.000000000000000 ) ;
#60 = ORIENTED_EDGE ( 'NONE', *, *, #871, .F. ) ;
#61 = CARTESIAN_POINT ( 'NONE',  ( 71.76800000000000068, -75.69699999999399154, 3.000000000000001776 ) ) ;
#62 = ORIENTED_EDGE ( 'NONE', *, *, #166, .F. ) ;
#63 = ORIENTED_EDGE ( 'NONE', *, *, #812, .T. ) ;
#64 = CARTESIAN_POINT ( 'NONE',  ( 99.01800000000002910, -56.68699999999400063, -4.400000000000000355 ) ) ;
#65 = FACE_OUTER_BOUND ( 'NONE', #1421, .T. ) ;
#66 = FACE_OUTER_BOUND ( 'NONE', #106, .T. ) ;
#67 = DIRECTION ( 'NONE',  ( -1.000000000000000000, 0.000000000000000000, 0.000000000000000000 ) ) ;
#68 = AXIS2_PLACEMENT_3D ( 'NONE', #1711, #502, #2060 ) ;
#69 = EDGE_CURVE ( 'NONE', #2011, #1535, #379, .T. ) ;
#70 = AXIS2_PLACEMENT_3D ( 'NONE', #1495, #1444, #2150 ) ;
#71 = ORIENTED_EDGE ( 'NONE', *, *, #301, .T. ) ;
#72 = ORIENTED_EDGE ( 'NONE', *, *, #1595, .T. ) ;
#73 = ORIENTED_EDGE ( 'NONE', *, *, #2006, .F. ) ;
#74 = CYLINDRICAL_SURFACE ( 'NONE', #1130, 1.449999999999993072 ) ;
#75 = PLANE ( 'NONE',  #1575 ) ;
#76 = VERTEX_POINT ( 'NONE', #90 ) ;
#77 = DIRECTION ( 'NONE',  ( 1.000000000000000000, 0.000000000000000000, 0.000000000000000000 ) ) ;
#78 = FACE_OUTER_BOUND ( 'NONE', #148, .T. ) ;
#79 = EDGE_CURVE ( 'NONE', #1578, #1720, #1127, .T. ) ;
#80 = VERTEX_POINT ( 'NONE', #209 ) ;
#81 = CARTESIAN_POINT ( 'NONE',  ( 89.01800000000000068, -75.69699999999399154, 3.000000000000000000 ) ) ;
#82 = EDGE_CURVE ( 'NONE', #2176, #928, #903, .T. ) ;
#83 = ORIENTED_EDGE ( 'NONE', *, *, #969, .T. ) ;
#84 = CARTESIAN_POINT ( 'NONE',  ( 90.46799999999998931, -75.69699999999399154, 1.700000000000001954 ) ) ;
#85 = VECTOR ( 'NONE', #312, 1000.000000000000000 ) ;
#86 = ORIENTED_EDGE ( 'NONE', *, *, #1414, .F. ) ;
#87 = LINE ( 'NONE', #64, #2159 ) ;
#88 = FACE_OUTER_BOUND ( 'NONE', #1600, .T. ) ;
#89 = CYLINDRICAL_SURFACE ( 'NONE', #952, 2.500000000000015987 ) ;
#90 = CARTESIAN_POINT ( 'NONE',  ( 71.38286486486485671, -74.88618918918317036, -4.400000000000001243 ) ) ;
#91 = AXIS2_PLACEMENT_3D ( 'NONE', #906, #201, #1576 ) ;
#92 = DIRECTION ( 'NONE',  ( -1.000000000000000000, 0.000000000000000000, 0.000000000000000000 ) ) ;
#93 = VERTEX_POINT ( 'NONE', #1760 ) ;
#94 =( NAMED_UNIT ( * ) PLANE_ANGLE_UNIT ( ) SI_UNIT ( $, .RADIAN. ) );
#95 = DIRECTION ( 'NONE',  ( -1.000000000000000000, 0.000000000000000000, 0.000000000000000000 ) ) ;
#96 = EDGE_LOOP ( 'NONE', ( #8, #1825 ) ) ;
#97 = DIRECTION ( 'NONE',  ( -1.000000000000000000, 0.000000000000000000, 0.000000000000000000 ) ) ;
#98 = CARTESIAN_POINT ( 'NONE',  ( 55.51800000000001489, -56.68699999999399353, -1.800000000000000044 ) ) ;
#99 = COLOUR_RGB ( '',1.000000000000000000, 1.000000000000000000, 1.000000000000000000 ) ;
#100 = FACE_OUTER_BOUND ( 'NONE', #1526, .T. ) ;
#101 = AXIS2_PLACEMENT_3D ( 'NONE', #335, #674, #403 ) ;
#102 = VECTOR ( 'NONE', #402, 999.9999999999998863 ) ;
#103 = EDGE_CURVE ( 'NONE', #405, #1728, #848, .T. ) ;
#104 = ORIENTED_EDGE ( 'NONE', *, *, #1932, .F. ) ;
#105 = CARTESIAN_POINT ( 'NONE',  ( 67.56799999999999784, -44.69699999999399154, 3.000000000000000000 ) ) ;
#106 = EDGE_LOOP ( 'NONE', ( #270, #1106, #1656, #1689 ) ) ;
#107 = SURFACE_STYLE_USAGE ( .BOTH. , #1112 ) ;
#108 = EDGE_CURVE ( 'NONE', #1574, #2127, #1905, .T. ) ;
#109 = VECTOR ( 'NONE', #1712, 1000.000000000000000 ) ;
#110 = DIRECTION ( 'NONE',  ( -0.000000000000000000, -0.000000000000000000, -1.000000000000000000 ) ) ;
#111 = ORIENTED_EDGE ( 'NONE', *, *, #16, .T. ) ;
#112 = PLANE ( 'NONE',  #847 ) ;
#113 = DIRECTION ( 'NONE',  ( -1.000000000000000000, 0.000000000000000000, 0.000000000000000000 ) ) ;
#114 = EDGE_CURVE ( 'NONE', #458, #679, #1077, .T. ) ;
#115 = ADVANCED_FACE ( 'NONE', ( #78 ), #383, .F. ) ;
#116 = EDGE_LOOP ( 'NONE', ( #1195, #883, #1025, #413, #896, #1363, #1611, #1222, #1255, #1382, #441, #1175, #622, #1739 ) ) ;
#117 = CARTESIAN_POINT ( 'NONE',  ( 54.01800000000000779, -43.18699999999405037, 3.000000000000000000 ) ) ;
#118 = ORIENTED_EDGE ( 'NONE', *, *, #2000, .T. ) ;
#119 = VECTOR ( 'NONE', #1357, 1000.000000000000000 ) ;
#120 = FACE_OUTER_BOUND ( 'NONE', #521, .T. ) ;
#121 = ORIENTED_EDGE ( 'NONE', *, *, #1880, .F. ) ;
#122 = FACE_OUTER_BOUND ( 'NONE', #2173, .T. ) ;
#123 = DIRECTION ( 'NONE',  ( 0.7071067811865524577, -0.7071067811865425767, 0.000000000000000000 ) ) ;
#124 = FACE_OUTER_BOUND ( 'NONE', #1627, .T. ) ;
#125 = EDGE_CURVE ( 'NONE', #172, #1078, #1404, .T. ) ;
#126 = LINE ( 'NONE', #608, #223 ) ;
#127 = ORIENTED_EDGE ( 'NONE', *, *, #394, .F. ) ;
#128 = CIRCLE ( 'NONE', #2041, 1.200000000000006617 ) ;
#129 = CARTESIAN_POINT ( 'NONE',  ( 92.51799999999998647, -44.69699999999399154, -0.000000000000000000 ) ) ;
#130 = ORIENTED_EDGE ( 'NONE', *, *, #1775, .T. ) ;
#131 = PRESENTATION_STYLE_ASSIGNMENT (( #107 ) ) ;
#132 = EDGE_CURVE ( 'NONE', #2027, #405, #1726, .T. ) ;
#133 = ORIENTED_EDGE ( 'NONE', *, *, #1490, .F. ) ;
#134 = DIRECTION ( 'NONE',  ( 1.000000000000000000, 0.000000000000000000, 0.000000000000000000 ) ) ;
#135 = DIRECTION ( 'NONE',  ( -0.000000000000000000, -0.000000000000000000, 1.000000000000000000 ) ) ;
#136 = PLANE ( 'NONE',  #326 ) ;
#137 = CARTESIAN_POINT ( 'NONE',  ( 65.51800000000000068, -45.89699999999399438, 0.000000000000000000 ) ) ;
#138 = VECTOR ( 'NONE', #1098, 1000.000000000000000 ) ;
#139 = EDGE_CURVE ( 'NONE', #679, #591, #1723, .T. ) ;
#140 = VERTEX_POINT ( 'NONE', #1750 ) ;
#141 = VECTOR ( 'NONE', #1146, 1000.000000000000000 ) ;
#142 = FACE_OUTER_BOUND ( 'NONE', #1254, .T. ) ;
#143 = ORIENTED_EDGE ( 'NONE', *, *, #1007, .T. ) ;
#144 = CARTESIAN_POINT ( 'NONE',  ( 54.01800000000000779, -56.68699999999399353, -1.800000000000000044 ) ) ;
#145 = LINE ( 'NONE', #300, #587 ) ;
#146 = VECTOR ( 'NONE', #1694, 1000.000000000000000 ) ;
#147 = CYLINDRICAL_SURFACE ( 'NONE', #217, 7.000000000000006217 ) ;
#148 = EDGE_LOOP ( 'NONE', ( #1963, #570, #1292, #1836 ) ) ;
#149 = CARTESIAN_POINT ( 'NONE',  ( 58.51800000000000779, -57.68699999999400774, 0.000000000000000000 ) ) ;
#150 = EDGE_CURVE ( 'NONE', #984, #787, #2109, .T. ) ;
#151 = ORIENTED_EDGE ( 'NONE', *, *, #1160, .F. ) ;
#152 = DIRECTION ( 'NONE',  ( 1.000000000000000000, 0.000000000000000000, 0.000000000000000000 ) ) ;
#153 = LINE ( 'NONE', #886, #59 ) ;
#154 = CARTESIAN_POINT ( 'NONE',  ( 87.56800000000001205, -75.69699999999399154, 1.700000000000001954 ) ) ;
#155 = CYLINDRICAL_SURFACE ( 'NONE', #1999, 1.449999999999993072 ) ;
#156 = FACE_OUTER_BOUND ( 'NONE', #1921, .T. ) ;
#157 = ORIENTED_EDGE ( 'NONE', *, *, #1650, .F. ) ;
#158 = FACE_OUTER_BOUND ( 'NONE', #2123, .T. ) ;
#159 = AXIS2_PLACEMENT_3D ( 'NONE', #1139, #1169, #1854 ) ;
#160 = EDGE_LOOP ( 'NONE', ( #1167, #2158, #121, #1111 ) ) ;
#161 = FACE_BOUND ( 'NONE', #1448, .T. ) ;
#162 = CARTESIAN_POINT ( 'NONE',  ( 66.26800000000000068, -75.69699999999399154, 3.000000000000001776 ) ) ;
#163 = CARTESIAN_POINT ( 'NONE',  ( 69.01800000000000068, -75.69699999999399154, 3.000000000000001776 ) ) ;
#164 = DIRECTION ( 'NONE',  ( -1.000000000000000000, 0.000000000000000000, 0.000000000000000000 ) ) ;
#165 = ORIENTED_EDGE ( 'NONE', *, *, #727, .F. ) ;
#166 = EDGE_CURVE ( 'NONE', #2161, #76, #2046, .T. ) ;
#167 = VERTEX_POINT ( 'NONE', #551 ) ;
#168 = CYLINDRICAL_SURFACE ( 'NONE', #1396, 3.000000000000002665 ) ;
#169 = AXIS2_PLACEMENT_3D ( 'NONE', #1960, #1158, #435 ) ;
#170 = VECTOR ( 'NONE', #531, 1000.000000000000000 ) ;
#171 = VECTOR ( 'NONE', #1671, 1000.000000000000000 ) ;
#172 = VERTEX_POINT ( 'NONE', #582 ) ;
#173 = FACE_OUTER_BOUND ( 'NONE', #656, .T. ) ;
#174 = PLANE ( 'NONE',  #419 ) ;
#175 = DIRECTION ( 'NONE',  ( -1.000000000000000000, 0.000000000000000000, 0.000000000000000000 ) ) ;
#176 = DIRECTION ( 'NONE',  ( 1.000000000000000000, 0.000000000000000000, 0.000000000000000000 ) ) ;
#177 = EDGE_CURVE ( 'NONE', #1828, #172, #484, .T. ) ;
#178 = EDGE_CURVE ( 'NONE', #1524, #1781, #1228, .T. ) ;
#179 = DIRECTION ( 'NONE',  ( -0.000000000000000000, 1.000000000000000000, -0.000000000000000000 ) ) ;
#180 = PRODUCT_CONTEXT ( 'NONE', #1930, 'mechanical' ) ;
#181 = EDGE_CURVE ( 'NONE', #53, #1578, #1896, .T. ) ;
#182 = AXIS2_PLACEMENT_3D ( 'NONE', #1075, #569, #1771 ) ;
#183 = ADVANCED_BREP_SHAPE_REPRESENTATION ( '¶¥°å', ( #1481, #277 ), #2009 ) ;
#184 = ORIENTED_EDGE ( 'NONE', *, *, #1993, .T. ) ;
#185 = LINE ( 'NONE', #691, #1976 ) ;
#186 = CARTESIAN_POINT ( 'NONE',  ( 86.65313513513514465, -45.50781081080479851, -4.400000000000001243 ) ) ;
#187 = CARTESIAN_POINT ( 'NONE',  ( 66.26800000000000068, -44.69699999999399154, 3.000000000000001776 ) ) ;
#188 = ORIENTED_EDGE ( 'NONE', *, *, #108, .T. ) ;
#189 = EDGE_CURVE ( 'NONE', #2121, #80, #1249, .T. ) ;
#190 = ORIENTED_EDGE ( 'NONE', *, *, #840, .F. ) ;
#191 = CARTESIAN_POINT ( 'NONE',  ( 89.01800000000000068, -44.69699999999399154, 3.000000000000001776 ) ) ;
#192 = ORIENTED_EDGE ( 'NONE', *, *, #199, .T. ) ;
#193 = DIRECTION ( 'NONE',  ( -0.000000000000000000, 0.000000000000000000, -1.000000000000000000 ) ) ;
#194 = EDGE_CURVE ( 'NONE', #204, #2191, #933, .T. ) ;
#195 = DIRECTION ( 'NONE',  ( 0.7071067811865425767, 0.7071067811865525687, -0.000000000000000000 ) ) ;
#196 = CYLINDRICAL_SURFACE ( 'NONE', #645, 7.000000000000006217 ) ;
#197 = AXIS2_PLACEMENT_3D ( 'NONE', #345, #862, #522 ) ;
#198 = DIRECTION ( 'NONE',  ( 1.000000000000000000, 0.000000000000000000, 0.000000000000000000 ) ) ;
#199 = EDGE_CURVE ( 'NONE', #1392, #395, #276, .T. ) ;
#200 = ORIENTED_EDGE ( 'NONE', *, *, #194, .T. ) ;
#201 = DIRECTION ( 'NONE',  ( 0.000000000000000000, 1.000000000000000000, 0.000000000000000000 ) ) ;
#202 = VECTOR ( 'NONE', #772, 1000.000000000000000 ) ;
#203 = ORIENTED_EDGE ( 'NONE', *, *, #652, .T. ) ;
#204 = VERTEX_POINT ( 'NONE', #1116 ) ;
#205 = LINE ( 'NONE', #1246, #347 ) ;
#206 = AXIS2_PLACEMENT_3D ( 'NONE', #1148, #2174, #134 ) ;
#207 = DIRECTION ( 'NONE',  ( 1.000000000000000000, 0.000000000000000000, 0.000000000000000000 ) ) ;
#208 = LINE ( 'NONE', #187, #2137 ) ;
#209 = CARTESIAN_POINT ( 'NONE',  ( 98.49942396999973937, -77.03033333332733434, 0.000000000000000000 ) ) ;
#210 = ORIENTED_EDGE ( 'NONE', *, *, #54, .F. ) ;
#211 = ADVANCED_FACE ( 'NONE', ( #1819 ), #1149, .F. ) ;
#212 = CARTESIAN_POINT ( 'NONE',  ( 56.51800000000001489, -45.69699999999399154, -1.800000000000000044 ) ) ;
#213 = ORIENTED_EDGE ( 'NONE', *, *, #9, .T. ) ;
#214 = ADVANCED_FACE ( 'NONE', ( #1986 ), #1661, .F. ) ;
#215 = ORIENTED_EDGE ( 'NONE', *, *, #1038, .T. ) ;
#216 = DIRECTION ( 'NONE',  ( -1.000000000000000000, 0.000000000000000000, 0.000000000000000000 ) ) ;
#217 = AXIS2_PLACEMENT_3D ( 'NONE', #1151, #302, #978 ) ;
#218 = AXIS2_PLACEMENT_3D ( 'NONE', #758, #2106, #412 ) ;
#219 = DIRECTION ( 'NONE',  ( 0.000000000000000000, 0.000000000000000000, 1.000000000000000000 ) ) ;
#220 = PLANE ( 'NONE',  #594 ) ;
#221 = DIRECTION ( 'NONE',  ( 0.000000000000000000, 0.000000000000000000, 1.000000000000000000 ) ) ;
#222 = ORIENTED_EDGE ( 'NONE', *, *, #1072, .T. ) ;
#223 = VECTOR ( 'NONE', #279, 1000.000000000000000 ) ;
#224 = CARTESIAN_POINT ( 'NONE',  ( 66.65313513513514465, -74.88618918918317036, -44.43123780249621291 ) ) ;
#225 = ORIENTED_EDGE ( 'NONE', *, *, #301, .F. ) ;
#226 = ORIENTED_EDGE ( 'NONE', *, *, #1746, .F. ) ;
#227 = FACE_OUTER_BOUND ( 'NONE', #1354, .T. ) ;
#228 = FACE_OUTER_BOUND ( 'NONE', #1897, .T. ) ;
#229 = CARTESIAN_POINT ( 'NONE',  ( 56.51800000000001489, -45.69699999999399154, -1.800000000000000044 ) ) ;
#230 = DIRECTION ( 'NONE',  ( 0.000000000000000000, 0.000000000000000000, -1.000000000000000000 ) ) ;
#231 = VECTOR ( 'NONE', #113, 1000.000000000000000 ) ;
#232 = VECTOR ( 'NONE', #2036, 1000.000000000000000 ) ;
#233 = EDGE_LOOP ( 'NONE', ( #1231, #285, #1443, #188 ) ) ;
#234 = ORIENTED_EDGE ( 'NONE', *, *, #1391, .T. ) ;
#235 = ORIENTED_EDGE ( 'NONE', *, *, #2169, .T. ) ;
#236 = CARTESIAN_POINT ( 'NONE',  ( 89.01800000000000068, -44.69699999999399154, 3.000000000000000000 ) ) ;
#237 = PLANE ( 'NONE',  #1346 ) ;
#238 = ORIENTED_EDGE ( 'NONE', *, *, #287, .T. ) ;
#239 = CARTESIAN_POINT ( 'NONE',  ( 69.01800000000000068, -75.69699999999399154, 3.000000000000000000 ) ) ;
#240 = CARTESIAN_POINT ( 'NONE',  ( 86.65313513513513044, -74.88618918918317036, -44.43123780249621291 ) ) ;
#241 = AXIS2_PLACEMENT_3D ( 'NONE', #1853, #193, #680 ) ;
#242 = VECTOR ( 'NONE', #1301, 1000.000000000000000 ) ;
#243 = EDGE_CURVE ( 'NONE', #917, #1958, #1487, .T. ) ;
#244 = EDGE_CURVE ( 'NONE', #1454, #984, #145, .T. ) ;
#245 = EDGE_LOOP ( 'NONE', ( #397, #1707, #1710, #517 ) ) ;
#246 = LINE ( 'NONE', #925, #1101 ) ;
#247 = ORIENTED_EDGE ( 'NONE', *, *, #2006, .T. ) ;
#248 = LINE ( 'NONE', #585, #2055 ) ;
#249 = ORIENTED_EDGE ( 'NONE', *, *, #1286, .F. ) ;
#250 = CARTESIAN_POINT ( 'NONE',  ( 58.51800000000000779, -59.68699999999399353, 0.000000000000000000 ) ) ;
#251 = DIRECTION ( 'NONE',  ( 0.000000000000000000, 0.000000000000000000, -1.000000000000000000 ) ) ;
#252 = ORIENTED_EDGE ( 'NONE', *, *, #986, .T. ) ;
#253 = CARTESIAN_POINT ( 'NONE',  ( 89.01800000000000068, -75.69699999999399154, -4.400000000000001243 ) ) ;
#254 = DIRECTION ( 'NONE',  ( -0.000000000000000000, -0.000000000000000000, 1.000000000000000000 ) ) ;
#255 = ORIENTED_EDGE ( 'NONE', *, *, #1341, .F. ) ;
#256 = DIRECTION ( 'NONE',  ( 0.000000000000000000, 0.000000000000000000, -1.000000000000000000 ) ) ;
#257 = VECTOR ( 'NONE', #980, 1000.000000000000000 ) ;
#258 = ORIENTED_EDGE ( 'NONE', *, *, #1674, .T. ) ;
#259 = CARTESIAN_POINT ( 'NONE',  ( 97.30685438199984105, -75.69699999999399154, -0.000000000000000000 ) ) ;
#260 = ORIENTED_EDGE ( 'NONE', *, *, #1286, .T. ) ;
#261 = ORIENTED_EDGE ( 'NONE', *, *, #979, .T. ) ;
#262 = LINE ( 'NONE', #1097, #1621 ) ;
#263 = DIRECTION ( 'NONE',  ( 0.000000000000000000, 0.000000000000000000, 1.000000000000000000 ) ) ;
#264 = ADVANCED_FACE ( 'NONE', ( #605 ), #310, .F. ) ;
#265 = CARTESIAN_POINT ( 'NONE',  ( 96.51800000000001489, -36.18699999999400063, 0.000000000000000000 ) ) ;
#266 = EDGE_CURVE ( 'NONE', #1754, #1411, #617, .T. ) ;
#267 = CIRCLE ( 'NONE', #1709, 2.499999999999988454 ) ;
#268 = ORIENTED_EDGE ( 'NONE', *, *, #741, .F. ) ;
#269 = FACE_OUTER_BOUND ( 'NONE', #1934, .T. ) ;
#270 = ORIENTED_EDGE ( 'NONE', *, *, #2000, .F. ) ;
#271 = EDGE_CURVE ( 'NONE', #1502, #1659, #1439, .T. ) ;
#272 = CARTESIAN_POINT ( 'NONE',  ( 89.01800000000000068, -75.69699999999399154, 3.000000000000000000 ) ) ;
#273 = FACE_OUTER_BOUND ( 'NONE', #1317, .T. ) ;
#274 = EDGE_LOOP ( 'NONE', ( #861, #1023, #252, #841 ) ) ;
#275 = DIRECTION ( 'NONE',  ( -0.000000000000000000, 0.000000000000000000, 1.000000000000000000 ) ) ;
#276 = LINE ( 'NONE', #1450, #313 ) ;
#277 = AXIS2_PLACEMENT_3D ( 'NONE', #511, #853, #478 ) ;
#278 = VECTOR ( 'NONE', #1783, 1000.000000000000000 ) ;
#279 = DIRECTION ( 'NONE',  ( -0.000000000000000000, -0.000000000000000000, 1.000000000000000000 ) ) ;
#280 = VECTOR ( 'NONE', #740, 1000.000000000000000 ) ;
#281 = AXIS2_PLACEMENT_3D ( 'NONE', #588, #1432, #1733 ) ;
#282 = EDGE_CURVE ( 'NONE', #344, #1915, #990, .T. ) ;
#283 = ORIENTED_EDGE ( 'NONE', *, *, #21, .T. ) ;
#284 = DIRECTION ( 'NONE',  ( -0.000000000000000000, -0.000000000000000000, -1.000000000000000000 ) ) ;
#285 = ORIENTED_EDGE ( 'NONE', *, *, #243, .T. ) ;
#286 = CARTESIAN_POINT ( 'NONE',  ( 59.03657603000029042, -77.03033333332733434, -4.400000000000001243 ) ) ;
#287 = EDGE_CURVE ( 'NONE', #314, #1298, #2010, .T. ) ;
#288 = CARTESIAN_POINT ( 'NONE',  ( 0.000000000000000000, 0.000000000000000000, -1.800000000000000044 ) ) ;
#289 = ORIENTED_EDGE ( 'NONE', *, *, #373, .T. ) ;
#290 = LINE ( 'NONE', #1639, #346 ) ;
#291 = CARTESIAN_POINT ( 'NONE',  ( 103.5180000000000291, -43.18699999999400774, 0.000000000000000000 ) ) ;
#292 = DIRECTION ( 'NONE',  ( -0.000000000000000000, 0.000000000000000000, 1.000000000000000000 ) ) ;
#293 = CARTESIAN_POINT ( 'NONE',  ( 95.51800000000001489, -79.69699999999399154, -4.400000000000001243 ) ) ;
#294 = CIRCLE ( 'NONE', #1003, 1.200000000000006617 ) ;
#295 = VERTEX_POINT ( 'NONE', #819 ) ;
#296 = CARTESIAN_POINT ( 'NONE',  ( 95.51800000000001489, -79.69699999999399154, -0.000000000000000000 ) ) ;
#297 = AXIS2_PLACEMENT_3D ( 'NONE', #361, #1043, #1549 ) ;
#298 = ORIENTED_EDGE ( 'NONE', *, *, #2087, .T. ) ;
#299 = FACE_BOUND ( 'NONE', #1032, .T. ) ;
#300 = CARTESIAN_POINT ( 'NONE',  ( 95.51800000000001489, -79.69699999999399154, 0.000000000000000000 ) ) ;
#301 = EDGE_CURVE ( 'NONE', #2135, #1700, #1629, .T. ) ;
#302 = DIRECTION ( 'NONE',  ( -0.000000000000000000, -0.000000000000000000, -1.000000000000000000 ) ) ;
#303 = DIRECTION ( 'NONE',  ( 0.000000000000000000, 1.000000000000000000, 0.000000000000000000 ) ) ;
#304 = VERTEX_POINT ( 'NONE', #471 ) ;
#305 = AXIS2_PLACEMENT_3D ( 'NONE', #1221, #773, #365 ) ;
#306 = DIRECTION ( 'NONE',  ( -0.000000000000000000, -0.000000000000000000, -1.000000000000000000 ) ) ;
#307 = DIRECTION ( 'NONE',  ( 1.000000000000000000, 0.000000000000000000, 0.000000000000000000 ) ) ;
#308 = ORIENTED_EDGE ( 'NONE', *, *, #9, .F. ) ;
#309 = CARTESIAN_POINT ( 'NONE',  ( 62.01800000000000779, -76.69699999999399154, -4.400000000000001243 ) ) ;
#310 = CYLINDRICAL_SURFACE ( 'NONE', #879, 1.200000000000006617 ) ;
#311 = DIRECTION ( 'NONE',  ( 1.000000000000000000, 3.909236002201257118E-16, 0.000000000000000000 ) ) ;
#312 = DIRECTION ( 'NONE',  ( -0.000000000000000000, 0.000000000000000000, -1.000000000000000000 ) ) ;
#313 = VECTOR ( 'NONE', #2118, 1000.000000000000000 ) ;
#314 = VERTEX_POINT ( 'NONE', #448 ) ;
#315 = EDGE_CURVE ( 'NONE', #1718, #1411, #1129, .T. ) ;
#316 = CIRCLE ( 'NONE', #916, 1.200000000000006617 ) ;
#317 = ORIENTED_EDGE ( 'NONE', *, *, #2090, .T. ) ;
#318 = DIRECTION ( 'NONE',  ( -0.000000000000000000, -0.000000000000000000, -1.000000000000000000 ) ) ;
#319 = ORIENTED_EDGE ( 'NONE', *, *, #114, .F. ) ;
#320 = CARTESIAN_POINT ( 'NONE',  ( 97.30685438199984105, -44.69699999999399154, -0.000000000000000000 ) ) ;
#321 = DIRECTION ( 'NONE',  ( -0.000000000000000000, -0.000000000000000000, 1.000000000000000000 ) ) ;
#322 = DIRECTION ( 'NONE',  ( 0.000000000000000000, -0.000000000000000000, -1.000000000000000000 ) ) ;
#323 = CARTESIAN_POINT ( 'NONE',  ( 90.46799999999998931, -44.69699999999399154, 3.000000000000000000 ) ) ;
#324 = FACE_BOUND ( 'NONE', #2091, .T. ) ;
#325 = VECTOR ( 'NONE', #1288, 1000.000000000000000 ) ;
#326 = AXIS2_PLACEMENT_3D ( 'NONE', #473, #1416, #462 ) ;
#327 = ORIENTED_EDGE ( 'NONE', *, *, #1911, .F. ) ;
#328 = CARTESIAN_POINT ( 'NONE',  ( 90.46799999999998931, -75.69699999999399154, -4.400000000000001243 ) ) ;
#329 = ORIENTED_EDGE ( 'NONE', *, *, #1606, .T. ) ;
#330 = PLANE ( 'NONE',  #417 ) ;
#331 = LINE ( 'NONE', #2017, #1789 ) ;
#332 = CARTESIAN_POINT ( 'NONE',  ( 90.46799999999998931, -75.69699999999399154, 3.000000000000000000 ) ) ;
#333 = PLANE ( 'NONE',  #2103 ) ;
#334 = EDGE_CURVE ( 'NONE', #2081, #304, #1108, .T. ) ;
#335 = CARTESIAN_POINT ( 'NONE',  ( 0.000000000000000000, 0.000000000000000000, -4.400000000000000355 ) ) ;
#336 = LINE ( 'NONE', #838, #1612 ) ;
#337 = EDGE_CURVE ( 'NONE', #1454, #1697, #436, .T. ) ;
#338 = EDGE_CURVE ( 'NONE', #1298, #702, #782, .T. ) ;
#339 = ORIENTED_EDGE ( 'NONE', *, *, #826, .T. ) ;
#340 = CARTESIAN_POINT ( 'NONE',  ( 0.000000000000000000, -44.69699999999399154, -0.000000000000000000 ) ) ;
#341 = CYLINDRICAL_SURFACE ( 'NONE', #1850, 1.200000000000006617 ) ;
#342 = LINE ( 'NONE', #1521, #1924 ) ;
#343 = ORIENTED_EDGE ( 'NONE', *, *, #244, .T. ) ;
#344 = VERTEX_POINT ( 'NONE', #460 ) ;
#345 = CARTESIAN_POINT ( 'NONE',  ( 69.01800000000000068, -75.69699999999399154, 0.000000000000000000 ) ) ;
#346 = VECTOR ( 'NONE', #459, 1000.000000000000000 ) ;
#347 = VECTOR ( 'NONE', #216, 1000.000000000000000 ) ;
#348 = ORIENTED_EDGE ( 'NONE', *, *, #287, .F. ) ;
#349 = DIRECTION ( 'NONE',  ( -1.000000000000000000, 0.000000000000000000, 0.000000000000000000 ) ) ;
#350 = EDGE_CURVE ( 'NONE', #1535, #387, #512, .T. ) ;
#351 = DIRECTION ( 'NONE',  ( 1.000000000000000000, 0.000000000000000000, 0.000000000000000000 ) ) ;
#352 = DIRECTION ( 'NONE',  ( -0.000000000000000000, -0.000000000000000000, 1.000000000000000000 ) ) ;
#353 = ORIENTED_EDGE ( 'NONE', *, *, #2144, .T. ) ;
#354 = ORIENTED_EDGE ( 'NONE', *, *, #2090, .F. ) ;
#355 = DIRECTION ( 'NONE',  ( 0.000000000000000000, -1.000000000000000000, 0.000000000000000000 ) ) ;
#356 = EDGE_CURVE ( 'NONE', #1659, #1502, #1683, .T. ) ;
#357 = ORIENTED_EDGE ( 'NONE', *, *, #467, .F. ) ;
#358 = DIRECTION ( 'NONE',  ( -1.000000000000000000, 0.000000000000000000, 0.000000000000000000 ) ) ;
#359 = LINE ( 'NONE', #493, #1272 ) ;
#360 = EDGE_CURVE ( 'NONE', #905, #936, #547, .T. ) ;
#361 = CARTESIAN_POINT ( 'NONE',  ( 60.22914561800017452, -76.89699999999399438, -44.43123780249621291 ) ) ;
#362 = ORIENTED_EDGE ( 'NONE', *, *, #69, .F. ) ;
#363 =( GEOMETRIC_REPRESENTATION_CONTEXT ( 3 ) GLOBAL_UNCERTAINTY_ASSIGNED_CONTEXT ( ( #1211 ) ) GLOBAL_UNIT_ASSIGNED_CONTEXT ( ( #1834, #1508, #1466 ) ) REPRESENTATION_CONTEXT ( 'NONE', 'WORKASPACE' ) );
#364 = EDGE_LOOP ( 'NONE', ( #213, #1303 ) ) ;
#365 = DIRECTION ( 'NONE',  ( 1.000000000000000000, 0.000000000000000000, 0.000000000000000000 ) ) ;
#366 = ORIENTED_EDGE ( 'NONE', *, *, #510, .F. ) ;
#367 = ORIENTED_EDGE ( 'NONE', *, *, #41, .T. ) ;
#368 = CARTESIAN_POINT ( 'NONE',  ( 70.46799999999998931, -75.69699999999399154, -4.400000000000001243 ) ) ;
#369 = CARTESIAN_POINT ( 'NONE',  ( 0.000000000000000000, -44.69699999999399154, -0.000000000000000000 ) ) ;
#370 = DIRECTION ( 'NONE',  ( -0.000000000000000000, -0.000000000000000000, -1.000000000000000000 ) ) ;
#371 = VECTOR ( 'NONE', #1383, 1000.000000000000000 ) ;
#372 = DIRECTION ( 'NONE',  ( -1.000000000000000000, 0.000000000000000000, 0.000000000000000000 ) ) ;
#373 = EDGE_CURVE ( 'NONE', #519, #1680, #1344, .T. ) ;
#374 = ORIENTED_EDGE ( 'NONE', *, *, #181, .T. ) ;
#375 = DIRECTION ( 'NONE',  ( -0.000000000000000000, -0.000000000000000000, 1.000000000000000000 ) ) ;
#376 = ORIENTED_EDGE ( 'NONE', *, *, #1094, .F. ) ;
#377 = ORIENTED_EDGE ( 'NONE', *, *, #1297, .T. ) ;
#378 = CARTESIAN_POINT ( 'NONE',  ( 96.51800000000001489, -85.68699999999398642, 3.000000000000000000 ) ) ;
#379 = CIRCLE ( 'NONE', #1801, 1.200000000000006617 ) ;
#380 = CONICAL_SURFACE ( 'NONE', #1484, 2.750000000000002665, 0.7853981633974519427 ) ;
#381 = DIRECTION ( 'NONE',  ( -1.000000000000000000, 0.000000000000000000, 0.000000000000000000 ) ) ;
#382 = DIRECTION ( 'NONE',  ( 0.000000000000000000, 0.000000000000000000, -1.000000000000000000 ) ) ;
#383 = PLANE ( 'NONE',  #2088 ) ;
#384 = AXIS2_PLACEMENT_3D ( 'NONE', #1974, #12, #692 ) ;
#385 = ORIENTED_EDGE ( 'NONE', *, *, #1122, .F. ) ;
#386 = FACE_OUTER_BOUND ( 'NONE', #501, .T. ) ;
#387 = VERTEX_POINT ( 'NONE', #832 ) ;
#388 = ORIENTED_EDGE ( 'NONE', *, *, #1523, .F. ) ;
#389 = LINE ( 'NONE', #1893, #2089 ) ;
#390 = VECTOR ( 'NONE', #1968, 1000.000000000000000 ) ;
#391 = DIRECTION ( 'NONE',  ( 0.7071067811865425767, 0.7071067811865525687, -0.000000000000000000 ) ) ;
#392 = LINE ( 'NONE', #921, #1196 ) ;
#393 = DIRECTION ( 'NONE',  ( -0.000000000000000000, -0.000000000000000000, 1.000000000000000000 ) ) ;
#394 = EDGE_CURVE ( 'NONE', #964, #1778, #331, .T. ) ;
#395 = VERTEX_POINT ( 'NONE', #3 ) ;
#396 = AXIS2_PLACEMENT_3D ( 'NONE', #518, #867, #693 ) ;
#397 = ORIENTED_EDGE ( 'NONE', *, *, #1816, .F. ) ;
#398 = VERTEX_POINT ( 'NONE', #670 ) ;
#399 = CARTESIAN_POINT ( 'NONE',  ( 54.01800000000000779, -44.69699999999399154, -1.800000000000000044 ) ) ;
#400 = ADVANCED_FACE ( 'NONE', ( #1506 ), #1682, .F. ) ;
#401 = DIRECTION ( 'NONE',  ( 0.000000000000000000, 0.000000000000000000, 1.000000000000000000 ) ) ;
#402 = DIRECTION ( 'NONE',  ( -0.7071067811865425767, -0.7071067811865525687, -0.000000000000000000 ) ) ;
#403 = DIRECTION ( 'NONE',  ( -1.000000000000000000, 0.000000000000000000, 0.000000000000000000 ) ) ;
#404 = VECTOR ( 'NONE', #487, 1000.000000000000000 ) ;
#405 = VERTEX_POINT ( 'NONE', #1498 ) ;
#406 = EDGE_CURVE ( 'NONE', #1308, #1010, #1159, .T. ) ;
#407 = CARTESIAN_POINT ( 'NONE',  ( 86.26800000000000068, -75.69699999999399154, 3.000000000000001776 ) ) ;
#408 = VERTEX_POINT ( 'NONE', #843 ) ;
#409 = ORIENTED_EDGE ( 'NONE', *, *, #1121, .T. ) ;
#410 = VECTOR ( 'NONE', #1476, 1000.000000000000000 ) ;
#411 = CARTESIAN_POINT ( 'NONE',  ( 69.01800000000000068, -75.69699999999399154, 3.000000000000000000 ) ) ;
#412 = DIRECTION ( 'NONE',  ( 1.000000000000000000, 0.000000000000000000, 0.000000000000000000 ) ) ;
#413 = ORIENTED_EDGE ( 'NONE', *, *, #1136, .T. ) ;
#414 = CARTESIAN_POINT ( 'NONE',  ( 62.01800000000000779, -79.69699999999399154, -4.400000000000001243 ) ) ;
#415 = DIRECTION ( 'NONE',  ( -1.000000000000000000, 0.000000000000000000, 0.000000000000000000 ) ) ;
#416 = EDGE_CURVE ( 'NONE', #624, #1320, #1331, .T. ) ;
#417 = AXIS2_PLACEMENT_3D ( 'NONE', #842, #1020, #669 ) ;
#418 = VECTOR ( 'NONE', #55, 1000.000000000000000 ) ;
#419 = AXIS2_PLACEMENT_3D ( 'NONE', #1882, #844, #1356 ) ;
#420 = EDGE_CURVE ( 'NONE', #19, #905, #2175, .T. ) ;
#421 = DIRECTION ( 'NONE',  ( 0.000000000000000000, -0.000000000000000000, 1.000000000000000000 ) ) ;
#422 = EDGE_LOOP ( 'NONE', ( #1883, #780, #1199, #1561 ) ) ;
#423 = DIRECTION ( 'NONE',  ( -0.000000000000000000, -0.000000000000000000, 1.000000000000000000 ) ) ;
#424 = ORIENTED_EDGE ( 'NONE', *, *, #697, .T. ) ;
#425 = CARTESIAN_POINT ( 'NONE',  ( 67.56799999999999784, -75.69699999999399154, -4.400000000000001243 ) ) ;
#426 = CARTESIAN_POINT ( 'NONE',  ( 96.51800000000001489, -36.18699999999400063, 3.000000000000000000 ) ) ;
#427 = EDGE_CURVE ( 'NONE', #1782, #1184, #1012, .T. ) ;
#428 = CYLINDRICAL_SURFACE ( 'NONE', #513, 1.449999999999993072 ) ;
#429 = EDGE_CURVE ( 'NONE', #1766, #928, #619, .T. ) ;
#430 = ORIENTED_EDGE ( 'NONE', *, *, #1242, .T. ) ;
#431 = DIRECTION ( 'NONE',  ( -0.000000000000000000, -0.000000000000000000, -1.000000000000000000 ) ) ;
#432 = ORIENTED_EDGE ( 'NONE', *, *, #1557, .F. ) ;
#433 = CARTESIAN_POINT ( 'NONE',  ( 65.51800000000000068, -74.49699999999398869, -44.43123780249621291 ) ) ;
#434 = ORIENTED_EDGE ( 'NONE', *, *, #1309, .F. ) ;
#435 = DIRECTION ( 'NONE',  ( -5.863854003301888636E-16, 1.000000000000000000, 0.000000000000000000 ) ) ;
#436 = LINE ( 'NONE', #956, #231 ) ;
#437 = EDGE_CURVE ( 'NONE', #914, #140, #153, .T. ) ;
#438 = AXIS2_PLACEMENT_3D ( 'NONE', #2005, #1180, #1322 ) ;
#439 = AXIS2_PLACEMENT_3D ( 'NONE', #7, #677, #509 ) ;
#440 = ADVANCED_FACE ( 'NONE', ( #548 ), #1903, .T. ) ;
#441 = ORIENTED_EDGE ( 'NONE', *, *, #898, .F. ) ;
#442 = LINE ( 'NONE', #1803, #1564 ) ;
#443 = ORIENTED_EDGE ( 'NONE', *, *, #337, .F. ) ;
#444 = CYLINDRICAL_SURFACE ( 'NONE', #630, 1.449999999999993072 ) ;
#445 = FACE_OUTER_BOUND ( 'NONE', #1372, .T. ) ;
#446 = ORIENTED_EDGE ( 'NONE', *, *, #959, .F. ) ;
#447 = CARTESIAN_POINT ( 'NONE',  ( 54.01800000000003621, -78.68699999999401484, 3.000000000000000000 ) ) ;
#448 = CARTESIAN_POINT ( 'NONE',  ( 90.46799999999998931, -44.69699999999399154, 1.700000000000001954 ) ) ;
#449 = FACE_OUTER_BOUND ( 'NONE', #950, .T. ) ;
#450 = VECTOR ( 'NONE', #749, 1000.000000000000000 ) ;
#451 = DIRECTION ( 'NONE',  ( 0.000000000000000000, 0.000000000000000000, 1.000000000000000000 ) ) ;
#452 = AXIS2_PLACEMENT_3D ( 'NONE', #1240, #1219, #1919 ) ;
#453 = VECTOR ( 'NONE', #1936, 1000.000000000000000 ) ;
#454 = ORIENTED_EDGE ( 'NONE', *, *, #1937, .F. ) ;
#455 = ADVANCED_FACE ( 'NONE', ( #65 ), #75, .T. ) ;
#456 = CARTESIAN_POINT ( 'NONE',  ( 0.000000000000000000, -75.69699999999399154, -44.43123780249621291 ) ) ;
#457 = CARTESIAN_POINT ( 'NONE',  ( 54.01800000000000779, -44.69699999999399154, 0.000000000000000000 ) ) ;
#458 = VERTEX_POINT ( 'NONE', #910 ) ;
#459 = DIRECTION ( 'NONE',  ( -0.000000000000000000, -0.000000000000000000, -1.000000000000000000 ) ) ;
#460 = CARTESIAN_POINT ( 'NONE',  ( 96.51800000000001489, -36.18699999999400063, 3.000000000000000000 ) ) ;
#461 = ORIENTED_EDGE ( 'NONE', *, *, #1121, .F. ) ;
#462 = DIRECTION ( 'NONE',  ( 0.000000000000000000, -0.000000000000000000, 1.000000000000000000 ) ) ;
#463 = FACE_OUTER_BOUND ( 'NONE', #998, .T. ) ;
#464 = VERTEX_POINT ( 'NONE', #747 ) ;
#465 = PLANE ( 'NONE',  #1275 ) ;
#466 = FACE_BOUND ( 'NONE', #116, .T. ) ;
#467 = EDGE_CURVE ( 'NONE', #2127, #204, #2147, .T. ) ;
#468 = AXIS2_PLACEMENT_3D ( 'NONE', #1325, #1643, #2155 ) ;
#469 = EDGE_LOOP ( 'NONE', ( #327, #1279, #143, #1087 ) ) ;
#470 = FACE_BOUND ( 'NONE', #96, .T. ) ;
#471 = CARTESIAN_POINT ( 'NONE',  ( 103.5180000000000291, -78.68699999999398642, 0.000000000000000000 ) ) ;
#472 = EDGE_CURVE ( 'NONE', #2003, #1524, #1737, .T. ) ;
#473 = CARTESIAN_POINT ( 'NONE',  ( 0.000000000000000000, -40.69699999999399154, -44.43123780249621291 ) ) ;
#474 = LINE ( 'NONE', #323, #257 ) ;
#475 = VECTOR ( 'NONE', #1026, 1000.000000000000000 ) ;
#476 = DIRECTION ( 'NONE',  ( -1.000000000000000000, 0.000000000000000000, 0.000000000000000000 ) ) ;
#477 = EDGE_LOOP ( 'NONE', ( #1686, #535, #222, #2024 ) ) ;
#478 = DIRECTION ( 'NONE',  ( 1.000000000000000000, 0.000000000000000000, 0.000000000000000000 ) ) ;
#479 = ORIENTED_EDGE ( 'NONE', *, *, #1847, .F. ) ;
#480 = DIRECTION ( 'NONE',  ( 0.000000000000000000, -0.000000000000000000, 1.000000000000000000 ) ) ;
#481 = CARTESIAN_POINT ( 'NONE',  ( 59.51800000000000779, -56.68699999999399353, 0.000000000000000000 ) ) ;
#482 = CARTESIAN_POINT ( 'NONE',  ( 56.51800000000001489, -45.69699999999399154, -1.800000000000000044 ) ) ;
#483 = DIRECTION ( 'NONE',  ( 1.000000000000000000, 0.000000000000000000, 0.000000000000000000 ) ) ;
#484 = CIRCLE ( 'NONE', #987, 3.000000000000002665 ) ;
#485 = AXIS2_PLACEMENT_3D ( 'NONE', #239, #562, #57 ) ;
#486 = EDGE_LOOP ( 'NONE', ( #610, #729, #532, #1289, #42 ) ) ;
#487 = DIRECTION ( 'NONE',  ( 0.000000000000000000, 0.000000000000000000, -1.000000000000000000 ) ) ;
#488 = EDGE_CURVE ( 'NONE', #1958, #2161, #967, .T. ) ;
#489 = VERTEX_POINT ( 'NONE', #737 ) ;
#490 = CYLINDRICAL_SURFACE ( 'NONE', #628, 2.999999999999995559 ) ;
#491 = DIRECTION ( 'NONE',  ( 0.000000000000000000, 0.000000000000000000, 1.000000000000000000 ) ) ;
#492 = VECTOR ( 'NONE', #2160, 1000.000000000000000 ) ;
#493 = CARTESIAN_POINT ( 'NONE',  ( 58.51800000000000779, -59.68699999999399353, -4.400000000000000355 ) ) ;
#494 = DIRECTION ( 'NONE',  ( -1.000000000000000000, 0.000000000000000000, 0.000000000000000000 ) ) ;
#495 = ORIENTED_EDGE ( 'NONE', *, *, #82, .F. ) ;
#496 = ADVANCED_FACE ( 'NONE', ( #228 ), #1602, .F. ) ;
#497 = AXIS2_PLACEMENT_3D ( 'NONE', #920, #1938, #1423 ) ;
#498 = EDGE_CURVE ( 'NONE', #575, #702, #1776, .T. ) ;
#499 = EDGE_CURVE ( 'NONE', #1376, #1718, #893, .T. ) ;
#500 = CARTESIAN_POINT ( 'NONE',  ( 65.51800000000000068, -74.49699999999398869, 0.000000000000000000 ) ) ;
#501 = EDGE_LOOP ( 'NONE', ( #446, #721, #720, #130 ) ) ;
#502 = DIRECTION ( 'NONE',  ( -0.000000000000000000, -0.000000000000000000, 1.000000000000000000 ) ) ;
#503 = CARTESIAN_POINT ( 'NONE',  ( 56.51800000000001489, -45.69699999999399154, -1.800000000000000044 ) ) ;
#504 = AXIS2_PLACEMENT_3D ( 'NONE', #1163, #451, #1998 ) ;
#505 = CARTESIAN_POINT ( 'NONE',  ( 99.01800000000002910, -56.68699999999400063, -4.400000000000000355 ) ) ;
#506 = CARTESIAN_POINT ( 'NONE',  ( 89.01800000000000068, -44.69699999999399154, 1.700000000000001954 ) ) ;
#507 = CARTESIAN_POINT ( 'NONE',  ( 69.01800000000000068, -75.69699999999399154, -4.400000000000001243 ) ) ;
#508 = VERTEX_POINT ( 'NONE', #2070 ) ;
#509 = DIRECTION ( 'NONE',  ( -1.000000000000000000, 0.000000000000000000, 0.000000000000000000 ) ) ;
#510 = EDGE_CURVE ( 'NONE', #1721, #1052, #1434, .T. ) ;
#511 = CARTESIAN_POINT ( 'NONE',  ( 0.000000000000000000, 0.000000000000000000, 0.000000000000000000 ) ) ;
#512 = CIRCLE ( 'NONE', #1752, 3.000000000000002665 ) ;
#513 = AXIS2_PLACEMENT_3D ( 'NONE', #881, #1069, #1910 ) ;
#514 = ORIENTED_EDGE ( 'NONE', *, *, #437, .T. ) ;
#515 = CARTESIAN_POINT ( 'NONE',  ( 69.01800000000000068, -75.69699999999399154, 1.700000000000001954 ) ) ;
#516 = DIRECTION ( 'NONE',  ( 1.000000000000000000, 0.000000000000000000, 0.000000000000000000 ) ) ;
#517 = ORIENTED_EDGE ( 'NONE', *, *, #1060, .T. ) ;
#518 = CARTESIAN_POINT ( 'NONE',  ( 72.51799999999998647, -45.89699999999399438, 0.000000000000000000 ) ) ;
#519 = VERTEX_POINT ( 'NONE', #900 ) ;
#520 = STYLED_ITEM ( 'NONE', ( #131 ), #183 ) ;
#521 = EDGE_LOOP ( 'NONE', ( #1165, #1888, #118, #552, #83, #1922 ) ) ;
#522 = DIRECTION ( 'NONE',  ( -1.000000000000000000, 0.000000000000000000, 0.000000000000000000 ) ) ;
#523 = VECTOR ( 'NONE', #1940, 999.9999999999998863 ) ;
#524 = ADVANCED_FACE ( 'NONE', ( #1247 ), #1571, .T. ) ;
#525 = AXIS2_PLACEMENT_3D ( 'NONE', #1570, #1769, #929 ) ;
#526 = ORIENTED_EDGE ( 'NONE', *, *, #803, .F. ) ;
#527 = LINE ( 'NONE', #1202, #811 ) ;
#528 = FACE_OUTER_BOUND ( 'NONE', #566, .T. ) ;
#529 = VECTOR ( 'NONE', #1777, 1000.000000000000000 ) ;
#530 = DIRECTION ( 'NONE',  ( 0.000000000000000000, 0.000000000000000000, 1.000000000000000000 ) ) ;
#531 = DIRECTION ( 'NONE',  ( 0.000000000000000000, 0.000000000000000000, -1.000000000000000000 ) ) ;
#532 = ORIENTED_EDGE ( 'NONE', *, *, #1494, .T. ) ;
#533 = CARTESIAN_POINT ( 'NONE',  ( 59.01800000000000779, -43.69699999999398443, -44.43123780249621291 ) ) ;
#534 = VERTEX_POINT ( 'NONE', #56 ) ;
#535 = ORIENTED_EDGE ( 'NONE', *, *, #1775, .F. ) ;
#536 = DIRECTION ( 'NONE',  ( -0.000000000000000000, -0.000000000000000000, 1.000000000000000000 ) ) ;
#537 = DIRECTION ( 'NONE',  ( -0.000000000000000000, -0.000000000000000000, 1.000000000000000000 ) ) ;
#538 = DIRECTION ( 'NONE',  ( 0.000000000000000000, 1.000000000000000000, 0.000000000000000000 ) ) ;
#539 = DIRECTION ( 'NONE',  ( -1.000000000000000000, 6.938893903907222067E-15, 0.000000000000000000 ) ) ;
#540 = EDGE_CURVE ( 'NONE', #1052, #2176, #1417, .T. ) ;
#541 = VECTOR ( 'NONE', #2040, 1000.000000000000000 ) ;
#542 = ORIENTED_EDGE ( 'NONE', *, *, #1033, .T. ) ;
#543 = LINE ( 'NONE', #946, #1793 ) ;
#544 = EDGE_LOOP ( 'NONE', ( #430, #649, #62, #1 ) ) ;
#545 = EDGE_LOOP ( 'NONE', ( #1994, #742 ) ) ;
#546 = DIRECTION ( 'NONE',  ( -1.000000000000000000, -3.909236002201257118E-16, 0.000000000000000000 ) ) ;
#547 = CIRCLE ( 'NONE', #159, 1.449999999999993072 ) ;
#548 = FACE_OUTER_BOUND ( 'NONE', #1877, .T. ) ;
#549 = FACE_OUTER_BOUND ( 'NONE', #2058, .T. ) ;
#550 = AXIS2_PLACEMENT_3D ( 'NONE', #1544, #718, #1729 ) ;
#551 = CARTESIAN_POINT ( 'NONE',  ( 85.51800000000000068, -75.69699999999399154, -0.000000000000000000 ) ) ;
#552 = ORIENTED_EDGE ( 'NONE', *, *, #1677, .T. ) ;
#553 = PLANE ( 'NONE',  #91 ) ;
#554 = PRESENTATION_LAYER_ASSIGNMENT (  '', '', ( #520 ) ) ;
#555 = ORIENTED_EDGE ( 'NONE', *, *, #1577, .T. ) ;
#556 = AXIS2_PLACEMENT_3D ( 'NONE', #253, #1593, #77 ) ;
#557 = EDGE_LOOP ( 'NONE', ( #317, #1408, #1637, #711 ) ) ;
#558 = CARTESIAN_POINT ( 'NONE',  ( 72.51799999999998647, -44.69699999999399154, -4.400000000000001243 ) ) ;
#559 = CIRCLE ( 'NONE', #1978, 1.200000000000006617 ) ;
#560 = EDGE_CURVE ( 'NONE', #1392, #790, #930, .T. ) ;
#561 = DIRECTION ( 'NONE',  ( 1.000000000000000000, 0.000000000000000000, -0.000000000000000000 ) ) ;
#562 = DIRECTION ( 'NONE',  ( -0.000000000000000000, -0.000000000000000000, 1.000000000000000000 ) ) ;
#563 = CARTESIAN_POINT ( 'NONE',  ( 60.22914561800017452, -75.69699999999399154, -44.43123780249621291 ) ) ;
#564 = ORIENTED_EDGE ( 'NONE', *, *, #1982, .T. ) ;
#565 = ADVANCED_FACE ( 'NONE', ( #724 ), #237, .T. ) ;
#566 = EDGE_LOOP ( 'NONE', ( #1956, #1337, #1137, #215 ) ) ;
#567 = EDGE_LOOP ( 'NONE', ( #432, #712, #1103, #73 ) ) ;
#568 = DIRECTION ( 'NONE',  ( 0.000000000000000000, -1.000000000000000000, 0.000000000000000000 ) ) ;
#569 = DIRECTION ( 'NONE',  ( 0.000000000000000000, 0.000000000000000000, 1.000000000000000000 ) ) ;
#570 = ORIENTED_EDGE ( 'NONE', *, *, #652, .F. ) ;
#571 = CARTESIAN_POINT ( 'NONE',  ( 55.51800000000001489, -56.68699999999399353, -1.800000000000000044 ) ) ;
#572 = CARTESIAN_POINT ( 'NONE',  ( 62.01800000000000779, -40.69699999999399154, -44.43123780249621291 ) ) ;
#573 = ORIENTED_EDGE ( 'NONE', *, *, #36, .F. ) ;
#574 = PLANE ( 'NONE',  #2098 ) ;
#575 = VERTEX_POINT ( 'NONE', #1259 ) ;
#576 = ADVANCED_FACE ( 'NONE', ( #88 ), #590, .T. ) ;
#577 = ORIENTED_EDGE ( 'NONE', *, *, #1033, .F. ) ;
#578 = CARTESIAN_POINT ( 'NONE',  ( 54.01800000000000779, -44.69699999999399154, -1.800000000000000044 ) ) ;
#579 = DIRECTION ( 'NONE',  ( 0.000000000000000000, 1.000000000000000000, 0.000000000000000000 ) ) ;
#580 = ORIENTED_EDGE ( 'NONE', *, *, #271, .F. ) ;
#581 = LINE ( 'NONE', #725, #1334 ) ;
#582 = CARTESIAN_POINT ( 'NONE',  ( 98.49942396999973937, -43.36366666666065584, -4.400000000000001243 ) ) ;
#583 = VECTOR ( 'NONE', #2057, 1000.000000000000000 ) ;
#584 = EDGE_CURVE ( 'NONE', #2042, #2027, #294, .T. ) ;
#585 = CARTESIAN_POINT ( 'NONE',  ( 54.01800000000000779, -44.69699999999399154, -1.800000000000000044 ) ) ;
#586 = EDGE_LOOP ( 'NONE', ( #731, #2107 ) ) ;
#587 = VECTOR ( 'NONE', #2129, 1000.000000000000000 ) ;
#588 = CARTESIAN_POINT ( 'NONE',  ( 69.01800000000000068, -75.69699999999399154, -4.400000000000001243 ) ) ;
#589 = ADVANCED_FACE ( 'NONE', ( #1125 ), #1794, .T. ) ;
#590 = CYLINDRICAL_SURFACE ( 'NONE', #1813, 2.499999999999988454 ) ;
#591 = VERTEX_POINT ( 'NONE', #1446 ) ;
#592 = DIRECTION ( 'NONE',  ( -1.000000000000000000, 0.000000000000000000, 0.000000000000000000 ) ) ;
#593 = CARTESIAN_POINT ( 'NONE',  ( 55.51800000000001489, -56.68699999999399353, -1.800000000000000044 ) ) ;
#594 = AXIS2_PLACEMENT_3D ( 'NONE', #2096, #1248, #1951 ) ;
#595 = CARTESIAN_POINT ( 'NONE',  ( 66.65313513513514465, -45.50781081080479851, -4.400000000000001243 ) ) ;
#596 = AXIS2_PLACEMENT_3D ( 'NONE', #1499, #618, #311 ) ;
#597 = CARTESIAN_POINT ( 'NONE',  ( 96.51800000000001489, -85.68699999999398642, 0.000000000000000000 ) ) ;
#598 = ORIENTED_EDGE ( 'NONE', *, *, #826, .F. ) ;
#599 = APPLICATION_PROTOCOL_DEFINITION ( 'draft international standard', 'automotive_design', 1998, #1930 ) ;
#600 = ADVANCED_FACE ( 'NONE', ( #273 ), #614, .F. ) ;
#601 = DIRECTION ( 'NONE',  ( -0.000000000000000000, -0.000000000000000000, -1.000000000000000000 ) ) ;
#602 = AXIS2_PLACEMENT_3D ( 'NONE', #2148, #2111, #1119 ) ;
#603 = VERTEX_POINT ( 'NONE', #768 ) ;
#604 = DIRECTION ( 'NONE',  ( -1.000000000000000000, 0.000000000000000000, 0.000000000000000000 ) ) ;
#605 = FACE_OUTER_BOUND ( 'NONE', #422, .T. ) ;
#606 = AXIS2_PLACEMENT_3D ( 'NONE', #808, #970, #1764 ) ;
#607 = ADVANCED_FACE ( 'NONE', ( #120 ), #1472, .F. ) ;
#608 = CARTESIAN_POINT ( 'NONE',  ( 67.56799999999999784, -75.69699999999399154, 3.000000000000000000 ) ) ;
#609 = AXIS2_PLACEMENT_3D ( 'NONE', #2020, #1539, #1031 ) ;
#610 = ORIENTED_EDGE ( 'NONE', *, *, #1189, .F. ) ;
#611 = CARTESIAN_POINT ( 'NONE',  ( 92.51799999999998647, -44.69699999999399154, -4.400000000000001243 ) ) ;
#612 = ORIENTED_EDGE ( 'NONE', *, *, #1553, .F. ) ;
#613 = LINE ( 'NONE', #457, #141 ) ;
#614 = CYLINDRICAL_SURFACE ( 'NONE', #860, 1.200000000000006617 ) ;
#615 = ORIENTED_EDGE ( 'NONE', *, *, #416, .F. ) ;
#616 = DIRECTION ( 'NONE',  ( -1.000000000000000000, 0.000000000000000000, 0.000000000000000000 ) ) ;
#617 = LINE ( 'NONE', #1830, #410 ) ;
#618 = DIRECTION ( 'NONE',  ( 3.909236002201257118E-16, -1.000000000000000000, 0.000000000000000000 ) ) ;
#619 = CIRCLE ( 'NONE', #2074, 2.499999999999988454 ) ;
#620 = EDGE_LOOP ( 'NONE', ( #1187, #157, #1645, #2080 ) ) ;
#621 = CARTESIAN_POINT ( 'NONE',  ( 95.51800000000001489, -43.69699999999399154, -44.43123780249621291 ) ) ;
#622 = ORIENTED_EDGE ( 'NONE', *, *, #103, .F. ) ;
#623 = LINE ( 'NONE', #2124, #242 ) ;
#624 = VERTEX_POINT ( 'NONE', #1291 ) ;
#625 = DIRECTION ( 'NONE',  ( -0.7071067811865525687, 0.7071067811865425767, 0.000000000000000000 ) ) ;
#626 = DIRECTION ( 'NONE',  ( 1.000000000000000000, 0.000000000000000000, 0.000000000000000000 ) ) ;
#627 = CARTESIAN_POINT ( 'NONE',  ( 66.65313513513514465, -74.88618918918317036, 0.000000000000000000 ) ) ;
#628 = AXIS2_PLACEMENT_3D ( 'NONE', #703, #1213, #152 ) ;
#629 = DIRECTION ( 'NONE',  ( -0.000000000000000000, -0.000000000000000000, -1.000000000000000000 ) ) ;
#630 = AXIS2_PLACEMENT_3D ( 'NONE', #272, #1123, #307 ) ;
#631 = EDGE_CURVE ( 'NONE', #464, #1698, #1070, .T. ) ;
#632 = VERTEX_POINT ( 'NONE', #259 ) ;
#633 = CARTESIAN_POINT ( 'NONE',  ( 0.000000000000000000, -75.69699999999399154, -4.400000000000001243 ) ) ;
#634 = ORIENTED_EDGE ( 'NONE', *, *, #189, .T. ) ;
#635 = EDGE_CURVE ( 'NONE', #93, #859, #941, .T. ) ;
#636 = EDGE_CURVE ( 'NONE', #1522, #1706, #45, .T. ) ;
#637 = CARTESIAN_POINT ( 'NONE',  ( 86.65313513513514465, -45.50781081080479851, 0.000000000000000000 ) ) ;
#638 = ORIENTED_EDGE ( 'NONE', *, *, #266, .T. ) ;
#639 = LINE ( 'NONE', #794, #1090 ) ;
#640 = DIRECTION ( 'NONE',  ( -1.000000000000000000, 0.000000000000000000, 0.000000000000000000 ) ) ;
#641 = CARTESIAN_POINT ( 'NONE',  ( 95.51800000000001489, -40.69699999999399154, -4.400000000000001243 ) ) ;
#642 = DIRECTION ( 'NONE',  ( -1.000000000000000000, 0.000000000000000000, 0.000000000000000000 ) ) ;
#643 = ORIENTED_EDGE ( 'NONE', *, *, #315, .F. ) ;
#644 = DIRECTION ( 'NONE',  ( -0.000000000000000000, -0.000000000000000000, -1.000000000000000000 ) ) ;
#645 = AXIS2_PLACEMENT_3D ( 'NONE', #1194, #1022, #175 ) ;
#646 = ORIENTED_EDGE ( 'NONE', *, *, #1608, .T. ) ;
#647 = CARTESIAN_POINT ( 'NONE',  ( 69.01800000000000068, -44.69699999999399154, 1.700000000000001954 ) ) ;
#648 = CARTESIAN_POINT ( 'NONE',  ( 89.01800000000000068, -44.69699999999399154, -4.400000000000001243 ) ) ;
#649 = ORIENTED_EDGE ( 'NONE', *, *, #829, .T. ) ;
#650 = CARTESIAN_POINT ( 'NONE',  ( 58.51800000000000779, -56.68699999999399353, -4.400000000000000355 ) ) ;
#651 = DIRECTION ( 'NONE',  ( -1.000000000000000000, 0.000000000000000000, 0.000000000000000000 ) ) ;
#652 = EDGE_CURVE ( 'NONE', #1915, #398, #1959, .T. ) ;
#653 = ORIENTED_EDGE ( 'NONE', *, *, #1923, .T. ) ;
#654 = CONICAL_SURFACE ( 'NONE', #798, 2.750000000000002665, 0.7853981633974519427 ) ;
#655 = CARTESIAN_POINT ( 'NONE',  ( 56.51800000000001489, -55.68699999999397932, -1.800000000000000044 ) ) ;
#656 = EDGE_LOOP ( 'NONE', ( #1133, #1755, #1514, #1400, #1579, #1512, #367, #1005, #2001, #1603, #260, #793, #111, #1336 ) ) ;
#657 = FACE_OUTER_BOUND ( 'NONE', #1300, .T. ) ;
#658 = DIRECTION ( 'NONE',  ( -0.7071067811865501263, 8.659560562354963673E-17, 0.7071067811865450192 ) ) ;
#659 = ADVANCED_FACE ( 'NONE', ( #445 ), #1642, .F. ) ;
#660 = CARTESIAN_POINT ( 'NONE',  ( 92.51799999999998647, -44.69699999999399154, -4.400000000000001243 ) ) ;
#661 = DIRECTION ( 'NONE',  ( -0.000000000000000000, -0.000000000000000000, -1.000000000000000000 ) ) ;
#662 = ORIENTED_EDGE ( 'NONE', *, *, #1887, .F. ) ;
#663 = EDGE_CURVE ( 'NONE', #938, #53, #1276, .T. ) ;
#664 = CIRCLE ( 'NONE', #954, 2.750000000000002665 ) ;
#665 = VECTOR ( 'NONE', #806, 999.9999999999998863 ) ;
#666 = ORIENTED_EDGE ( 'NONE', *, *, #1465, .F. ) ;
#667 = CARTESIAN_POINT ( 'NONE',  ( 70.46799999999998931, -44.69699999999399154, 3.000000000000000000 ) ) ;
#668 = ORIENTED_EDGE ( 'NONE', *, *, #1419, .F. ) ;
#669 = DIRECTION ( 'NONE',  ( -1.000000000000000000, 1.713307136767216357E-16, 0.000000000000000000 ) ) ;
#670 = CARTESIAN_POINT ( 'NONE',  ( 61.01800000000001489, -36.18699999999399353, 0.000000000000000000 ) ) ;
#671 = AXIS2_PLACEMENT_3D ( 'NONE', #2019, #1865, #351 ) ;
#672 = CARTESIAN_POINT ( 'NONE',  ( 65.51800000000000068, -44.69699999999399154, -0.000000000000000000 ) ) ;
#673 = DIRECTION ( 'NONE',  ( 1.000000000000000000, 0.000000000000000000, 0.000000000000000000 ) ) ;
#674 = DIRECTION ( 'NONE',  ( -0.000000000000000000, 0.000000000000000000, -1.000000000000000000 ) ) ;
#675 = EDGE_CURVE ( 'NONE', #905, #1623, #2164, .T. ) ;
#676 = AXIS2_PLACEMENT_3D ( 'NONE', #743, #1088, #1822 ) ;
#677 = DIRECTION ( 'NONE',  ( 0.000000000000000000, 0.000000000000000000, -1.000000000000000000 ) ) ;
#678 = UNCERTAINTY_MEASURE_WITH_UNIT (LENGTH_MEASURE( 1.000000000000000082E-05 ), #791, 'distance_accuracy_value', 'NONE');
#679 = VERTEX_POINT ( 'NONE', #2177 ) ;
#680 = DIRECTION ( 'NONE',  ( -1.000000000000000000, 0.000000000000000000, 0.000000000000000000 ) ) ;
#681 = AXIS2_PLACEMENT_3D ( 'NONE', #1631, #1975, #1379 ) ;
#682 = LINE ( 'NONE', #33, #2125 ) ;
#683 = CARTESIAN_POINT ( 'NONE',  ( 0.000000000000000000, -75.69699999999399154, -0.000000000000000000 ) ) ;
#684 = CARTESIAN_POINT ( 'NONE',  ( 69.01800000000000068, -75.69699999999399154, 3.000000000000001776 ) ) ;
#685 = ADVANCED_FACE ( 'NONE', ( #449 ), #574, .T. ) ;
#686 = ORIENTED_EDGE ( 'NONE', *, *, #753, .T. ) ;
#687 = CARTESIAN_POINT ( 'NONE',  ( 97.30685438199984105, -44.69699999999399154, -4.400000000000001243 ) ) ;
#688 = APPLICATION_PROTOCOL_DEFINITION ( 'draft international standard', 'automotive_design', 1998, #940 ) ;
#689 = CIRCLE ( 'NONE', #550, 3.000000000000002665 ) ;
#690 = ORIENTED_EDGE ( 'NONE', *, *, #2114, .T. ) ;
#691 = CARTESIAN_POINT ( 'NONE',  ( 91.76800000000000068, -75.69699999999399154, 3.000000000000001776 ) ) ;
#692 = DIRECTION ( 'NONE',  ( 1.000000000000000000, 0.000000000000000000, 0.000000000000000000 ) ) ;
#693 = DIRECTION ( 'NONE',  ( -1.000000000000000000, 0.000000000000000000, 0.000000000000000000 ) ) ;
#694 = EDGE_LOOP ( 'NONE', ( #1800, #717, #1164, #1039, #2065, #1062, #1006, #1091, #542, #261, #1638, #1397, #2043, #35 ) ) ;
#695 = VECTOR ( 'NONE', #263, 1000.000000000000000 ) ;
#696 = ORIENTED_EDGE ( 'NONE', *, *, #1217, .T. ) ;
#697 = EDGE_CURVE ( 'NONE', #387, #1828, #1324, .T. ) ;
#698 = CARTESIAN_POINT ( 'NONE',  ( 55.51800000000000068, -44.69699999999399154, 0.000000000000000000 ) ) ;
#699 = AXIS2_PLACEMENT_3D ( 'NONE', #999, #1179, #1681 ) ;
#700 = AXIS2_PLACEMENT_3D ( 'NONE', #722, #1580, #734 ) ;
#701 = ADVANCED_FACE ( 'NONE', ( #124 ), #136, .T. ) ;
#702 = VERTEX_POINT ( 'NONE', #1296 ) ;
#703 = CARTESIAN_POINT ( 'NONE',  ( 62.01800000000000779, -76.69699999999399154, -44.43123780249621291 ) ) ;
#704 = LINE ( 'NONE', #1181, #1375 ) ;
#705 = AXIS2_PLACEMENT_3D ( 'NONE', #1492, #306, #1318 ) ;
#706 = CARTESIAN_POINT ( 'NONE',  ( 0.000000000000000000, -79.69699999999399154, -44.43123780249621291 ) ) ;
#707 = VERTEX_POINT ( 'NONE', #627 ) ;
#708 = ORIENTED_EDGE ( 'NONE', *, *, #416, .T. ) ;
#709 = FACE_OUTER_BOUND ( 'NONE', #233, .T. ) ;
#710 = AXIS2_PLACEMENT_3D ( 'NONE', #714, #401, #1388 ) ;
#711 = ORIENTED_EDGE ( 'NONE', *, *, #1028, .F. ) ;
#712 = ORIENTED_EDGE ( 'NONE', *, *, #1038, .F. ) ;
#713 = CARTESIAN_POINT ( 'NONE',  ( 99.01800000000002910, -56.68699999999400063, -4.400000000000000355 ) ) ;
#714 = CARTESIAN_POINT ( 'NONE',  ( 60.22914561800017452, -76.89699999999399438, 0.000000000000000000 ) ) ;
#715 = CARTESIAN_POINT ( 'NONE',  ( 89.01800000000000068, -75.69699999999399154, 3.000000000000001776 ) ) ;
#716 = DIRECTION ( 'NONE',  ( -1.000000000000000000, 0.000000000000000000, 0.000000000000000000 ) ) ;
#717 = ORIENTED_EDGE ( 'NONE', *, *, #1880, .T. ) ;
#718 = DIRECTION ( 'NONE',  ( 0.000000000000000000, 0.000000000000000000, 1.000000000000000000 ) ) ;
#719 = ADVANCED_FACE ( 'NONE', ( #1252 ), #796, .T. ) ;
#720 = ORIENTED_EDGE ( 'NONE', *, *, #1183, .T. ) ;
#721 = ORIENTED_EDGE ( 'NONE', *, *, #1532, .F. ) ;
#722 = CARTESIAN_POINT ( 'NONE',  ( 96.51800000000001489, -78.68699999999398642, 3.000000000000000000 ) ) ;
#723 = VECTOR ( 'NONE', #491, 1000.000000000000000 ) ;
#724 = FACE_OUTER_BOUND ( 'NONE', #469, .T. ) ;
#725 = CARTESIAN_POINT ( 'NONE',  ( 54.01800000000000779, -56.68699999999399353, -1.800000000000000044 ) ) ;
#726 = CARTESIAN_POINT ( 'NONE',  ( 103.5180000000000291, -43.18699999999400774, 3.000000000000000000 ) ) ;
#727 = EDGE_CURVE ( 'NONE', #1778, #1680, #1141, .T. ) ;
#728 = EDGE_CURVE ( 'NONE', #1266, #2081, #1991, .T. ) ;
#729 = ORIENTED_EDGE ( 'NONE', *, *, #2071, .F. ) ;
#730 = DIRECTION ( 'NONE',  ( 0.7071067811865501263, 0.000000000000000000, 0.7071067811865450192 ) ) ;
#731 = ORIENTED_EDGE ( 'NONE', *, *, #2101, .F. ) ;
#732 = AXIS2_PLACEMENT_3D ( 'NONE', #309, #2140, #616 ) ;
#733 = ORIENTED_EDGE ( 'NONE', *, *, #1537, .T. ) ;
#734 = DIRECTION ( 'NONE',  ( -1.000000000000000000, 0.000000000000000000, 0.000000000000000000 ) ) ;
#735 = VECTOR ( 'NONE', #2064, 1000.000000000000000 ) ;
#736 = CIRCLE ( 'NONE', #700, 7.000000000000006217 ) ;
#737 = CARTESIAN_POINT ( 'NONE',  ( 99.01800000000002910, -56.68699999999400063, 0.000000000000000000 ) ) ;
#738 = ORIENTED_EDGE ( 'NONE', *, *, #2018, .T. ) ;
#739 = FACE_OUTER_BOUND ( 'NONE', #775, .T. ) ;
#740 = DIRECTION ( 'NONE',  ( -0.000000000000000000, -0.000000000000000000, 1.000000000000000000 ) ) ;
#741 = EDGE_CURVE ( 'NONE', #1535, #172, #1673, .T. ) ;
#742 = ORIENTED_EDGE ( 'NONE', *, *, #631, .T. ) ;
#743 = CARTESIAN_POINT ( 'NONE',  ( 62.01800000000000779, -43.69699999999399154, -4.400000000000001243 ) ) ;
#744 = ORIENTED_EDGE ( 'NONE', *, *, #194, .F. ) ;
#745 = ORIENTED_EDGE ( 'NONE', *, *, #1203, .F. ) ;
#746 = CARTESIAN_POINT ( 'NONE',  ( 56.51800000000001489, -55.68699999999397932, -1.800000000000000044 ) ) ;
#747 = CARTESIAN_POINT ( 'NONE',  ( 87.56800000000001205, -44.69699999999399154, -4.400000000000001243 ) ) ;
#748 = ORIENTED_EDGE ( 'NONE', *, *, #1691, .T. ) ;
#749 = DIRECTION ( 'NONE',  ( -1.000000000000000000, 0.000000000000000000, 0.000000000000000000 ) ) ;
#750 = DIRECTION ( 'NONE',  ( 1.000000000000000000, -1.954618001100627573E-16, 0.000000000000000000 ) ) ;
#751 = EDGE_CURVE ( 'NONE', #1958, #1574, #246, .T. ) ;
#752 = ORIENTED_EDGE ( 'NONE', *, *, #498, .T. ) ;
#753 = EDGE_CURVE ( 'NONE', #26, #603, #1306, .T. ) ;
#754 = ORIENTED_EDGE ( 'NONE', *, *, #181, .F. ) ;
#755 = CARTESIAN_POINT ( 'NONE',  ( 99.01800000000002910, -56.68699999999400063, -4.400000000000000355 ) ) ;
#756 = ORIENTED_EDGE ( 'NONE', *, *, #356, .F. ) ;
#757 = CARTESIAN_POINT ( 'NONE',  ( 61.01800000000003621, -85.68699999999400063, 0.000000000000000000 ) ) ;
#758 = CARTESIAN_POINT ( 'NONE',  ( 89.01800000000000068, -44.69699999999399154, 3.000000000000001776 ) ) ;
#759 = ORIENTED_EDGE ( 'NONE', *, *, #857, .F. ) ;
#760 = CARTESIAN_POINT ( 'NONE',  ( 54.01800000000003621, -78.68699999999401484, 0.000000000000000000 ) ) ;
#761 = DIRECTION ( 'NONE',  ( -1.000000000000000000, 0.000000000000000000, 0.000000000000000000 ) ) ;
#762 = AXIS2_PLACEMENT_3D ( 'NONE', #1678, #1018, #1869 ) ;
#763 = DIRECTION ( 'NONE',  ( -1.000000000000000000, 0.000000000000000000, 0.000000000000000000 ) ) ;
#764 = ORIENTED_EDGE ( 'NONE', *, *, #1715, .F. ) ;
#765 = AXIS2_PLACEMENT_3D ( 'NONE', #1313, #1295, #1649 ) ;
#766 = FACE_BOUND ( 'NONE', #1191, .T. ) ;
#767 = ADVANCED_FACE ( 'NONE', ( #1832 ), #147, .T. ) ;
#768 = CARTESIAN_POINT ( 'NONE',  ( 72.51799999999998647, -75.69699999999399154, -4.400000000000001243 ) ) ;
#769 = ORIENTED_EDGE ( 'NONE', *, *, #1870, .T. ) ;
#770 = VECTOR ( 'NONE', #230, 1000.000000000000000 ) ;
#771 = CARTESIAN_POINT ( 'NONE',  ( 97.30685438199984105, -44.69699999999399154, 0.000000000000000000 ) ) ;
#772 = DIRECTION ( 'NONE',  ( -0.000000000000000000, 0.000000000000000000, -1.000000000000000000 ) ) ;
#773 = DIRECTION ( 'NONE',  ( -0.000000000000000000, -0.000000000000000000, 1.000000000000000000 ) ) ;
#774 = AXIS2_PLACEMENT_3D ( 'NONE', #974, #431, #789 ) ;
#775 = EDGE_LOOP ( 'NONE', ( #2151, #1558, #1839, #104 ) ) ;
#776 = FACE_OUTER_BOUND ( 'NONE', #1990, .T. ) ;
#777 = ORIENTED_EDGE ( 'NONE', *, *, #1072, .F. ) ;
#778 = FILL_AREA_STYLE_COLOUR ( '', #99 ) ;
#779 = CARTESIAN_POINT ( 'NONE',  ( 89.01800000000000068, -44.69699999999399154, -4.400000000000001243 ) ) ;
#780 = ORIENTED_EDGE ( 'NONE', *, *, #1143, .F. ) ;
#781 = FACE_OUTER_BOUND ( 'NONE', #854, .T. ) ;
#782 = LINE ( 'NONE', #1809, #1114 ) ;
#783 = AXIS2_PLACEMENT_3D ( 'NONE', #288, #1113, #1636 ) ;
#784 = FACE_OUTER_BOUND ( 'NONE', #2102, .T. ) ;
#785 = CARTESIAN_POINT ( 'NONE',  ( 89.01800000000000068, -44.69699999999399154, 3.000000000000000000 ) ) ;
#786 = AXIS2_PLACEMENT_3D ( 'NONE', #1479, #629, #2166 ) ;
#787 = VERTEX_POINT ( 'NONE', #1597 ) ;
#788 = ADVANCED_FACE ( 'NONE', ( #784 ), #1651, .T. ) ;
#789 = DIRECTION ( 'NONE',  ( -1.000000000000000000, 0.000000000000000000, 0.000000000000000000 ) ) ;
#790 = VERTEX_POINT ( 'NONE', #1131 ) ;
#791 =( LENGTH_UNIT ( ) NAMED_UNIT ( * ) SI_UNIT ( .MILLI., .METRE. ) );
#792 = DIRECTION ( 'NONE',  ( 0.000000000000000000, 0.000000000000000000, 1.000000000000000000 ) ) ;
#793 = ORIENTED_EDGE ( 'NONE', *, *, #584, .T. ) ;
#794 = CARTESIAN_POINT ( 'NONE',  ( 91.76800000000000068, -44.69699999999399154, 3.000000000000001776 ) ) ;
#795 = DIRECTION ( 'NONE',  ( 0.000000000000000000, 0.000000000000000000, 1.000000000000000000 ) ) ;
#796 = PLANE ( 'NONE',  #606 ) ;
#797 = CARTESIAN_POINT ( 'NONE',  ( 58.51800000000000779, -57.68699999999400774, -4.400000000000000355 ) ) ;
#798 = AXIS2_PLACEMENT_3D ( 'NONE', #1503, #2179, #18 ) ;
#799 = PRODUCT_DEFINITION ( 'Î´Öª', '', #948, #2172 ) ;
#800 = ADVANCED_FACE ( 'NONE', ( #2007 ), #1464, .F. ) ;
#801 = DIRECTION ( 'NONE',  ( -0.000000000000000000, -0.000000000000000000, 1.000000000000000000 ) ) ;
#802 = FACE_BOUND ( 'NONE', #486, .T. ) ;
#803 = EDGE_CURVE ( 'NONE', #1915, #964, #2022, .T. ) ;
#804 = AXIS2_PLACEMENT_3D ( 'NONE', #1972, #135, #1961 ) ;
#805 = ORIENTED_EDGE ( 'NONE', *, *, #139, .T. ) ;
#806 = DIRECTION ( 'NONE',  ( 0.7071067811865525687, -0.7071067811865425767, 0.000000000000000000 ) ) ;
#807 = DIRECTION ( 'NONE',  ( -1.000000000000000000, 0.000000000000000000, 0.000000000000000000 ) ) ;
#808 = CARTESIAN_POINT ( 'NONE',  ( 0.000000000000000000, 0.000000000000000000, -4.400000000000000355 ) ) ;
#809 = CIRCLE ( 'NONE', #1551, 1.449999999999993072 ) ;
#810 = DIRECTION ( 'NONE',  ( -0.000000000000000000, -0.000000000000000000, -1.000000000000000000 ) ) ;
#811 = VECTOR ( 'NONE', #1881, 1000.000000000000000 ) ;
#812 = EDGE_CURVE ( 'NONE', #1096, #936, #1171, .T. ) ;
#813 = ORIENTED_EDGE ( 'NONE', *, *, #1608, .F. ) ;
#814 = AXIS2_PLACEMENT_3D ( 'NONE', #876, #833, #1215 ) ;
#815 = CARTESIAN_POINT ( 'NONE',  ( 54.01800000000000779, -44.69699999999399154, -1.800000000000000044 ) ) ;
#816 =( NAMED_UNIT ( * ) SI_UNIT ( $, .STERADIAN. ) SOLID_ANGLE_UNIT ( ) );
#817 = ORIENTED_EDGE ( 'NONE', *, *, #1350, .T. ) ;
#818 = CARTESIAN_POINT ( 'NONE',  ( 72.51799999999998647, -44.69699999999399154, -0.000000000000000000 ) ) ;
#819 = CARTESIAN_POINT ( 'NONE',  ( 61.01800000000003621, -85.68699999999400063, 3.000000000000000000 ) ) ;
#820 = ORIENTED_EDGE ( 'NONE', *, *, #1242, .F. ) ;
#821 = CARTESIAN_POINT ( 'NONE',  ( 98.49942396999973937, -43.36366666666065584, -44.43123780249621291 ) ) ;
#822 = AXIS2_PLACEMENT_3D ( 'NONE', #1734, #219, #2115 ) ;
#823 = FACE_OUTER_BOUND ( 'NONE', #1587, .T. ) ;
#824 = ADVANCED_FACE ( 'NONE', ( #528 ), #174, .F. ) ;
#825 = ORIENTED_EDGE ( 'NONE', *, *, #108, .F. ) ;
#826 = EDGE_CURVE ( 'NONE', #975, #2121, #1846, .T. ) ;
#827 = CARTESIAN_POINT ( 'NONE',  ( 99.01800000000002910, -59.68699999999400063, 0.000000000000000000 ) ) ;
#828 = CIRCLE ( 'NONE', #609, 1.200000000000006617 ) ;
#829 = EDGE_CURVE ( 'NONE', #1706, #76, #682, .T. ) ;
#830 = ORIENTED_EDGE ( 'NONE', *, *, #1117, .F. ) ;
#831 = CARTESIAN_POINT ( 'NONE',  ( 0.000000000000000000, -75.69699999999399154, -0.000000000000000000 ) ) ;
#832 = CARTESIAN_POINT ( 'NONE',  ( 95.51800000000001489, -40.69699999999399154, -0.000000000000000000 ) ) ;
#833 = DIRECTION ( 'NONE',  ( -0.000000000000000000, -0.000000000000000000, -1.000000000000000000 ) ) ;
#834 = ORIENTED_EDGE ( 'NONE', *, *, #1932, .T. ) ;
#835 = VECTOR ( 'NONE', #321, 1000.000000000000000 ) ;
#836 = ORIENTED_EDGE ( 'NONE', *, *, #103, .T. ) ;
#837 = VECTOR ( 'NONE', #1328, 1000.000000000000000 ) ;
#838 = CARTESIAN_POINT ( 'NONE',  ( 103.5180000000000291, -78.68699999999398642, 3.000000000000000000 ) ) ;
#839 = ORIENTED_EDGE ( 'NONE', *, *, #1523, .T. ) ;
#840 = EDGE_CURVE ( 'NONE', #140, #395, #1528, .T. ) ;
#841 = ORIENTED_EDGE ( 'NONE', *, *, #54, .T. ) ;
#842 = CARTESIAN_POINT ( 'NONE',  ( 99.01800000000002910, -59.68699999999400063, -4.400000000000000355 ) ) ;
#843 = CARTESIAN_POINT ( 'NONE',  ( 55.51800000000000068, -44.69699999999399154, -1.800000000000000044 ) ) ;
#844 = DIRECTION ( 'NONE',  ( 0.000000000000000000, 1.000000000000000000, 0.000000000000000000 ) ) ;
#845 = CARTESIAN_POINT ( 'NONE',  ( 61.01800000000003621, -85.68699999999400063, 3.000000000000000000 ) ) ;
#846 = CARTESIAN_POINT ( 'NONE',  ( 87.56800000000001205, -75.69699999999399154, -4.400000000000001243 ) ) ;
#847 = AXIS2_PLACEMENT_3D ( 'NONE', #943, #1449, #604 ) ;
#848 = CIRCLE ( 'NONE', #1057, 2.499999999999988454 ) ;
#849 = CIRCLE ( 'NONE', #1765, 3.000000000000002665 ) ;
#850 = ORIENTED_EDGE ( 'NONE', *, *, #1117, .T. ) ;
#851 = CARTESIAN_POINT ( 'NONE',  ( 66.65313513513514465, -45.50781081080479851, -44.43123780249621291 ) ) ;
#852 = EDGE_LOOP ( 'NONE', ( #1568, #890, #60, #225 ) ) ;
#853 = DIRECTION ( 'NONE',  ( 0.000000000000000000, 0.000000000000000000, 1.000000000000000000 ) ) ;
#854 = EDGE_LOOP ( 'NONE', ( #1234, #1543, #834, #1447 ) ) ;
#855 = LINE ( 'NONE', #831, #2014 ) ;
#856 = LINE ( 'NONE', #1507, #960 ) ;
#857 = EDGE_CURVE ( 'NONE', #395, #2093, #359, .T. ) ;
#858 = CARTESIAN_POINT ( 'NONE',  ( 54.01800000000000779, -43.18699999999405037, 3.000000000000000000 ) ) ;
#859 = VERTEX_POINT ( 'NONE', #866 ) ;
#860 = AXIS2_PLACEMENT_3D ( 'NONE', #433, #1780, #1280 ) ;
#861 = ORIENTED_EDGE ( 'NONE', *, *, #728, .F. ) ;
#862 = DIRECTION ( 'NONE',  ( 0.000000000000000000, 0.000000000000000000, -1.000000000000000000 ) ) ;
#863 = ORIENTED_EDGE ( 'NONE', *, *, #1541, .F. ) ;
#864 = DIRECTION ( 'NONE',  ( 0.7071067811865501263, 0.000000000000000000, 0.7071067811865450192 ) ) ;
#865 = CIRCLE ( 'NONE', #15, 1.200000000000006617 ) ;
#866 = CARTESIAN_POINT ( 'NONE',  ( 54.01800000000000779, -44.69699999999399154, 0.000000000000000000 ) ) ;
#867 = DIRECTION ( 'NONE',  ( -0.000000000000000000, -0.000000000000000000, -1.000000000000000000 ) ) ;
#868 = ORIENTED_EDGE ( 'NONE', *, *, #28, .T. ) ;
#869 = EDGE_CURVE ( 'NONE', #1010, #1984, #704, .T. ) ;
#870 = ADVANCED_FACE ( 'NONE', ( #1333 ), #1538, .F. ) ;
#871 = EDGE_CURVE ( 'NONE', #1700, #1984, #856, .T. ) ;
#872 = ORIENTED_EDGE ( 'NONE', *, *, #150, .F. ) ;
#873 = LINE ( 'NONE', #1708, #1433 ) ;
#874 = ORIENTED_EDGE ( 'NONE', *, *, #753, .F. ) ;
#875 = DIRECTION ( 'NONE',  ( 0.000000000000000000, 0.000000000000000000, 1.000000000000000000 ) ) ;
#876 = CARTESIAN_POINT ( 'NONE',  ( 97.30685438199984105, -76.89699999999399438, -4.400000000000001243 ) ) ;
#877 = DIRECTION ( 'NONE',  ( -0.7071067811865501263, 8.659560562354963673E-17, 0.7071067811865450192 ) ) ;
#878 = LINE ( 'NONE', #1844, #735 ) ;
#879 = AXIS2_PLACEMENT_3D ( 'NONE', #1283, #1797, #2141 ) ;
#880 = ORIENTED_EDGE ( 'NONE', *, *, #1653, .F. ) ;
#881 = CARTESIAN_POINT ( 'NONE',  ( 69.01800000000000068, -44.69699999999399154, 3.000000000000000000 ) ) ;
#882 = CIRCLE ( 'NONE', #1124, 1.200000000000006617 ) ;
#883 = ORIENTED_EDGE ( 'NONE', *, *, #540, .T. ) ;
#884 = VERTEX_POINT ( 'NONE', #1193 ) ;
#885 = PLANE ( 'NONE',  #1979 ) ;
#886 = CARTESIAN_POINT ( 'NONE',  ( 99.01800000000002910, -56.68699999999400063, -4.400000000000000355 ) ) ;
#887 = DIRECTION ( 'NONE',  ( 1.000000000000000000, 0.000000000000000000, 0.000000000000000000 ) ) ;
#888 = CARTESIAN_POINT ( 'NONE',  ( 69.01800000000000068, -75.69699999999399154, -4.400000000000001243 ) ) ;
#889 = EDGE_CURVE ( 'NONE', #1266, #398, #1684, .T. ) ;
#890 = ORIENTED_EDGE ( 'NONE', *, *, #1100, .F. ) ;
#891 = VECTOR ( 'NONE', #1702, 1000.000000000000000 ) ;
#892 = DIRECTION ( 'NONE',  ( -0.000000000000000000, -0.000000000000000000, 1.000000000000000000 ) ) ;
#893 = CIRCLE ( 'NONE', #182, 1.200000000000006617 ) ;
#894 = VERTEX_POINT ( 'NONE', #1548 ) ;
#895 = EDGE_CURVE ( 'NONE', #1320, #52, #1099, .T. ) ;
#896 = ORIENTED_EDGE ( 'NONE', *, *, #1738, .F. ) ;
#897 = PLANE ( 'NONE',  #525 ) ;
#898 = EDGE_CURVE ( 'NONE', #908, #1754, #1519, .T. ) ;
#899 = ADVANCED_FACE ( 'NONE', ( #2062 ), #1630, .F. ) ;
#900 = CARTESIAN_POINT ( 'NONE',  ( 54.01800000000002200, -56.68699999999399353, 0.000000000000000000 ) ) ;
#901 = ORIENTED_EDGE ( 'NONE', *, *, #895, .T. ) ;
#902 = CARTESIAN_POINT ( 'NONE',  ( 55.51800000000001489, -56.68699999999399353, 0.000000000000000000 ) ) ;
#903 = LINE ( 'NONE', #1262, #770 ) ;
#904 = CONICAL_SURFACE ( 'NONE', #1534, 2.750000000000002665, 0.7853981633974519427 ) ;
#905 = VERTEX_POINT ( 'NONE', #154 ) ;
#906 = CARTESIAN_POINT ( 'NONE',  ( 0.000000000000000000, -75.69699999999399154, -44.43123780249621291 ) ) ;
#907 = ORIENTED_EDGE ( 'NONE', *, *, #1297, .F. ) ;
#908 = VERTEX_POINT ( 'NONE', #672 ) ;
#909 = DIRECTION ( 'NONE',  ( -0.000000000000000000, -0.000000000000000000, 1.000000000000000000 ) ) ;
#910 = CARTESIAN_POINT ( 'NONE',  ( 86.65313513513513044, -74.88618918918317036, -4.400000000000001243 ) ) ;
#911 = CARTESIAN_POINT ( 'NONE',  ( 0.000000000000000000, -40.69699999999399154, -4.400000000000001243 ) ) ;
#912 = CARTESIAN_POINT ( 'NONE',  ( 0.000000000000000000, -79.69699999999399154, -0.000000000000000000 ) ) ;
#913 = ADVANCED_FACE ( 'NONE', ( #1366 ), #341, .F. ) ;
#914 = VERTEX_POINT ( 'NONE', #505 ) ;
#915 = VERTEX_POINT ( 'NONE', #660 ) ;
#916 = AXIS2_PLACEMENT_3D ( 'NONE', #1173, #1014, #164 ) ;
#917 = VERTEX_POINT ( 'NONE', #1345 ) ;
#918 = LINE ( 'NONE', #378, #1371 ) ;
#919 = AXIS2_PLACEMENT_3D ( 'NONE', #2171, #1779, #1624 ) ;
#920 = CARTESIAN_POINT ( 'NONE',  ( 85.51800000000001489, -45.89699999999399438, 0.000000000000000000 ) ) ;
#921 = CARTESIAN_POINT ( 'NONE',  ( 72.51799999999998647, -75.69699999999399154, -44.43123780249621291 ) ) ;
#922 = CARTESIAN_POINT ( 'NONE',  ( 62.01800000000000779, -40.69699999999399154, -4.400000000000001243 ) ) ;
#923 = EDGE_CURVE ( 'NONE', #1473, #1008, #1030, .T. ) ;
#924 = ORIENTED_EDGE ( 'NONE', *, *, #1203, .T. ) ;
#925 = CARTESIAN_POINT ( 'NONE',  ( 0.000000000000000000, -75.69699999999399154, -4.400000000000001243 ) ) ;
#926 = ORIENTED_EDGE ( 'NONE', *, *, #1122, .T. ) ;
#927 = LINE ( 'NONE', #937, #1001 ) ;
#928 = VERTEX_POINT ( 'NONE', #186 ) ;
#929 = DIRECTION ( 'NONE',  ( 0.000000000000000000, -0.000000000000000000, 1.000000000000000000 ) ) ;
#930 = LINE ( 'NONE', #1757, #1529 ) ;
#931 = ORIENTED_EDGE ( 'NONE', *, *, #1650, .T. ) ;
#932 = CYLINDRICAL_SURFACE ( 'NONE', #485, 1.449999999999993072 ) ;
#933 = LINE ( 'NONE', #1437, #29 ) ;
#934 = CIRCLE ( 'NONE', #681, 6.999999999999999112 ) ;
#935 = EDGE_CURVE ( 'NONE', #2191, #1574, #1914, .T. ) ;
#936 = VERTEX_POINT ( 'NONE', #84 ) ;
#937 = CARTESIAN_POINT ( 'NONE',  ( 99.01800000000002910, -56.68699999999400063, -4.400000000000000355 ) ) ;
#938 = VERTEX_POINT ( 'NONE', #1310 ) ;
#939 = SURFACE_STYLE_FILL_AREA ( #1267 ) ;
#940 = APPLICATION_CONTEXT ( 'automotive_design' ) ;
#941 = LINE ( 'NONE', #1626, #390 ) ;
#942 = ORIENTED_EDGE ( 'NONE', *, *, #1323, .T. ) ;
#943 = CARTESIAN_POINT ( 'NONE',  ( 96.51800000000001489, -43.18699999999400774, 3.000000000000000000 ) ) ;
#944 = DIRECTION ( 'NONE',  ( 0.000000000000000000, 0.000000000000000000, 1.000000000000000000 ) ) ;
#945 = CONICAL_SURFACE ( 'NONE', #2184, 2.750000000000002665, 0.7853981633974519427 ) ;
#946 = CARTESIAN_POINT ( 'NONE',  ( 58.51800000000000779, -56.68699999999399353, 0.000000000000000000 ) ) ;
#947 = EDGE_LOOP ( 'NONE', ( #1751, #634, #962, #1590 ) ) ;
#948 = PRODUCT_DEFINITION_FORMATION_WITH_SPECIFIED_SOURCE ( 'ÈÎºÎ', '', #2165, .NOT_KNOWN. ) ;
#949 = CARTESIAN_POINT ( 'NONE',  ( 97.30685438199984105, -75.69699999999399154, -4.400000000000001243 ) ) ;
#950 = EDGE_LOOP ( 'NONE', ( #434, #931, #192, #1977 ) ) ;
#951 = CARTESIAN_POINT ( 'NONE',  ( 89.01800000000000068, -75.69699999999399154, 3.000000000000001776 ) ) ;
#952 = AXIS2_PLACEMENT_3D ( 'NONE', #1389, #1928, #1759 ) ;
#953 = DIRECTION ( 'NONE',  ( -0.000000000000000000, -0.000000000000000000, 1.000000000000000000 ) ) ;
#954 = AXIS2_PLACEMENT_3D ( 'NONE', #684, #1885, #198 ) ;
#955 = CARTESIAN_POINT ( 'NONE',  ( 91.38286486486485671, -45.50781081080479851, -4.400000000000001243 ) ) ;
#956 = CARTESIAN_POINT ( 'NONE',  ( 0.000000000000000000, -79.69699999999399154, -4.400000000000001243 ) ) ;
#957 = VECTOR ( 'NONE', #1918, 1000.000000000000000 ) ;
#958 = DIRECTION ( 'NONE',  ( -0.000000000000000000, -0.000000000000000000, 1.000000000000000000 ) ) ;
#959 = EDGE_CURVE ( 'NONE', #884, #1867, #1957, .T. ) ;
#960 = VECTOR ( 'NONE', #195, 999.9999999999998863 ) ;
#961 = CARTESIAN_POINT ( 'NONE',  ( 70.46799999999998931, -44.69699999999399154, 1.700000000000001954 ) ) ;
#962 = ORIENTED_EDGE ( 'NONE', *, *, #2048, .F. ) ;
#963 = CARTESIAN_POINT ( 'NONE',  ( 69.01800000000000068, -75.69699999999399154, -44.43123780249621291 ) ) ;
#964 = VERTEX_POINT ( 'NONE', #117 ) ;
#965 = FACE_BOUND ( 'NONE', #1311, .T. ) ;
#966 = DIRECTION ( 'NONE',  ( -0.7071067811865501263, 8.659560562354963673E-17, 0.7071067811865450192 ) ) ;
#967 = CIRCLE ( 'NONE', #822, 1.200000000000006617 ) ;
#968 = ADVANCED_FACE ( 'NONE', ( #776 ), #1992, .T. ) ;
#969 = EDGE_CURVE ( 'NONE', #2135, #1428, #1634, .T. ) ;
#970 = DIRECTION ( 'NONE',  ( -0.000000000000000000, 0.000000000000000000, -1.000000000000000000 ) ) ;
#971 = DIRECTION ( 'NONE',  ( -0.000000000000000000, -0.000000000000000000, 1.000000000000000000 ) ) ;
#972 = CIRCLE ( 'NONE', #1890, 1.449999999999993072 ) ;
#973 = ORIENTED_EDGE ( 'NONE', *, *, #420, .T. ) ;
#974 = CARTESIAN_POINT ( 'NONE',  ( 96.51800000000001489, -43.18699999999400774, 3.000000000000000000 ) ) ;
#975 = VERTEX_POINT ( 'NONE', #949 ) ;
#976 = CARTESIAN_POINT ( 'NONE',  ( 7.660500000002596899, 7.660500000002704368, -4.400000000000000355 ) ) ;
#977 = DIRECTION ( 'NONE',  ( -1.000000000000000000, 1.954618001100627573E-16, 0.000000000000000000 ) ) ;
#978 = DIRECTION ( 'NONE',  ( -1.000000000000000000, 0.000000000000000000, 0.000000000000000000 ) ) ;
#979 = EDGE_CURVE ( 'NONE', #1008, #2037, #1814, .T. ) ;
#980 = DIRECTION ( 'NONE',  ( -0.000000000000000000, -0.000000000000000000, 1.000000000000000000 ) ) ;
#981 = VECTOR ( 'NONE', #2045, 1000.000000000000000 ) ;
#982 = ORIENTED_EDGE ( 'NONE', *, *, #1923, .F. ) ;
#983 = DIRECTION ( 'NONE',  ( -0.000000000000000000, -0.000000000000000000, -1.000000000000000000 ) ) ;
#984 = VERTEX_POINT ( 'NONE', #296 ) ;
#985 = DIRECTION ( 'NONE',  ( -0.000000000000000000, -0.000000000000000000, 1.000000000000000000 ) ) ;
#986 = EDGE_CURVE ( 'NONE', #344, #1763, #1948, .T. ) ;
#987 = AXIS2_PLACEMENT_3D ( 'NONE', #1583, #1941, #415 ) ;
#988 = VERTEX_POINT ( 'NONE', #1469 ) ;
#989 = DIRECTION ( 'NONE',  ( -0.000000000000000000, -0.000000000000000000, 1.000000000000000000 ) ) ;
#990 = LINE ( 'NONE', #426, #1655 ) ;
#991 = CARTESIAN_POINT ( 'NONE',  ( 96.51800000000001489, -43.18699999999400774, 0.000000000000000000 ) ) ;
#992 = VECTOR ( 'NONE', #1527, 1000.000000000000000 ) ;
#993 = PLANE ( 'NONE',  #1353 ) ;
#994 = ADVANCED_FACE ( 'NONE', ( #2134 ), #1646, .T. ) ;
#995 = ORIENTED_EDGE ( 'NONE', *, *, #560, .T. ) ;
#996 = AXIS2_PLACEMENT_3D ( 'NONE', #1110, #1610, #763 ) ;
#997 = DIRECTION ( 'NONE',  ( -0.000000000000000000, -0.000000000000000000, 1.000000000000000000 ) ) ;
#998 = EDGE_LOOP ( 'NONE', ( #1155, #348, #1614, #752 ) ) ;
#999 = CARTESIAN_POINT ( 'NONE',  ( 89.01800000000000068, -44.69699999999399154, -4.400000000000001243 ) ) ;
#1000 = DIRECTION ( 'NONE',  ( -0.000000000000000000, -0.000000000000000000, -1.000000000000000000 ) ) ;
#1001 = VECTOR ( 'NONE', #801, 1000.000000000000000 ) ;
#1002 = DIRECTION ( 'NONE',  ( 1.000000000000000000, 0.000000000000000000, 0.000000000000000000 ) ) ;
#1003 = AXIS2_PLACEMENT_3D ( 'NONE', #47, #792, #95 ) ;
#1004 = PRESENTATION_STYLE_ASSIGNMENT (( #1152 ) ) ;
#1005 = ORIENTED_EDGE ( 'NONE', *, *, #1557, .T. ) ;
#1006 = ORIENTED_EDGE ( 'NONE', *, *, #728, .T. ) ;
#1007 = EDGE_CURVE ( 'NONE', #975, #1524, #1145, .T. ) ;
#1008 = VERTEX_POINT ( 'NONE', #597 ) ;
#1009 = LINE ( 'NONE', #655, #404 ) ;
#1010 = VERTEX_POINT ( 'NONE', #1980 ) ;
#1011 = CARTESIAN_POINT ( 'NONE',  ( 62.01800000000000779, -43.69699999999399154, -44.43123780249621291 ) ) ;
#1012 = LINE ( 'NONE', #481, #1293 ) ;
#1013 = DIRECTION ( 'NONE',  ( 0.000000000000000000, 0.000000000000000000, -1.000000000000000000 ) ) ;
#1014 = DIRECTION ( 'NONE',  ( -0.000000000000000000, -0.000000000000000000, -1.000000000000000000 ) ) ;
#1015 = DIRECTION ( 'NONE',  ( 0.000000000000000000, 0.000000000000000000, 1.000000000000000000 ) ) ;
#1016 = AXIS2_PLACEMENT_3D ( 'NONE', #2153, #1996, #626 ) ;
#1017 = VERTEX_POINT ( 'NONE', #129 ) ;
#1018 = DIRECTION ( 'NONE',  ( 0.000000000000000000, 0.000000000000000000, 1.000000000000000000 ) ) ;
#1019 = ORIENTED_EDGE ( 'NONE', *, *, #499, .F. ) ;
#1020 = DIRECTION ( 'NONE',  ( 1.713307136767216357E-16, 1.000000000000000000, 0.000000000000000000 ) ) ;
#1021 = DIRECTION ( 'NONE',  ( 1.000000000000000000, 0.000000000000000000, 0.000000000000000000 ) ) ;
#1022 = DIRECTION ( 'NONE',  ( -0.000000000000000000, -0.000000000000000000, -1.000000000000000000 ) ) ;
#1023 = ORIENTED_EDGE ( 'NONE', *, *, #1886, .F. ) ;
#1024 = AXIS2_PLACEMENT_3D ( 'NONE', #144, #1128, #480 ) ;
#1025 = ORIENTED_EDGE ( 'NONE', *, *, #1386, .F. ) ;
#1026 = DIRECTION ( 'NONE',  ( -1.000000000000000000, 1.713307136767216357E-16, 0.000000000000000000 ) ) ;
#1027 = ORIENTED_EDGE ( 'NONE', *, *, #1480, .F. ) ;
#1028 = EDGE_CURVE ( 'NONE', #914, #489, #927, .T. ) ;
#1029 = DIRECTION ( 'NONE',  ( 1.000000000000000000, 0.000000000000000000, 0.000000000000000000 ) ) ;
#1030 = LINE ( 'NONE', #2030, #891 ) ;
#1031 = DIRECTION ( 'NONE',  ( -1.000000000000000000, 0.000000000000000000, 0.000000000000000000 ) ) ;
#1032 = EDGE_LOOP ( 'NONE', ( #573, #1071 ) ) ;
#1033 = EDGE_CURVE ( 'NONE', #304, #1008, #44, .T. ) ;
#1034 = ADVANCED_FACE ( 'NONE', ( #1483 ), #465, .T. ) ;
#1035 = AXIS2_PLACEMENT_3D ( 'NONE', #991, #2100, #1842 ) ;
#1036 = ORIENTED_EDGE ( 'NONE', *, *, #334, .F. ) ;
#1037 = DIRECTION ( 'NONE',  ( -0.000000000000000000, -0.000000000000000000, 1.000000000000000000 ) ) ;
#1038 = EDGE_CURVE ( 'NONE', #1017, #915, #1622, .T. ) ;
#1039 = ORIENTED_EDGE ( 'NONE', *, *, #635, .F. ) ;
#1040 = CARTESIAN_POINT ( 'NONE',  ( 91.38286486486487092, -74.88618918918317036, -4.400000000000001243 ) ) ;
#1041 = AXIS2_PLACEMENT_3D ( 'NONE', #137, #810, #642 ) ;
#1042 = CARTESIAN_POINT ( 'NONE',  ( 92.51799999999998647, -45.89699999999399438, -44.43123780249621291 ) ) ;
#1043 = DIRECTION ( 'NONE',  ( -0.000000000000000000, 0.000000000000000000, 1.000000000000000000 ) ) ;
#1044 = LINE ( 'NONE', #1714, #170 ) ;
#1045 = ORIENTED_EDGE ( 'NONE', *, *, #812, .F. ) ;
#1046 = DIRECTION ( 'NONE',  ( 1.000000000000000000, 0.000000000000000000, 0.000000000000000000 ) ) ;
#1047 = ORIENTED_EDGE ( 'NONE', *, *, #1859, .T. ) ;
#1048 = ORIENTED_EDGE ( 'NONE', *, *, #394, .T. ) ;
#1049 = CARTESIAN_POINT ( 'NONE',  ( 70.46799999999998931, -44.69699999999399154, -4.400000000000001243 ) ) ;
#1050 = ADVANCED_FACE ( 'NONE', ( #269 ), #37, .F. ) ;
#1051 = DIRECTION ( 'NONE',  ( 0.000000000000000000, -1.000000000000000000, 0.000000000000000000 ) ) ;
#1052 = VERTEX_POINT ( 'NONE', #1965 ) ;
#1053 = CYLINDRICAL_SURFACE ( 'NONE', #297, 1.199999999999999734 ) ;
#1054 = DIRECTION ( 'NONE',  ( 0.000000000000000000, 0.000000000000000000, 1.000000000000000000 ) ) ;
#1055 = EDGE_CURVE ( 'NONE', #2092, #408, #248, .T. ) ;
#1056 = EDGE_LOOP ( 'NONE', ( #1788, #50, #1458, #1852 ) ) ;
#1057 = AXIS2_PLACEMENT_3D ( 'NONE', #1086, #1563, #761 ) ;
#1058 = FACE_OUTER_BOUND ( 'NONE', #245, .T. ) ;
#1059 = CIRCLE ( 'NONE', #1369, 1.449999999999993072 ) ;
#1060 = EDGE_CURVE ( 'NONE', #1720, #938, #442, .T. ) ;
#1061 = VERTEX_POINT ( 'NONE', #961 ) ;
#1062 = ORIENTED_EDGE ( 'NONE', *, *, #889, .F. ) ;
#1063 = CARTESIAN_POINT ( 'NONE',  ( 99.01800000000002910, -56.68699999999400063, 0.000000000000000000 ) ) ;
#1064 = CARTESIAN_POINT ( 'NONE',  ( 103.5180000000000291, -43.18699999999400774, 3.000000000000000000 ) ) ;
#1065 = VECTOR ( 'NONE', #1855, 1000.000000000000000 ) ;
#1066 = LINE ( 'NONE', #1227, #957 ) ;
#1067 = CARTESIAN_POINT ( 'NONE',  ( 92.51800000000000068, -75.69699999999399154, -44.43123780249621291 ) ) ;
#1068 = ORIENTED_EDGE ( 'NONE', *, *, #1541, .T. ) ;
#1069 = DIRECTION ( 'NONE',  ( -0.000000000000000000, -0.000000000000000000, 1.000000000000000000 ) ) ;
#1070 = CIRCLE ( 'NONE', #1955, 1.449999999999993072 ) ;
#1071 = ORIENTED_EDGE ( 'NONE', *, *, #895, .F. ) ;
#1072 = EDGE_CURVE ( 'NONE', #1061, #1659, #1299, .T. ) ;
#1073 = ORIENTED_EDGE ( 'NONE', *, *, #1859, .F. ) ;
#1074 = DIRECTION ( 'NONE',  ( 0.000000000000000000, 0.000000000000000000, 1.000000000000000000 ) ) ;
#1075 = CARTESIAN_POINT ( 'NONE',  ( 65.51800000000000068, -45.89699999999399438, -4.400000000000001243 ) ) ;
#1076 = CARTESIAN_POINT ( 'NONE',  ( 59.01800000000000779, -43.69699999999399864, 0.000000000000000000 ) ) ;
#1077 = LINE ( 'NONE', #240, #280 ) ;
#1078 = VERTEX_POINT ( 'NONE', #687 ) ;
#1079 = EDGE_LOOP ( 'NONE', ( #353, #298, #2112, #1147 ) ) ;
#1080 = ORIENTED_EDGE ( 'NONE', *, *, #935, .F. ) ;
#1081 = FACE_OUTER_BOUND ( 'NONE', #40, .T. ) ;
#1082 = EDGE_CURVE ( 'NONE', #458, #2003, #1665, .T. ) ;
#1083 = CONICAL_SURFACE ( 'NONE', #1510, 2.750000000000002665, 0.7853981633974519427 ) ;
#1084 = DIRECTION ( 'NONE',  ( -1.000000000000000000, 0.000000000000000000, 0.000000000000000000 ) ) ;
#1085 = CARTESIAN_POINT ( 'NONE',  ( 90.46799999999998931, -44.69699999999399154, -4.400000000000001243 ) ) ;
#1086 = CARTESIAN_POINT ( 'NONE',  ( 69.01800000000000068, -44.69699999999399154, 0.000000000000000000 ) ) ;
#1087 = ORIENTED_EDGE ( 'NONE', *, *, #178, .T. ) ;
#1088 = DIRECTION ( 'NONE',  ( -0.000000000000000000, -0.000000000000000000, -1.000000000000000000 ) ) ;
#1089 = ORIENTED_EDGE ( 'NONE', *, *, #1618, .T. ) ;
#1090 = VECTOR ( 'NONE', #1995, 1000.000000000000114 ) ;
#1091 = ORIENTED_EDGE ( 'NONE', *, *, #334, .T. ) ;
#1092 = DIRECTION ( 'NONE',  ( 1.000000000000000000, 0.000000000000000000, 0.000000000000000000 ) ) ;
#1093 = CIRCLE ( 'NONE', #1695, 2.750000000000002665 ) ;
#1094 = EDGE_CURVE ( 'NONE', #787, #1697, #1176, .T. ) ;
#1095 = DIRECTION ( 'NONE',  ( 0.000000000000000000, -0.000000000000000000, 1.000000000000000000 ) ) ;
#1096 = VERTEX_POINT ( 'NONE', #328 ) ;
#1097 = CARTESIAN_POINT ( 'NONE',  ( 58.51800000000000779, -57.68699999999400774, -4.400000000000000355 ) ) ;
#1098 = DIRECTION ( 'NONE',  ( 0.000000000000000000, -0.000000000000000000, 1.000000000000000000 ) ) ;
#1099 = CIRCLE ( 'NONE', #1954, 2.750000000000002665 ) ;
#1100 = EDGE_CURVE ( 'NONE', #1984, #2059, #1009, .T. ) ;
#1101 = VECTOR ( 'NONE', #1478, 1000.000000000000000 ) ;
#1102 = DIRECTION ( 'NONE',  ( -0.000000000000000000, -0.000000000000000000, -1.000000000000000000 ) ) ;
#1103 = ORIENTED_EDGE ( 'NONE', *, *, #1136, .F. ) ;
#1104 = FACE_OUTER_BOUND ( 'NONE', #694, .T. ) ;
#1105 = DIRECTION ( 'NONE',  ( 1.000000000000000000, 0.000000000000000000, 0.000000000000000000 ) ) ;
#1106 = ORIENTED_EDGE ( 'NONE', *, *, #406, .T. ) ;
#1107 = CARTESIAN_POINT ( 'NONE',  ( 97.30685438199984105, -75.69699999999399154, -44.43123780249621291 ) ) ;
#1108 = LINE ( 'NONE', #291, #1864 ) ;
#1109 = FACE_OUTER_BOUND ( 'NONE', #1791, .T. ) ;
#1110 = CARTESIAN_POINT ( 'NONE',  ( 96.51800000000001489, -78.68699999999398642, 0.000000000000000000 ) ) ;
#1111 = ORIENTED_EDGE ( 'NONE', *, *, #406, .F. ) ;
#1112 = SURFACE_SIDE_STYLE ('',( #939 ) ) ;
#1113 = DIRECTION ( 'NONE',  ( -0.000000000000000000, 0.000000000000000000, 1.000000000000000000 ) ) ;
#1114 = VECTOR ( 'NONE', #966, 1000.000000000000114 ) ;
#1115 = LINE ( 'NONE', #976, #32 ) ;
#1116 = CARTESIAN_POINT ( 'NONE',  ( 59.03657603000029042, -77.03033333332733434, 0.000000000000000000 ) ) ;
#1117 = EDGE_CURVE ( 'NONE', #707, #917, #1753, .T. ) ;
#1118 = AXIS2_PLACEMENT_3D ( 'NONE', #500, #644, #1667 ) ;
#1119 = DIRECTION ( 'NONE',  ( 1.000000000000000000, 0.000000000000000000, 0.000000000000000000 ) ) ;
#1120 = ORIENTED_EDGE ( 'NONE', *, *, #1911, .T. ) ;
#1121 = EDGE_CURVE ( 'NONE', #534, #304, #336, .T. ) ;
#1122 = EDGE_CURVE ( 'NONE', #26, #458, #1542, .T. ) ;
#1123 = DIRECTION ( 'NONE',  ( -0.000000000000000000, -0.000000000000000000, 1.000000000000000000 ) ) ;
#1124 = AXIS2_PLACEMENT_3D ( 'NONE', #1856, #661, #494 ) ;
#1125 = FACE_OUTER_BOUND ( 'NONE', #544, .T. ) ;
#1126 = ORIENTED_EDGE ( 'NONE', *, *, #114, .T. ) ;
#1127 = CIRCLE ( 'NONE', #1620, 3.000000000000002665 ) ;
#1128 = DIRECTION ( 'NONE',  ( -0.000000000000000000, 1.000000000000000000, 0.000000000000000000 ) ) ;
#1129 = LINE ( 'NONE', #1271, #1474 ) ;
#1130 = AXIS2_PLACEMENT_3D ( 'NONE', #236, #2094, #1092 ) ;
#1131 = CARTESIAN_POINT ( 'NONE',  ( 59.51800000000000779, -56.68699999999399353, -4.400000000000000355 ) ) ;
#1132 = CARTESIAN_POINT ( 'NONE',  ( 89.01800000000000068, -44.69699999999399154, 3.000000000000001776 ) ) ;
#1133 = ORIENTED_EDGE ( 'NONE', *, *, #315, .T. ) ;
#1134 = DIRECTION ( 'NONE',  ( -0.000000000000000000, -0.000000000000000000, 1.000000000000000000 ) ) ;
#1135 = CARTESIAN_POINT ( 'NONE',  ( 70.46799999999998931, -75.69699999999399154, 1.700000000000001954 ) ) ;
#1136 = EDGE_CURVE ( 'NONE', #508, #1017, #128, .T. ) ;
#1137 = ORIENTED_EDGE ( 'NONE', *, *, #1738, .T. ) ;
#1138 = FACE_OUTER_BOUND ( 'NONE', #1269, .T. ) ;
#1139 = CARTESIAN_POINT ( 'NONE',  ( 89.01800000000000068, -75.69699999999399154, 1.700000000000001954 ) ) ;
#1140 = VECTOR ( 'NONE', #322, 1000.000000000000000 ) ;
#1141 = LINE ( 'NONE', #1488, #1704 ) ;
#1142 = DIRECTION ( 'NONE',  ( -0.000000000000000000, -0.000000000000000000, 1.000000000000000000 ) ) ;
#1143 = EDGE_CURVE ( 'NONE', #591, #2003, #1154, .T. ) ;
#1144 = AXIS2_PLACEMENT_3D ( 'NONE', #1218, #1895, #887 ) ;
#1145 = LINE ( 'NONE', #633, #1238 ) ;
#1146 = DIRECTION ( 'NONE',  ( 1.000000000000000000, 0.000000000000000000, 0.000000000000000000 ) ) ;
#1147 = ORIENTED_EDGE ( 'NONE', *, *, #2023, .T. ) ;
#1148 = CARTESIAN_POINT ( 'NONE',  ( 89.01800000000000068, -75.69699999999399154, 3.000000000000001776 ) ) ;
#1149 = PLANE ( 'NONE',  #1547 ) ;
#1150 = EDGE_CURVE ( 'NONE', #1428, #2092, #1533, .T. ) ;
#1151 = CARTESIAN_POINT ( 'NONE',  ( 96.51800000000001489, -78.68699999999398642, 3.000000000000000000 ) ) ;
#1152 = SURFACE_STYLE_USAGE ( .BOTH. , #1843 ) ;
#1153 = VECTOR ( 'NONE', #179, 1000.000000000000000 ) ;
#1154 = LINE ( 'NONE', #1525, #1186 ) ;
#1155 = ORIENTED_EDGE ( 'NONE', *, *, #338, .F. ) ;
#1156 = AXIS2_PLACEMENT_3D ( 'NONE', #98, #1784, #944 ) ;
#1157 = ORIENTED_EDGE ( 'NONE', *, *, #727, .T. ) ;
#1158 = DIRECTION ( 'NONE',  ( 1.000000000000000000, 5.863854003301888636E-16, -0.000000000000000000 ) ) ;
#1159 = LINE ( 'NONE', #503, #723 ) ;
#1160 = EDGE_CURVE ( 'NONE', #1867, #1061, #1477, .T. ) ;
#1161 = DIRECTION ( 'NONE',  ( -0.7071067811865425767, -0.7071067811865524577, 0.000000000000000000 ) ) ;
#1162 = AXIS2_PLACEMENT_3D ( 'NONE', #1572, #1735, #1412 ) ;
#1163 = CARTESIAN_POINT ( 'NONE',  ( 85.51800000000001489, -45.89699999999399438, -4.400000000000001243 ) ) ;
#1164 = ORIENTED_EDGE ( 'NONE', *, *, #2144, .F. ) ;
#1165 = ORIENTED_EDGE ( 'NONE', *, *, #1055, .T. ) ;
#1166 = FACE_OUTER_BOUND ( 'NONE', #1496, .T. ) ;
#1167 = ORIENTED_EDGE ( 'NONE', *, *, #1625, .F. ) ;
#1168 = PLANE ( 'NONE',  #241 ) ;
#1169 = DIRECTION ( 'NONE',  ( -0.000000000000000000, -0.000000000000000000, 1.000000000000000000 ) ) ;
#1170 = AXIS2_PLACEMENT_3D ( 'NONE', #1042, #22, #516 ) ;
#1171 = LINE ( 'NONE', #332, #1065 ) ;
#1172 = VECTOR ( 'NONE', #1826, 1000.000000000000000 ) ;
#1173 = CARTESIAN_POINT ( 'NONE',  ( 85.51800000000000068, -74.49699999999398869, 0.000000000000000000 ) ) ;
#1174 = DIRECTION ( 'NONE',  ( -1.000000000000000000, 0.000000000000000000, 0.000000000000000000 ) ) ;
#1175 = ORIENTED_EDGE ( 'NONE', *, *, #1480, .T. ) ;
#1176 = LINE ( 'NONE', #2170, #1172 ) ;
#1177 = VECTOR ( 'NONE', #370, 1000.000000000000000 ) ;
#1178 = EDGE_LOOP ( 'NONE', ( #577, #461, #690, #1970 ) ) ;
#1179 = DIRECTION ( 'NONE',  ( -0.000000000000000000, -0.000000000000000000, 1.000000000000000000 ) ) ;
#1180 = DIRECTION ( 'NONE',  ( -0.000000000000000000, -0.000000000000000000, 1.000000000000000000 ) ) ;
#1181 = CARTESIAN_POINT ( 'NONE',  ( 56.51800000000001489, -44.69699999999399154, 0.000000000000000000 ) ) ;
#1182 = DIRECTION ( 'NONE',  ( -0.000000000000000000, -0.000000000000000000, 1.000000000000000000 ) ) ;
#1183 = EDGE_CURVE ( 'NONE', #2099, #1061, #1361, .T. ) ;
#1184 = VERTEX_POINT ( 'NONE', #149 ) ;
#1185 = AXIS2_PLACEMENT_3D ( 'NONE', #1226, #251, #381 ) ;
#1186 = VECTOR ( 'NONE', #1340, 1000.000000000000000 ) ;
#1187 = ORIENTED_EDGE ( 'NONE', *, *, #560, .F. ) ;
#1188 = CARTESIAN_POINT ( 'NONE',  ( 103.5180000000000291, -43.18699999999400774, 3.000000000000000000 ) ) ;
#1189 = EDGE_CURVE ( 'NONE', #894, #2093, #2012, .T. ) ;
#1190 = ADVANCED_FACE ( 'NONE', ( #158 ), #654, .F. ) ;
#1191 = EDGE_LOOP ( 'NONE', ( #1950, #646, #377, #1384, #820, #850, #1900, #1913, #1545, #872, #1670, #283, #1120, #329 ) ) ;
#1192 = CARTESIAN_POINT ( 'NONE',  ( 65.51800000000000068, -45.89699999999399438, -44.43123780249621291 ) ) ;
#1193 = CARTESIAN_POINT ( 'NONE',  ( 67.56799999999999784, -44.69699999999399154, -4.400000000000001243 ) ) ;
#1194 = CARTESIAN_POINT ( 'NONE',  ( 96.51800000000001489, -43.18699999999400774, 3.000000000000000000 ) ) ;
#1195 = ORIENTED_EDGE ( 'NONE', *, *, #1982, .F. ) ;
#1196 = VECTOR ( 'NONE', #48, 1000.000000000000000 ) ;
#1197 = ADVANCED_FACE ( 'NONE', ( #2025 ), #168, .T. ) ;
#1198 = CIRCLE ( 'NONE', #281, 1.449999999999993072 ) ;
#1199 = ORIENTED_EDGE ( 'NONE', *, *, #1606, .F. ) ;
#1200 = FACE_OUTER_BOUND ( 'NONE', #477, .T. ) ;
#1201 = ORIENTED_EDGE ( 'NONE', *, *, #979, .F. ) ;
#1202 = CARTESIAN_POINT ( 'NONE',  ( 56.51800000000001489, -44.69699999999399154, -1.800000000000000044 ) ) ;
#1203 = EDGE_CURVE ( 'NONE', #1728, #1376, #1657, .T. ) ;
#1204 = CARTESIAN_POINT ( 'NONE',  ( 99.01800000000002910, -59.68699999999400063, -4.400000000000000355 ) ) ;
#1205 = CARTESIAN_POINT ( 'NONE',  ( 66.26800000000000068, -44.69699999999399154, 3.000000000000001776 ) ) ;
#1206 = EDGE_LOOP ( 'NONE', ( #1080, #744, #357, #825 ) ) ;
#1207 = ORIENTED_EDGE ( 'NONE', *, *, #2075, .F. ) ;
#1208 = DIRECTION ( 'NONE',  ( -1.000000000000000000, 0.000000000000000000, 0.000000000000000000 ) ) ;
#1209 = ADVANCED_FACE ( 'NONE', ( #1166 ), #1849, .T. ) ;
#1210 = ORIENTED_EDGE ( 'NONE', *, *, #829, .F. ) ;
#1211 = UNCERTAINTY_MEASURE_WITH_UNIT (LENGTH_MEASURE( 1.000000000000000082E-05 ), #1834, 'distance_accuracy_value', 'NONE');
#1212 = EDGE_LOOP ( 'NONE', ( #1415, #184, #1089, #1676 ) ) ;
#1213 = DIRECTION ( 'NONE',  ( -0.000000000000000000, 0.000000000000000000, 1.000000000000000000 ) ) ;
#1214 = CIRCLE ( 'NONE', #786, 3.000000000000002665 ) ;
#1215 = DIRECTION ( 'NONE',  ( -1.000000000000000000, 0.000000000000000000, 0.000000000000000000 ) ) ;
#1216 = ORIENTED_EDGE ( 'NONE', *, *, #1183, .F. ) ;
#1217 = EDGE_CURVE ( 'NONE', #1763, #534, #1352, .T. ) ;
#1218 = CARTESIAN_POINT ( 'NONE',  ( 89.01800000000000068, -75.69699999999399154, -4.400000000000001243 ) ) ;
#1219 = DIRECTION ( 'NONE',  ( -0.000000000000000000, -0.000000000000000000, -1.000000000000000000 ) ) ;
#1220 = ORIENTED_EDGE ( 'NONE', *, *, #1595, .F. ) ;
#1221 = CARTESIAN_POINT ( 'NONE',  ( 69.01800000000000068, -44.69699999999399154, -44.43123780249621291 ) ) ;
#1222 = ORIENTED_EDGE ( 'NONE', *, *, #2075, .T. ) ;
#1223 = VECTOR ( 'NONE', #730, 1000.000000000000114 ) ;
#1224 = ORIENTED_EDGE ( 'NONE', *, *, #1277, .F. ) ;
#1225 = DIRECTION ( 'NONE',  ( -1.000000000000000000, 1.713307136767216357E-16, 0.000000000000000000 ) ) ;
#1226 = CARTESIAN_POINT ( 'NONE',  ( 97.30685438199984105, -43.49699999999398869, -44.43123780249621291 ) ) ;
#1227 = CARTESIAN_POINT ( 'NONE',  ( 99.01800000000002910, -59.68699999999400063, -4.400000000000000355 ) ) ;
#1228 = LINE ( 'NONE', #1067, #1365 ) ;
#1229 = PRODUCT_RELATED_PRODUCT_CATEGORY ( 'part', '', ( #2165 ) ) ;
#1230 = VECTOR ( 'NONE', #592, 1000.000000000000000 ) ;
#1231 = ORIENTED_EDGE ( 'NONE', *, *, #1493, .F. ) ;
#1232 = CIRCLE ( 'NONE', #2013, 2.499999999999988454 ) ;
#1233 = CARTESIAN_POINT ( 'NONE',  ( 0.000000000000000000, -75.69699999999399154, -0.000000000000000000 ) ) ;
#1234 = ORIENTED_EDGE ( 'NONE', *, *, #675, .F. ) ;
#1235 = ORIENTED_EDGE ( 'NONE', *, *, #969, .F. ) ;
#1236 = FACE_OUTER_BOUND ( 'NONE', #1461, .T. ) ;
#1237 = CARTESIAN_POINT ( 'NONE',  ( 85.51800000000001489, -44.69699999999399154, 0.000000000000000000 ) ) ;
#1238 = VECTOR ( 'NONE', #92, 1000.000000000000000 ) ;
#1239 = LINE ( 'NONE', #229, #523 ) ;
#1240 = CARTESIAN_POINT ( 'NONE',  ( 97.30685438199984105, -43.49699999999398869, -4.400000000000001243 ) ) ;
#1241 = ORIENTED_EDGE ( 'NONE', *, *, #1007, .F. ) ;
#1242 = EDGE_CURVE ( 'NONE', #707, #1706, #2077, .T. ) ;
#1243 = AXIS2_PLACEMENT_3D ( 'NONE', #1399, #1748, #1084 ) ;
#1244 = ORIENTED_EDGE ( 'NONE', *, *, #1691, .F. ) ;
#1245 = EDGE_LOOP ( 'NONE', ( #1812, #1220, #63, #258 ) ) ;
#1246 = CARTESIAN_POINT ( 'NONE',  ( 0.000000000000000000, -40.69699999999399154, -0.000000000000000000 ) ) ;
#1247 = FACE_OUTER_BOUND ( 'NONE', #1635, .T. ) ;
#1248 = DIRECTION ( 'NONE',  ( -1.000000000000000000, 0.000000000000000000, -0.000000000000000000 ) ) ;
#1249 = LINE ( 'NONE', #1774, #1263 ) ;
#1250 = CIRCLE ( 'NONE', #1144, 1.449999999999993072 ) ;
#1251 = ORIENTED_EDGE ( 'NONE', *, *, #1189, .T. ) ;
#1252 = FACE_OUTER_BOUND ( 'NONE', #1360, .T. ) ;
#1253 = ADVANCED_FACE ( 'NONE', ( #142 ), #1617, .F. ) ;
#1254 = EDGE_LOOP ( 'NONE', ( #1925, #1732, #612, #1807 ) ) ;
#1255 = ORIENTED_EDGE ( 'NONE', *, *, #79, .T. ) ;
#1256 = DIRECTION ( 'NONE',  ( -1.000000000000000000, 0.000000000000000000, 0.000000000000000000 ) ) ;
#1257 = VECTOR ( 'NONE', #892, 1000.000000000000000 ) ;
#1258 = ADVANCED_FACE ( 'NONE', ( #386 ), #428, .F. ) ;
#1259 = CARTESIAN_POINT ( 'NONE',  ( 91.76800000000000068, -44.69699999999399154, 3.000000000000001776 ) ) ;
#1260 = ORIENTED_EDGE ( 'NONE', *, *, #36, .T. ) ;
#1261 = LINE ( 'NONE', #911, #450 ) ;
#1262 = CARTESIAN_POINT ( 'NONE',  ( 86.65313513513514465, -45.50781081080479851, -44.43123780249621291 ) ) ;
#1263 = VECTOR ( 'NONE', #254, 1000.000000000000000 ) ;
#1264 = VECTOR ( 'NONE', #1808, 999.9999999999998863 ) ;
#1265 = DIRECTION ( 'NONE',  ( -1.000000000000000000, 0.000000000000000000, 0.000000000000000000 ) ) ;
#1266 = VERTEX_POINT ( 'NONE', #265 ) ;
#1267 = FILL_AREA_STYLE ('',( #778 ) ) ;
#1268 = DIRECTION ( 'NONE',  ( -1.000000000000000000, 0.000000000000000000, 0.000000000000000000 ) ) ;
#1269 = EDGE_LOOP ( 'NONE', ( #1235, #71, #817, #2139 ) ) ;
#1270 = CARTESIAN_POINT ( 'NONE',  ( 86.26800000000000068, -75.69699999999399154, 3.000000000000001776 ) ) ;
#1271 = CARTESIAN_POINT ( 'NONE',  ( 0.000000000000000000, -44.69699999999399154, -4.400000000000001243 ) ) ;
#1272 = VECTOR ( 'NONE', #2039, 1000.000000000000000 ) ;
#1273 = CARTESIAN_POINT ( 'NONE',  ( 89.01800000000000068, -44.69699999999399154, 0.000000000000000000 ) ) ;
#1274 = ORIENTED_EDGE ( 'NONE', *, *, #1451, .T. ) ;
#1275 = AXIS2_PLACEMENT_3D ( 'NONE', #755, #1442, #1430 ) ;
#1276 = CIRCLE ( 'NONE', #676, 3.000000000000002665 ) ;
#1277 = EDGE_CURVE ( 'NONE', #204, #787, #689, .T. ) ;
#1278 = CARTESIAN_POINT ( 'NONE',  ( 71.76800000000000068, -44.69699999999399154, 3.000000000000001776 ) ) ;
#1279 = ORIENTED_EDGE ( 'NONE', *, *, #1746, .T. ) ;
#1280 = DIRECTION ( 'NONE',  ( 1.000000000000000000, 0.000000000000000000, 0.000000000000000000 ) ) ;
#1281 = VERTEX_POINT ( 'NONE', #698 ) ;
#1282 = LINE ( 'NONE', #771, #1586 ) ;
#1283 = CARTESIAN_POINT ( 'NONE',  ( 92.51800000000000068, -74.49699999999398869, -44.43123780249621291 ) ) ;
#1284 = ADVANCED_FACE ( 'NONE', ( #1058 ), #2066, .T. ) ;
#1285 = FACE_OUTER_BOUND ( 'NONE', #2056, .T. ) ;
#1286 = EDGE_CURVE ( 'NONE', #1721, #2042, #873, .T. ) ;
#1287 = EDGE_LOOP ( 'NONE', ( #1531, #1327, #1470, #754 ) ) ;
#1288 = DIRECTION ( 'NONE',  ( 0.000000000000000000, 0.000000000000000000, -1.000000000000000000 ) ) ;
#1289 = ORIENTED_EDGE ( 'NONE', *, *, #427, .T. ) ;
#1290 =( NAMED_UNIT ( * ) PLANE_ANGLE_UNIT ( ) SI_UNIT ( $, .RADIAN. ) );
#1291 = CARTESIAN_POINT ( 'NONE',  ( 67.56799999999999784, -75.69699999999399154, 1.700000000000001954 ) ) ;
#1292 = ORIENTED_EDGE ( 'NONE', *, *, #282, .F. ) ;
#1293 = VECTOR ( 'NONE', #1863, 999.9999999999998863 ) ;
#1294 = LINE ( 'NONE', #1971, #1264 ) ;
#1295 = DIRECTION ( 'NONE',  ( -0.000000000000000000, -0.000000000000000000, 1.000000000000000000 ) ) ;
#1296 = CARTESIAN_POINT ( 'NONE',  ( 86.26800000000000068, -44.69699999999399154, 3.000000000000001776 ) ) ;
#1297 = EDGE_CURVE ( 'NONE', #167, #1522, #1889, .T. ) ;
#1298 = VERTEX_POINT ( 'NONE', #1405 ) ;
#1299 = LINE ( 'NONE', #1278, #1556 ) ;
#1300 = EDGE_LOOP ( 'NONE', ( #1019, #745, #1027, #86 ) ) ;
#1301 = DIRECTION ( 'NONE',  ( 0.000000000000000000, 0.000000000000000000, 1.000000000000000000 ) ) ;
#1302 = CONICAL_SURFACE ( 'NONE', #206, 2.750000000000002665, 0.7853981633974519427 ) ;
#1303 = ORIENTED_EDGE ( 'NONE', *, *, #2044, .T. ) ;
#1304 = DIRECTION ( 'NONE',  ( 1.000000000000000000, 0.000000000000000000, 0.000000000000000000 ) ) ;
#1305 = CARTESIAN_POINT ( 'NONE',  ( 59.51800000000000779, -56.68699999999399353, -4.400000000000000355 ) ) ;
#1306 = LINE ( 'NONE', #1987, #1381 ) ;
#1307 = LINE ( 'NONE', #2008, #85 ) ;
#1308 = VERTEX_POINT ( 'NONE', #212 ) ;
#1309 = EDGE_CURVE ( 'NONE', #1184, #2093, #543, .T. ) ;
#1310 = CARTESIAN_POINT ( 'NONE',  ( 59.01800000000000779, -43.69699999999399864, -4.400000000000001243 ) ) ;
#1311 = EDGE_LOOP ( 'NONE', ( #756, #580 ) ) ;
#1312 = FACE_OUTER_BOUND ( 'NONE', #2035, .T. ) ;
#1313 = CARTESIAN_POINT ( 'NONE',  ( 69.01800000000000068, -44.69699999999399154, 3.000000000000001776 ) ) ;
#1314 = DIRECTION ( 'NONE',  ( -0.000000000000000000, -0.000000000000000000, 1.000000000000000000 ) ) ;
#1315 = CARTESIAN_POINT ( 'NONE',  ( 54.01800000000000779, -56.68699999999399353, -1.800000000000000044 ) ) ;
#1316 = PRESENTATION_LAYER_ASSIGNMENT (  '', '', ( #1644 ) ) ;
#1317 = EDGE_LOOP ( 'NONE', ( #1329, #1966, #830, #255 ) ) ;
#1318 = DIRECTION ( 'NONE',  ( -1.000000000000000000, 0.000000000000000000, 0.000000000000000000 ) ) ;
#1319 = ADVANCED_FACE ( 'NONE', ( #1109 ), #1083, .F. ) ;
#1320 = VERTEX_POINT ( 'NONE', #27 ) ;
#1321 = DIRECTION ( 'NONE',  ( -0.000000000000000000, -0.000000000000000000, 1.000000000000000000 ) ) ;
#1322 = DIRECTION ( 'NONE',  ( 1.000000000000000000, 0.000000000000000000, 0.000000000000000000 ) ) ;
#1323 = EDGE_CURVE ( 'NONE', #884, #2099, #24, .T. ) ;
#1324 = LINE ( 'NONE', #641, #1140 ) ;
#1325 = CARTESIAN_POINT ( 'NONE',  ( 61.01800000000001489, -43.18699999999400063, 0.000000000000000000 ) ) ;
#1326 = AXIS2_PLACEMENT_3D ( 'NONE', #2130, #1037, #1554 ) ;
#1327 = ORIENTED_EDGE ( 'NONE', *, *, #1060, .F. ) ;
#1328 = DIRECTION ( 'NONE',  ( 0.000000000000000000, 0.000000000000000000, -1.000000000000000000 ) ) ;
#1329 = ORIENTED_EDGE ( 'NONE', *, *, #488, .F. ) ;
#1330 = DIRECTION ( 'NONE',  ( 1.000000000000000000, 0.000000000000000000, 0.000000000000000000 ) ) ;
#1331 = LINE ( 'NONE', #162, #1964 ) ;
#1332 = VECTOR ( 'NONE', #1390, 1000.000000000000000 ) ;
#1333 = FACE_OUTER_BOUND ( 'NONE', #567, .T. ) ;
#1334 = VECTOR ( 'NONE', #1401, 1000.000000000000000 ) ;
#1335 = CARTESIAN_POINT ( 'NONE',  ( 72.51799999999998647, -75.69699999999399154, -0.000000000000000000 ) ) ;
#1336 = ORIENTED_EDGE ( 'NONE', *, *, #499, .T. ) ;
#1337 = ORIENTED_EDGE ( 'NONE', *, *, #1787, .T. ) ;
#1338 = ORIENTED_EDGE ( 'NONE', *, *, #1150, .F. ) ;
#1339 = VECTOR ( 'NONE', #1873, 1000.000000000000000 ) ;
#1340 = DIRECTION ( 'NONE',  ( 0.000000000000000000, 0.000000000000000000, -1.000000000000000000 ) ) ;
#1341 = EDGE_CURVE ( 'NONE', #2161, #707, #39, .T. ) ;
#1342 = ORIENTED_EDGE ( 'NONE', *, *, #1537, .F. ) ;
#1343 = LINE ( 'NONE', #340, #992 ) ;
#1344 = LINE ( 'NONE', #2183, #1393 ) ;
#1345 = CARTESIAN_POINT ( 'NONE',  ( 65.51800000000000068, -75.69699999999399154, -0.000000000000000000 ) ) ;
#1346 = AXIS2_PLACEMENT_3D ( 'NONE', #1917, #579, #1095 ) ;
#1347 = LINE ( 'NONE', #858, #541 ) ;
#1348 = PLANE ( 'NONE',  #101 ) ;
#1349 = ADVANCED_FACE ( 'NONE', ( #100 ), #1567, .T. ) ;
#1350 = EDGE_CURVE ( 'NONE', #1700, #519, #51, .T. ) ;
#1351 = ORIENTED_EDGE ( 'NONE', *, *, #2023, .F. ) ;
#1352 = LINE ( 'NONE', #1188, #981 ) ;
#1353 = AXIS2_PLACEMENT_3D ( 'NONE', #1500, #303, #1988 ) ;
#1354 = EDGE_LOOP ( 'NONE', ( #1395, #638, #643, #1569 ) ) ;
#1355 = CARTESIAN_POINT ( 'NONE',  ( 56.51800000000001489, -55.68699999999397932, 0.000000000000000000 ) ) ;
#1356 = DIRECTION ( 'NONE',  ( 0.000000000000000000, -0.000000000000000000, 1.000000000000000000 ) ) ;
#1357 = DIRECTION ( 'NONE',  ( -0.000000000000000000, -0.000000000000000000, 1.000000000000000000 ) ) ;
#1358 = ORIENTED_EDGE ( 'NONE', *, *, #1870, .F. ) ;
#1359 = AXIS2_PLACEMENT_3D ( 'NONE', #1837, #997, #1687 ) ;
#1360 = EDGE_LOOP ( 'NONE', ( #1879, #995, #354, #514, #1939 ) ) ;
#1361 = LINE ( 'NONE', #667, #232 ) ;
#1362 = ADVANCED_FACE ( 'NONE', ( #1200 ), #945, .F. ) ;
#1363 = ORIENTED_EDGE ( 'NONE', *, *, #69, .T. ) ;
#1364 = CARTESIAN_POINT ( 'NONE',  ( 87.56800000000001205, -44.69699999999399154, 3.000000000000000000 ) ) ;
#1365 = VECTOR ( 'NONE', #2097, 1000.000000000000000 ) ;
#1366 = FACE_OUTER_BOUND ( 'NONE', #1744, .T. ) ;
#1367 = CARTESIAN_POINT ( 'NONE',  ( 62.01800000000000779, -40.69699999999399154, -0.000000000000000000 ) ) ;
#1368 = DIRECTION ( 'NONE',  ( -0.000000000000000000, -0.000000000000000000, -1.000000000000000000 ) ) ;
#1369 = AXIS2_PLACEMENT_3D ( 'NONE', #515, #1505, #1546 ) ;
#1370 = ADVANCED_FACE ( 'NONE', ( #709 ), #553, .T. ) ;
#1371 = VECTOR ( 'NONE', #546, 1000.000000000000000 ) ;
#1372 = EDGE_LOOP ( 'NONE', ( #764, #973, #1552, #1045 ) ) ;
#1373 = DIRECTION ( 'NONE',  ( 1.000000000000000000, 0.000000000000000000, 0.000000000000000000 ) ) ;
#1374 = EDGE_CURVE ( 'NONE', #2146, #52, #1878, .T. ) ;
#1375 = VECTOR ( 'NONE', #1051, 1000.000000000000000 ) ;
#1376 = VERTEX_POINT ( 'NONE', #595 ) ;
#1377 = CARTESIAN_POINT ( 'NONE',  ( 91.38286486486485671, -45.50781081080479851, -44.43123780249621291 ) ) ;
#1378 = DIRECTION ( 'NONE',  ( -0.000000000000000000, -0.000000000000000000, 1.000000000000000000 ) ) ;
#1379 = DIRECTION ( 'NONE',  ( -1.000000000000000000, 0.000000000000000000, 0.000000000000000000 ) ) ;
#1380 = ORIENTED_EDGE ( 'NONE', *, *, #189, .F. ) ;
#1381 = VECTOR ( 'NONE', #1997, 1000.000000000000000 ) ;
#1382 = ORIENTED_EDGE ( 'NONE', *, *, #1820, .T. ) ;
#1383 = DIRECTION ( 'NONE',  ( -1.000000000000000000, 0.000000000000000000, 0.000000000000000000 ) ) ;
#1384 = ORIENTED_EDGE ( 'NONE', *, *, #636, .T. ) ;
#1385 = ORIENTED_EDGE ( 'NONE', *, *, #488, .T. ) ;
#1386 = EDGE_CURVE ( 'NONE', #508, #2176, #267, .T. ) ;
#1387 = CARTESIAN_POINT ( 'NONE',  ( 54.01800000000000779, -44.69699999999399154, -1.800000000000000044 ) ) ;
#1388 = DIRECTION ( 'NONE',  ( -1.000000000000000000, 0.000000000000000000, 0.000000000000000000 ) ) ;
#1389 = CARTESIAN_POINT ( 'NONE',  ( 89.01800000000000068, -75.69699999999399154, -44.43123780249621291 ) ) ;
#1390 = DIRECTION ( 'NONE',  ( -0.000000000000000000, -0.000000000000000000, -1.000000000000000000 ) ) ;
#1391 = EDGE_CURVE ( 'NONE', #2121, #1454, #1214, .T. ) ;
#1392 = VERTEX_POINT ( 'NONE', #797 ) ;
#1393 = VECTOR ( 'NONE', #1517, 1000.000000000000000 ) ;
#1394 = CARTESIAN_POINT ( 'NONE',  ( 69.01800000000000068, -44.69699999999399154, 3.000000000000001776 ) ) ;
#1395 = ORIENTED_EDGE ( 'NONE', *, *, #898, .T. ) ;
#1396 = AXIS2_PLACEMENT_3D ( 'NONE', #2190, #1513, #1699 ) ;
#1397 = ORIENTED_EDGE ( 'NONE', *, *, #373, .F. ) ;
#1398 = CARTESIAN_POINT ( 'NONE',  ( 95.51800000000001489, -76.69699999999399154, 0.000000000000000000 ) ) ;
#1399 = CARTESIAN_POINT ( 'NONE',  ( 61.01800000000003621, -78.68699999999401484, 3.000000000000000000 ) ) ;
#1400 = ORIENTED_EDGE ( 'NONE', *, *, #1717, .F. ) ;
#1401 = DIRECTION ( 'NONE',  ( -0.000000000000000000, -0.000000000000000000, 1.000000000000000000 ) ) ;
#1402 = CARTESIAN_POINT ( 'NONE',  ( 97.30685438199984105, -43.49699999999398869, 0.000000000000000000 ) ) ;
#1403 = EDGE_LOOP ( 'NONE', ( #1899, #2068, #443, #343 ) ) ;
#1404 = CIRCLE ( 'NONE', #452, 1.200000000000006617 ) ;
#1405 = CARTESIAN_POINT ( 'NONE',  ( 87.56800000000001205, -44.69699999999399154, 1.700000000000001954 ) ) ;
#1406 = VECTOR ( 'NONE', #536, 1000.000000000000000 ) ;
#1407 = EDGE_LOOP ( 'NONE', ( #1768, #1550, #1935, #1048, #1073, #2168, #17, #1485 ) ) ;
#1408 = ORIENTED_EDGE ( 'NONE', *, *, #2185, .T. ) ;
#1409 = CARTESIAN_POINT ( 'NONE',  ( 60.22914561800017452, -75.69699999999399154, -0.000000000000000000 ) ) ;
#1410 = CARTESIAN_POINT ( 'NONE',  ( 92.51800000000000068, -74.49699999999398869, -4.400000000000001243 ) ) ;
#1411 = VERTEX_POINT ( 'NONE', #1798 ) ;
#1412 = DIRECTION ( 'NONE',  ( 1.000000000000000000, 0.000000000000000000, 0.000000000000000000 ) ) ;
#1413 = DIRECTION ( 'NONE',  ( 0.000000000000000000, 0.000000000000000000, -1.000000000000000000 ) ) ;
#1414 = EDGE_CURVE ( 'NONE', #1718, #908, #1652, .T. ) ;
#1415 = ORIENTED_EDGE ( 'NONE', *, *, #631, .F. ) ;
#1416 = DIRECTION ( 'NONE',  ( 0.000000000000000000, 1.000000000000000000, 0.000000000000000000 ) ) ;
#1417 = CIRCLE ( 'NONE', #497, 1.200000000000006617 ) ;
#1418 = EDGE_CURVE ( 'NONE', #398, #93, #1824, .T. ) ;
#1419 = EDGE_CURVE ( 'NONE', #167, #26, #1307, .T. ) ;
#1420 = ORIENTED_EDGE ( 'NONE', *, *, #1887, .T. ) ;
#1421 = EDGE_LOOP ( 'NONE', ( #1036, #210, #696, #409 ) ) ;
#1422 = LINE ( 'NONE', #1063, #453 ) ;
#1423 = DIRECTION ( 'NONE',  ( -1.000000000000000000, 0.000000000000000000, 0.000000000000000000 ) ) ;
#1424 = ORIENTED_EDGE ( 'NONE', *, *, #1618, .F. ) ;
#1425 = CARTESIAN_POINT ( 'NONE',  ( 65.51800000000000068, -44.69699999999399154, -4.400000000000001243 ) ) ;
#1426 = CARTESIAN_POINT ( 'NONE',  ( 71.38286486486485671, -45.50781081080479851, -44.43123780249621291 ) ) ;
#1427 = EDGE_CURVE ( 'NONE', #1741, #624, #126, .T. ) ;
#1428 = VERTEX_POINT ( 'NONE', #1315 ) ;
#1429 = ADVANCED_FACE ( 'NONE', ( #823 ), #993, .F. ) ;
#1430 = DIRECTION ( 'NONE',  ( -1.000000000000000000, 1.713307136767216357E-16, 0.000000000000000000 ) ) ;
#1431 = ORIENTED_EDGE ( 'NONE', *, *, #472, .T. ) ;
#1432 = DIRECTION ( 'NONE',  ( -0.000000000000000000, -0.000000000000000000, 1.000000000000000000 ) ) ;
#1433 = VECTOR ( 'NONE', #1208, 1000.000000000000000 ) ;
#1434 = LINE ( 'NONE', #1237, #1456 ) ;
#1435 = ORIENTED_EDGE ( 'NONE', *, *, #1584, .F. ) ;
#1436 = CARTESIAN_POINT ( 'NONE',  ( 85.51800000000001489, -44.69699999999399154, -4.400000000000001243 ) ) ;
#1437 = CARTESIAN_POINT ( 'NONE',  ( 59.03657603000029752, -77.03033333332733434, -44.43123780249621291 ) ) ;
#1438 = ADVANCED_FACE ( 'NONE', ( #1285 ), #155, .F. ) ;
#1439 = CIRCLE ( 'NONE', #765, 2.750000000000002665 ) ;
#1440 = CLOSED_SHELL ( 'NONE', ( #1190, #400, #1050, #2076, #1747, #659, #1319, #2034, #1908, #2143, #1511, #115, #1989, #1833, #524, #788, #767, #455, #1767, #2133, #1981, #685, #1034, #719, #824, #576, #1429, #1349, #2110, #701, #968, #589, #1370, #1589, #565, #1654, #46, #2047, #1679, #1761, #607, #1902, #1197, #994, #1912, #1845, #1209, #264, #913, #600, #1585, #496, #440, #870, #1253, #1973, #1438, #1445, #2156, #1821, #1641, #899, #1258, #1362, #1284, #800, #214, #211 ) ) ;
#1441 = AXIS2_PLACEMENT_3D ( 'NONE', #1011, #875, #1029 ) ;
#1442 = DIRECTION ( 'NONE',  ( 1.713307136767216357E-16, 1.000000000000000000, 0.000000000000000000 ) ) ;
#1443 = ORIENTED_EDGE ( 'NONE', *, *, #751, .T. ) ;
#1444 = DIRECTION ( 'NONE',  ( -0.000000000000000000, 0.000000000000000000, -1.000000000000000000 ) ) ;
#1445 = ADVANCED_FACE ( 'NONE', ( #463 ), #904, .F. ) ;
#1446 = CARTESIAN_POINT ( 'NONE',  ( 91.38286486486487092, -74.88618918918317036, 0.000000000000000000 ) ) ;
#1447 = ORIENTED_EDGE ( 'NONE', *, *, #2101, .T. ) ;
#1448 = EDGE_LOOP ( 'NONE', ( #1730, #942 ) ) ;
#1449 = DIRECTION ( 'NONE',  ( -0.000000000000000000, 0.000000000000000000, -1.000000000000000000 ) ) ;
#1450 = CARTESIAN_POINT ( 'NONE',  ( 58.51800000000000779, -56.68699999999399353, -4.400000000000000355 ) ) ;
#1451 = EDGE_CURVE ( 'NONE', #1698, #314, #474, .T. ) ;
#1452 = VECTOR ( 'NONE', #1134, 1000.000000000000000 ) ;
#1453 = DIRECTION ( 'NONE',  ( 0.000000000000000000, 0.000000000000000000, -1.000000000000000000 ) ) ;
#1454 = VERTEX_POINT ( 'NONE', #293 ) ;
#1455 = AXIS2_PLACEMENT_3D ( 'NONE', #456, #1946, #421 ) ;
#1456 = VECTOR ( 'NONE', #1927, 1000.000000000000000 ) ;
#1457 = CARTESIAN_POINT ( 'NONE',  ( 96.51800000000001489, -85.68699999999398642, 0.000000000000000000 ) ) ;
#1458 = ORIENTED_EDGE ( 'NONE', *, *, #177, .F. ) ;
#1459 = CARTESIAN_POINT ( 'NONE',  ( 55.51800000000001489, -56.68699999999399353, -1.800000000000000044 ) ) ;
#1460 = DIRECTION ( 'NONE',  ( -1.000000000000000000, 0.000000000000000000, 0.000000000000000000 ) ) ;
#1461 = EDGE_LOOP ( 'NONE', ( #1871, #1947, #1420, #388 ) ) ;
#1462 = CARTESIAN_POINT ( 'NONE',  ( 61.01800000000003621, -78.68699999999401484, 3.000000000000000000 ) ) ;
#1463 = CARTESIAN_POINT ( 'NONE',  ( 65.51800000000000068, -75.69699999999399154, -44.43123780249621291 ) ) ;
#1464 = PLANE ( 'NONE',  #1731 ) ;
#1465 = EDGE_CURVE ( 'NONE', #928, #1721, #1467, .T. ) ;
#1466 =( NAMED_UNIT ( * ) SI_UNIT ( $, .STERADIAN. ) SOLID_ANGLE_UNIT ( ) );
#1467 = CIRCLE ( 'NONE', #504, 1.200000000000006617 ) ;
#1468 = ORIENTED_EDGE ( 'NONE', *, *, #959, .T. ) ;
#1469 = CARTESIAN_POINT ( 'NONE',  ( 91.76800000000000068, -75.69699999999399154, 3.000000000000001776 ) ) ;
#1470 = ORIENTED_EDGE ( 'NONE', *, *, #79, .F. ) ;
#1471 =( LENGTH_UNIT ( ) NAMED_UNIT ( * ) SI_UNIT ( .MILLI., .METRE. ) );
#1472 = PLANE ( 'NONE',  #783 ) ;
#1473 = VERTEX_POINT ( 'NONE', #1811 ) ;
#1474 = VECTOR ( 'NONE', #807, 1000.000000000000000 ) ;
#1475 = CARTESIAN_POINT ( 'NONE',  ( 85.51800000000000068, -74.49699999999398869, -44.43123780249621291 ) ) ;
#1476 = DIRECTION ( 'NONE',  ( 0.000000000000000000, 0.000000000000000000, -1.000000000000000000 ) ) ;
#1477 = CIRCLE ( 'NONE', #1359, 1.449999999999993072 ) ;
#1478 = DIRECTION ( 'NONE',  ( -1.000000000000000000, 0.000000000000000000, 0.000000000000000000 ) ) ;
#1479 = CARTESIAN_POINT ( 'NONE',  ( 95.51800000000001489, -76.69699999999399154, -4.400000000000001243 ) ) ;
#1480 = EDGE_CURVE ( 'NONE', #908, #1728, #2033, .T. ) ;
#1481 = MANIFOLD_SOLID_BREP ( 'µ¹½Ç3', #1440 ) ;
#1482 = ORIENTED_EDGE ( 'NONE', *, *, #429, .F. ) ;
#1483 = FACE_OUTER_BOUND ( 'NONE', #557, .T. ) ;
#1484 = AXIS2_PLACEMENT_3D ( 'NONE', #715, #2072, #2084 ) ;
#1485 = ORIENTED_EDGE ( 'NONE', *, *, #1217, .F. ) ;
#1486 = PLANE ( 'NONE',  #169 ) ;
#1487 = LINE ( 'NONE', #1463, #202 ) ;
#1488 = CARTESIAN_POINT ( 'NONE',  ( 54.01800000000003621, -78.68699999999401484, 3.000000000000000000 ) ) ;
#1489 = FILL_AREA_STYLE ('',( #1664 ) ) ;
#1490 = EDGE_CURVE ( 'NONE', #2037, #1680, #934, .T. ) ;
#1491 = ORIENTED_EDGE ( 'NONE', *, *, #437, .F. ) ;
#1492 = CARTESIAN_POINT ( 'NONE',  ( 89.01800000000000068, -75.69699999999399154, -4.400000000000001243 ) ) ;
#1493 = EDGE_CURVE ( 'NONE', #917, #2127, #2063, .T. ) ;
#1494 = EDGE_CURVE ( 'NONE', #489, #1782, #342, .T. ) ;
#1495 = CARTESIAN_POINT ( 'NONE',  ( 96.51800000000001489, -43.18699999999400774, 0.000000000000000000 ) ) ;
#1496 = EDGE_LOOP ( 'NONE', ( #598, #226, #2078, #1380 ) ) ;
#1497 = DIRECTION ( 'NONE',  ( 1.000000000000000000, 0.000000000000000000, 0.000000000000000000 ) ) ;
#1498 = CARTESIAN_POINT ( 'NONE',  ( 71.38286486486485671, -45.50781081080479851, 0.000000000000000000 ) ) ;
#1499 = CARTESIAN_POINT ( 'NONE',  ( 96.51800000000001489, -85.68699999999398642, 3.000000000000000000 ) ) ;
#1500 = CARTESIAN_POINT ( 'NONE',  ( 0.000000000000000000, -44.69699999999399154, -44.43123780249621291 ) ) ;
#1501 = COLOUR_RGB ( '',1.000000000000000000, 1.000000000000000000, 1.000000000000000000 ) ;
#1502 = VERTEX_POINT ( 'NONE', #1205 ) ;
#1503 = CARTESIAN_POINT ( 'NONE',  ( 69.01800000000000068, -44.69699999999399154, 3.000000000000001776 ) ) ;
#1504 = ORIENTED_EDGE ( 'NONE', *, *, #1715, .T. ) ;
#1505 = DIRECTION ( 'NONE',  ( -0.000000000000000000, -0.000000000000000000, 1.000000000000000000 ) ) ;
#1506 = FACE_OUTER_BOUND ( 'NONE', #1909, .T. ) ;
#1507 = CARTESIAN_POINT ( 'NONE',  ( 55.51800000000001489, -56.68699999999399353, 0.000000000000000000 ) ) ;
#1508 =( NAMED_UNIT ( * ) PLANE_ANGLE_UNIT ( ) SI_UNIT ( $, .RADIAN. ) );
#1509 = ORIENTED_EDGE ( 'NONE', *, *, #1028, .T. ) ;
#1510 = AXIS2_PLACEMENT_3D ( 'NONE', #191, #2120, #1046 ) ;
#1511 = ADVANCED_FACE ( 'NONE', ( #1530 ), #196, .T. ) ;
#1512 = ORIENTED_EDGE ( 'NONE', *, *, #125, .T. ) ;
#1513 = DIRECTION ( 'NONE',  ( 0.000000000000000000, 0.000000000000000000, -1.000000000000000000 ) ) ;
#1514 = ORIENTED_EDGE ( 'NONE', *, *, #663, .T. ) ;
#1515 = EDGE_LOOP ( 'NONE', ( #1224, #200, #1358, #376 ) ) ;
#1516 = CYLINDRICAL_SURFACE ( 'NONE', #1441, 2.999999999999995559 ) ;
#1517 = DIRECTION ( 'NONE',  ( 5.863854003301890608E-16, -1.000000000000000000, 0.000000000000000000 ) ) ;
#1518 = AXIS2_PLACEMENT_3D ( 'NONE', #507, #25, #176 ) ;
#1519 = LINE ( 'NONE', #369, #109 ) ;
#1520 = AXIS2_PLACEMENT_3D ( 'NONE', #2038, #1872, #349 ) ;
#1521 = CARTESIAN_POINT ( 'NONE',  ( 99.01800000000002910, -56.68699999999400063, 0.000000000000000000 ) ) ;
#1522 = VERTEX_POINT ( 'NONE', #1335 ) ;
#1523 = EDGE_CURVE ( 'NONE', #2116, #2146, #2053, .T. ) ;
#1524 = VERTEX_POINT ( 'NONE', #1884 ) ;
#1525 = CARTESIAN_POINT ( 'NONE',  ( 91.38286486486487092, -74.88618918918317036, -44.43123780249621291 ) ) ;
#1526 = EDGE_LOOP ( 'NONE', ( #1931, #2049, #836, #924 ) ) ;
#1527 = DIRECTION ( 'NONE',  ( -1.000000000000000000, 0.000000000000000000, 0.000000000000000000 ) ) ;
#1528 = LINE ( 'NONE', #1204, #146 ) ;
#1529 = VECTOR ( 'NONE', #391, 999.9999999999998863 ) ;
#1530 = FACE_OUTER_BOUND ( 'NONE', #274, .T. ) ;
#1531 = ORIENTED_EDGE ( 'NONE', *, *, #663, .F. ) ;
#1532 = EDGE_CURVE ( 'NONE', #2099, #884, #972, .T. ) ;
#1533 = LINE ( 'NONE', #815, #1153 ) ;
#1534 = AXIS2_PLACEMENT_3D ( 'NONE', #1132, #1142, #483 ) ;
#1535 = VERTEX_POINT ( 'NONE', #1725 ) ;
#1536 = LINE ( 'NONE', #1364, #171 ) ;
#1537 = EDGE_CURVE ( 'NONE', #964, #93, #1347, .T. ) ;
#1538 = CYLINDRICAL_SURFACE ( 'NONE', #1170, 1.200000000000006617 ) ;
#1539 = DIRECTION ( 'NONE',  ( 0.000000000000000000, 0.000000000000000000, 1.000000000000000000 ) ) ;
#1540 = ORIENTED_EDGE ( 'NONE', *, *, #1703, .T. ) ;
#1541 = EDGE_CURVE ( 'NONE', #295, #2037, #1685, .T. ) ;
#1542 = CIRCLE ( 'NONE', #762, 1.200000000000006617 ) ;
#1543 = ORIENTED_EDGE ( 'NONE', *, *, #1674, .F. ) ;
#1544 = CARTESIAN_POINT ( 'NONE',  ( 62.01800000000000779, -76.69699999999399154, 0.000000000000000000 ) ) ;
#1545 = ORIENTED_EDGE ( 'NONE', *, *, #1277, .T. ) ;
#1546 = DIRECTION ( 'NONE',  ( 1.000000000000000000, 0.000000000000000000, 0.000000000000000000 ) ) ;
#1547 = AXIS2_PLACEMENT_3D ( 'NONE', #1305, #123, #1952 ) ;
#1548 = CARTESIAN_POINT ( 'NONE',  ( 99.01800000000002910, -59.68699999999400063, 0.000000000000000000 ) ) ;
#1549 = DIRECTION ( 'NONE',  ( 1.000000000000000000, 0.000000000000000000, 0.000000000000000000 ) ) ;
#1550 = ORIENTED_EDGE ( 'NONE', *, *, #282, .T. ) ;
#1551 = AXIS2_PLACEMENT_3D ( 'NONE', #647, #1321, #1497 ) ;
#1552 = ORIENTED_EDGE ( 'NONE', *, *, #360, .T. ) ;
#1553 = EDGE_CURVE ( 'NONE', #405, #1772, #1785, .T. ) ;
#1554 = DIRECTION ( 'NONE',  ( 1.000000000000000000, 0.000000000000000000, 0.000000000000000000 ) ) ;
#1555 = ORIENTED_EDGE ( 'NONE', *, *, #1418, .T. ) ;
#1556 = VECTOR ( 'NONE', #1860, 1000.000000000000114 ) ;
#1557 = EDGE_CURVE ( 'NONE', #915, #1766, #828, .T. ) ;
#1558 = ORIENTED_EDGE ( 'NONE', *, *, #675, .T. ) ;
#1559 = DIRECTION ( 'NONE',  ( 0.000000000000000000, 0.000000000000000000, -1.000000000000000000 ) ) ;
#1560 = DIRECTION ( 'NONE',  ( 1.000000000000000000, 0.000000000000000000, 0.000000000000000000 ) ) ;
#1561 = ORIENTED_EDGE ( 'NONE', *, *, #178, .F. ) ;
#1562 = CARTESIAN_POINT ( 'NONE',  ( 71.38286486486485671, -74.88618918918317036, 0.000000000000000000 ) ) ;
#1563 = DIRECTION ( 'NONE',  ( 0.000000000000000000, 0.000000000000000000, -1.000000000000000000 ) ) ;
#1564 = VECTOR ( 'NONE', #284, 1000.000000000000000 ) ;
#1565 = VECTOR ( 'NONE', #2154, 1000.000000000000114 ) ;
#1566 = ORIENTED_EDGE ( 'NONE', *, *, #1584, .T. ) ;
#1567 = CYLINDRICAL_SURFACE ( 'NONE', #305, 2.499999999999988454 ) ;
#1568 = ORIENTED_EDGE ( 'NONE', *, *, #1677, .F. ) ;
#1569 = ORIENTED_EDGE ( 'NONE', *, *, #1414, .T. ) ;
#1570 = CARTESIAN_POINT ( 'NONE',  ( 0.000000000000000000, -44.69699999999399154, -44.43123780249621291 ) ) ;
#1571 = CYLINDRICAL_SURFACE ( 'NONE', #1243, 6.999999999999999112 ) ;
#1572 = CARTESIAN_POINT ( 'NONE',  ( 89.01800000000000068, -75.69699999999399154, 1.700000000000001954 ) ) ;
#1573 = CARTESIAN_POINT ( 'NONE',  ( 62.01800000000000779, -43.69699999999399154, 0.000000000000000000 ) ) ;
#1574 = VERTEX_POINT ( 'NONE', #1705 ) ;
#1575 = AXIS2_PLACEMENT_3D ( 'NONE', #1064, #561, #2083 ) ;
#1576 = DIRECTION ( 'NONE',  ( 0.000000000000000000, -0.000000000000000000, 1.000000000000000000 ) ) ;
#1577 = EDGE_CURVE ( 'NONE', #1867, #1502, #208, .T. ) ;
#1578 = VERTEX_POINT ( 'NONE', #1367 ) ;
#1579 = ORIENTED_EDGE ( 'NONE', *, *, #177, .T. ) ;
#1580 = DIRECTION ( 'NONE',  ( -0.000000000000000000, -0.000000000000000000, -1.000000000000000000 ) ) ;
#1581 = DIRECTION ( 'NONE',  ( 0.000000000000000000, 0.000000000000000000, 1.000000000000000000 ) ) ;
#1582 = LINE ( 'NONE', #1107, #278 ) ;
#1583 = CARTESIAN_POINT ( 'NONE',  ( 95.51800000000001489, -43.69699999999399154, -4.400000000000001243 ) ) ;
#1584 = EDGE_CURVE ( 'NONE', #76, #603, #865, .T. ) ;
#1585 = ADVANCED_FACE ( 'NONE', ( #2031 ), #1053, .T. ) ;
#1586 = VECTOR ( 'NONE', #275, 1000.000000000000000 ) ;
#1587 = EDGE_LOOP ( 'NONE', ( #249, #2054, #564, #868 ) ) ;
#1588 = ORIENTED_EDGE ( 'NONE', *, *, #1386, .T. ) ;
#1589 = ADVANCED_FACE ( 'NONE', ( #34 ), #333, .F. ) ;
#1590 = ORIENTED_EDGE ( 'NONE', *, *, #244, .F. ) ;
#1591 = CARTESIAN_POINT ( 'NONE',  ( 71.38286486486485671, -45.50781081080479851, -4.400000000000001243 ) ) ;
#1592 = DIRECTION ( 'NONE',  ( 0.000000000000000000, -1.000000000000000000, 0.000000000000000000 ) ) ;
#1593 = DIRECTION ( 'NONE',  ( -0.000000000000000000, -0.000000000000000000, 1.000000000000000000 ) ) ;
#1594 = LINE ( 'NONE', #726, #1332 ) ;
#1595 = EDGE_CURVE ( 'NONE', #1096, #19, #1250, .T. ) ;
#1596 = ORIENTED_EDGE ( 'NONE', *, *, #166, .T. ) ;
#1597 = CARTESIAN_POINT ( 'NONE',  ( 62.01800000000000779, -79.69699999999399154, -0.000000000000000000 ) ) ;
#1598 = ORIENTED_EDGE ( 'NONE', *, *, #1160, .T. ) ;
#1599 = CARTESIAN_POINT ( 'NONE',  ( 54.01800000000000779, -56.68699999999399353, -1.800000000000000044 ) ) ;
#1600 = EDGE_LOOP ( 'NONE', ( #1588, #1817, #1482, #247 ) ) ;
#1601 = FACE_OUTER_BOUND ( 'NONE', #1079, .T. ) ;
#1602 = CYLINDRICAL_SURFACE ( 'NONE', #1851, 1.200000000000006617 ) ;
#1603 = ORIENTED_EDGE ( 'NONE', *, *, #1465, .T. ) ;
#1604 = CARTESIAN_POINT ( 'NONE',  ( 71.76800000000000068, -44.69699999999399154, 3.000000000000001776 ) ) ;
#1605 = DIRECTION ( 'NONE',  ( 0.000000000000000000, 0.000000000000000000, 1.000000000000000000 ) ) ;
#1606 = EDGE_CURVE ( 'NONE', #1781, #591, #882, .T. ) ;
#1607 = VECTOR ( 'NONE', #5, 1000.000000000000000 ) ;
#1608 = EDGE_CURVE ( 'NONE', #679, #167, #316, .T. ) ;
#1609 = ORIENTED_EDGE ( 'NONE', *, *, #635, .T. ) ;
#1610 = DIRECTION ( 'NONE',  ( -0.000000000000000000, -0.000000000000000000, -1.000000000000000000 ) ) ;
#1611 = ORIENTED_EDGE ( 'NONE', *, *, #350, .T. ) ;
#1612 = VECTOR ( 'NONE', #318, 1000.000000000000000 ) ;
#1613 = CARTESIAN_POINT ( 'NONE',  ( 72.51799999999998647, -74.49699999999398869, 0.000000000000000000 ) ) ;
#1614 = ORIENTED_EDGE ( 'NONE', *, *, #1847, .T. ) ;
#1615 = CARTESIAN_POINT ( 'NONE',  ( 59.01800000000000779, -43.69699999999398443, 0.000000000000000000 ) ) ;
#1616 = DIRECTION ( 'NONE',  ( 0.000000000000000000, -1.000000000000000000, 0.000000000000000000 ) ) ;
#1617 = CYLINDRICAL_SURFACE ( 'NONE', #1326, 1.200000000000006617 ) ;
#1618 = EDGE_CURVE ( 'NONE', #1298, #314, #2086, .T. ) ;
#1619 = ORIENTED_EDGE ( 'NONE', *, *, #935, .T. ) ;
#1620 = AXIS2_PLACEMENT_3D ( 'NONE', #1573, #221, #539 ) ;
#1621 = VECTOR ( 'NONE', #382, 1000.000000000000000 ) ;
#1622 = LINE ( 'NONE', #611, #325 ) ;
#1623 = VERTEX_POINT ( 'NONE', #1270 ) ;
#1624 = DIRECTION ( 'NONE',  ( 1.000000000000000000, 0.000000000000000000, 0.000000000000000000 ) ) ;
#1625 = EDGE_CURVE ( 'NONE', #408, #1308, #1239, .T. ) ;
#1626 = CARTESIAN_POINT ( 'NONE',  ( 54.01800000000001489, -43.18699999999405037, 0.000000000000000000 ) ) ;
#1627 = EDGE_LOOP ( 'NONE', ( #1207, #424, #1666, #374 ) ) ;
#1628 = FACE_OUTER_BOUND ( 'NONE', #1407, .T. ) ;
#1629 = LINE ( 'NONE', #593, #695 ) ;
#1630 = CONICAL_SURFACE ( 'NONE', #671, 2.750000000000002665, 0.7853981633974519427 ) ;
#1631 = CARTESIAN_POINT ( 'NONE',  ( 61.01800000000003621, -78.68699999999401484, 0.000000000000000000 ) ) ;
#1632 = ORIENTED_EDGE ( 'NONE', *, *, #1082, .T. ) ;
#1633 = AXIS2_PLACEMENT_3D ( 'NONE', #81, #1314, #1002 ) ;
#1634 = LINE ( 'NONE', #1599, #529 ) ;
#1635 = EDGE_LOOP ( 'NONE', ( #133, #863, #1047, #1157 ) ) ;
#1636 = DIRECTION ( 'NONE',  ( 1.000000000000000000, 0.000000000000000000, 0.000000000000000000 ) ) ;
#1637 = ORIENTED_EDGE ( 'NONE', *, *, #1494, .F. ) ;
#1638 = ORIENTED_EDGE ( 'NONE', *, *, #1490, .T. ) ;
#1639 = CARTESIAN_POINT ( 'NONE',  ( 96.51800000000001489, -36.18699999999400063, 3.000000000000000000 ) ) ;
#1640 = CARTESIAN_POINT ( 'NONE',  ( 95.51800000000001489, -43.69699999999399154, 0.000000000000000000 ) ) ;
#1641 = ADVANCED_FACE ( 'NONE', ( #549 ), #932, .F. ) ;
#1642 = CYLINDRICAL_SURFACE ( 'NONE', #1633, 1.449999999999993072 ) ;
#1643 = DIRECTION ( 'NONE',  ( 0.000000000000000000, 0.000000000000000000, 1.000000000000000000 ) ) ;
#1644 = STYLED_ITEM ( 'NONE', ( #1004 ), #1481 ) ;
#1645 = ORIENTED_EDGE ( 'NONE', *, *, #427, .F. ) ;
#1646 = CYLINDRICAL_SURFACE ( 'NONE', #1770, 3.000000000000002665 ) ;
#1647 = ORIENTED_EDGE ( 'NONE', *, *, #1653, .T. ) ;
#1648 = PLANE ( 'NONE',  #1024 ) ;
#1649 = DIRECTION ( 'NONE',  ( 1.000000000000000000, 0.000000000000000000, 0.000000000000000000 ) ) ;
#1650 = EDGE_CURVE ( 'NONE', #1184, #1392, #262, .T. ) ;
#1651 = PLANE ( 'NONE',  #596 ) ;
#1652 = LINE ( 'NONE', #1823, #1743 ) ;
#1653 = EDGE_CURVE ( 'NONE', #140, #894, #1066, .T. ) ;
#1654 = ADVANCED_FACE ( 'NONE', ( #1904 ), #89, .T. ) ;
#1655 = VECTOR ( 'NONE', #977, 1000.000000000000000 ) ;
#1656 = ORIENTED_EDGE ( 'NONE', *, *, #869, .T. ) ;
#1657 = LINE ( 'NONE', #851, #837 ) ;
#1658 = CIRCLE ( 'NONE', #699, 1.449999999999993072 ) ;
#1659 = VERTEX_POINT ( 'NONE', #1604 ) ;
#1660 = CARTESIAN_POINT ( 'NONE',  ( 60.01800000000002910, -44.69699999999399154, -0.000000000000000000 ) ) ;
#1661 = PLANE ( 'NONE',  #1156 ) ;
#1662 = CIRCLE ( 'NONE', #1874, 2.750000000000002665 ) ;
#1663 = DIRECTION ( 'NONE',  ( 0.000000000000000000, 0.000000000000000000, -1.000000000000000000 ) ) ;
#1664 = FILL_AREA_STYLE_COLOUR ( '', #1501 ) ;
#1665 = CIRCLE ( 'NONE', #705, 2.500000000000015987 ) ;
#1666 = ORIENTED_EDGE ( 'NONE', *, *, #1717, .T. ) ;
#1667 = DIRECTION ( 'NONE',  ( -1.000000000000000000, 0.000000000000000000, 0.000000000000000000 ) ) ;
#1668 = SHAPE_DEFINITION_REPRESENTATION ( #2145, #183 ) ;
#1669 = AXIS2_PLACEMENT_3D ( 'NONE', #1613, #110, #1460 ) ;
#1670 = ORIENTED_EDGE ( 'NONE', *, *, #2048, .T. ) ;
#1671 = DIRECTION ( 'NONE',  ( -0.000000000000000000, -0.000000000000000000, 1.000000000000000000 ) ) ;
#1672 = DIRECTION ( 'NONE',  ( -1.000000000000000000, 0.000000000000000000, 0.000000000000000000 ) ) ;
#1673 = LINE ( 'NONE', #821, #2132 ) ;
#1674 = EDGE_CURVE ( 'NONE', #936, #905, #2157, .T. ) ;
#1675 = FACE_BOUND ( 'NONE', #364, .T. ) ;
#1676 = ORIENTED_EDGE ( 'NONE', *, *, #1451, .F. ) ;
#1677 = EDGE_CURVE ( 'NONE', #2059, #2135, #1773, .T. ) ;
#1678 = CARTESIAN_POINT ( 'NONE',  ( 85.51800000000000068, -74.49699999999398869, -4.400000000000001243 ) ) ;
#1679 = ADVANCED_FACE ( 'NONE', ( #66 ), #220, .F. ) ;
#1680 = VERTEX_POINT ( 'NONE', #760 ) ;
#1681 = DIRECTION ( 'NONE',  ( 1.000000000000000000, 0.000000000000000000, 0.000000000000000000 ) ) ;
#1682 = CYLINDRICAL_SURFACE ( 'NONE', #438, 1.449999999999993072 ) ;
#1683 = CIRCLE ( 'NONE', #1016, 2.750000000000002665 ) ;
#1684 = LINE ( 'NONE', #1894, #1339 ) ;
#1685 = LINE ( 'NONE', #845, #1177 ) ;
#1686 = ORIENTED_EDGE ( 'NONE', *, *, #1577, .F. ) ;
#1687 = DIRECTION ( 'NONE',  ( 1.000000000000000000, 0.000000000000000000, 0.000000000000000000 ) ) ;
#1688 =( GEOMETRIC_REPRESENTATION_CONTEXT ( 3 ) GLOBAL_UNCERTAINTY_ASSIGNED_CONTEXT ( ( #678 ) ) GLOBAL_UNIT_ASSIGNED_CONTEXT ( ( #791, #94, #816 ) ) REPRESENTATION_CONTEXT ( 'NONE', 'WORKASPACE' ) );
#1689 = ORIENTED_EDGE ( 'NONE', *, *, #1100, .T. ) ;
#1690 = FACE_OUTER_BOUND ( 'NONE', #2149, .T. ) ;
#1691 = EDGE_CURVE ( 'NONE', #603, #1522, #392, .T. ) ;
#1692 = AXIS2_PLACEMENT_3D ( 'NONE', #1462, #1840, #97 ) ;
#1693 = VECTOR ( 'NONE', #393, 1000.000000000000000 ) ;
#1694 = DIRECTION ( 'NONE',  ( -1.000000000000000000, 1.713307136767216357E-16, 0.000000000000000000 ) ) ;
#1695 = AXIS2_PLACEMENT_3D ( 'NONE', #43, #909, #1901 ) ;
#1696 = DIRECTION ( 'NONE',  ( 0.000000000000000000, -0.000000000000000000, 1.000000000000000000 ) ) ;
#1697 = VERTEX_POINT ( 'NONE', #414 ) ;
#1698 = VERTEX_POINT ( 'NONE', #1085 ) ;
#1699 = DIRECTION ( 'NONE',  ( -1.000000000000000000, 0.000000000000000000, 0.000000000000000000 ) ) ;
#1700 = VERTEX_POINT ( 'NONE', #902 ) ;
#1701 = CARTESIAN_POINT ( 'NONE',  ( 61.01800000000001489, -36.18699999999399353, 3.000000000000000000 ) ) ;
#1702 = DIRECTION ( 'NONE',  ( -0.000000000000000000, -0.000000000000000000, -1.000000000000000000 ) ) ;
#1703 = EDGE_CURVE ( 'NONE', #1428, #519, #581, .T. ) ;
#1704 = VECTOR ( 'NONE', #1810, 1000.000000000000000 ) ;
#1705 = CARTESIAN_POINT ( 'NONE',  ( 60.22914561800017452, -75.69699999999399154, -4.400000000000001243 ) ) ;
#1706 = VERTEX_POINT ( 'NONE', #1562 ) ;
#1707 = ORIENTED_EDGE ( 'NONE', *, *, #266, .F. ) ;
#1708 = CARTESIAN_POINT ( 'NONE',  ( 0.000000000000000000, -44.69699999999399154, -4.400000000000001243 ) ) ;
#1709 = AXIS2_PLACEMENT_3D ( 'NONE', #1273, #1953, #651 ) ;
#1710 = ORIENTED_EDGE ( 'NONE', *, *, #1820, .F. ) ;
#1711 = CARTESIAN_POINT ( 'NONE',  ( 69.01800000000000068, -75.69699999999399154, 1.700000000000001954 ) ) ;
#1712 = DIRECTION ( 'NONE',  ( -1.000000000000000000, 0.000000000000000000, 0.000000000000000000 ) ) ;
#1713 = DIRECTION ( 'NONE',  ( -1.000000000000000000, 0.000000000000000000, 0.000000000000000000 ) ) ;
#1714 = CARTESIAN_POINT ( 'NONE',  ( 72.51799999999998647, -44.69699999999399154, -4.400000000000001243 ) ) ;
#1715 = EDGE_CURVE ( 'NONE', #19, #1096, #1727, .T. ) ;
#1716 = AXIS2_PLACEMENT_3D ( 'NONE', #533, #1740, #1453 ) ;
#1717 = EDGE_CURVE ( 'NONE', #1828, #53, #1261, .T. ) ;
#1718 = VERTEX_POINT ( 'NONE', #1425 ) ;
#1719 = CARTESIAN_POINT ( 'NONE',  ( 69.01800000000000068, -44.69699999999399154, -4.400000000000001243 ) ) ;
#1720 = VERTEX_POINT ( 'NONE', #1076 ) ;
#1721 = VERTEX_POINT ( 'NONE', #1436 ) ;
#1722 = CARTESIAN_POINT ( 'NONE',  ( 98.49942396999973937, -77.03033333332733434, -4.400000000000001243 ) ) ;
#1723 = CIRCLE ( 'NONE', #1942, 2.500000000000015987 ) ;
#1724 = DIRECTION ( 'NONE',  ( -0.000000000000000000, -0.000000000000000000, 1.000000000000000000 ) ) ;
#1725 = CARTESIAN_POINT ( 'NONE',  ( 98.49942396999973937, -43.36366666666065584, 0.000000000000000000 ) ) ;
#1726 = LINE ( 'NONE', #1426, #1693 ) ;
#1727 = CIRCLE ( 'NONE', #556, 1.449999999999993072 ) ;
#1728 = VERTEX_POINT ( 'NONE', #2108 ) ;
#1729 = DIRECTION ( 'NONE',  ( -1.000000000000000000, 0.000000000000000000, 0.000000000000000000 ) ) ;
#1730 = ORIENTED_EDGE ( 'NONE', *, *, #1532, .T. ) ;
#1731 = AXIS2_PLACEMENT_3D ( 'NONE', #482, #1161, #2142 ) ;
#1732 = ORIENTED_EDGE ( 'NONE', *, *, #28, .F. ) ;
#1733 = DIRECTION ( 'NONE',  ( 1.000000000000000000, 0.000000000000000000, 0.000000000000000000 ) ) ;
#1734 = CARTESIAN_POINT ( 'NONE',  ( 65.51800000000000068, -74.49699999999398869, -4.400000000000001243 ) ) ;
#1735 = DIRECTION ( 'NONE',  ( -0.000000000000000000, -0.000000000000000000, 1.000000000000000000 ) ) ;
#1736 = DIRECTION ( 'NONE',  ( -1.000000000000000000, 0.000000000000000000, 0.000000000000000000 ) ) ;
#1737 = CIRCLE ( 'NONE', #1920, 1.200000000000006617 ) ;
#1738 = EDGE_CURVE ( 'NONE', #2011, #1017, #1749, .T. ) ;
#1739 = ORIENTED_EDGE ( 'NONE', *, *, #1553, .T. ) ;
#1740 = DIRECTION ( 'NONE',  ( -0.7071067811865425767, -0.7071067811865525687, -0.000000000000000000 ) ) ;
#1741 = VERTEX_POINT ( 'NONE', #425 ) ;
#1742 = UNCERTAINTY_MEASURE_WITH_UNIT (LENGTH_MEASURE( 1.000000000000000082E-05 ), #1471, 'distance_accuracy_value', 'NONE');
#1743 = VECTOR ( 'NONE', #971, 1000.000000000000000 ) ;
#1744 = EDGE_LOOP ( 'NONE', ( #1435, #1210, #2067, #1244 ) ) ;
#1745 = CYLINDRICAL_SURFACE ( 'NONE', #2052, 1.449999999999993072 ) ;
#1746 = EDGE_CURVE ( 'NONE', #632, #975, #1582, .T. ) ;
#1747 = ADVANCED_FACE ( 'NONE', ( #739 ), #380, .F. ) ;
#1748 = DIRECTION ( 'NONE',  ( -0.000000000000000000, -0.000000000000000000, -1.000000000000000000 ) ) ;
#1749 = LINE ( 'NONE', #2117, #1230 ) ;
#1750 = CARTESIAN_POINT ( 'NONE',  ( 99.01800000000002910, -59.68699999999400063, -4.400000000000000355 ) ) ;
#1751 = ORIENTED_EDGE ( 'NONE', *, *, #1391, .F. ) ;
#1752 = AXIS2_PLACEMENT_3D ( 'NONE', #1640, #795, #640 ) ;
#1753 = CIRCLE ( 'NONE', #1118, 1.200000000000006617 ) ;
#1754 = VERTEX_POINT ( 'NONE', #1660 ) ;
#1755 = ORIENTED_EDGE ( 'NONE', *, *, #1816, .T. ) ;
#1756 = FACE_OUTER_BOUND ( 'NONE', #1212, .T. ) ;
#1757 = CARTESIAN_POINT ( 'NONE',  ( 58.10249999999741988, -58.10249999999660986, -4.400000000000000355 ) ) ;
#1758 = ORIENTED_EDGE ( 'NONE', *, *, #2071, .T. ) ;
#1759 = DIRECTION ( 'NONE',  ( 1.000000000000000000, 0.000000000000000000, 0.000000000000000000 ) ) ;
#1760 = CARTESIAN_POINT ( 'NONE',  ( 54.01800000000000779, -43.18699999999405037, 0.000000000000000000 ) ) ;
#1761 = ADVANCED_FACE ( 'NONE', ( #1138 ), #1648, .F. ) ;
#1762 = AXIS2_PLACEMENT_3D ( 'NONE', #1475, #989, #1304 ) ;
#1763 = VERTEX_POINT ( 'NONE', #2128 ) ;
#1764 = DIRECTION ( 'NONE',  ( -1.000000000000000000, 0.000000000000000000, 0.000000000000000000 ) ) ;
#1765 = AXIS2_PLACEMENT_3D ( 'NONE', #1398, #1074, #1256 ) ;
#1766 = VERTEX_POINT ( 'NONE', #955 ) ;
#1767 = ADVANCED_FACE ( 'NONE', ( #965, #299, #2152, #470, #1628 ), #112, .F. ) ;
#1768 = ORIENTED_EDGE ( 'NONE', *, *, #986, .F. ) ;
#1769 = DIRECTION ( 'NONE',  ( 0.000000000000000000, 1.000000000000000000, 0.000000000000000000 ) ) ;
#1770 = AXIS2_PLACEMENT_3D ( 'NONE', #621, #256, #1265 ) ;
#1771 = DIRECTION ( 'NONE',  ( -1.000000000000000000, 0.000000000000000000, 0.000000000000000000 ) ) ;
#1772 = VERTEX_POINT ( 'NONE', #818 ) ;
#1773 = LINE ( 'NONE', #571, #102 ) ;
#1774 = CARTESIAN_POINT ( 'NONE',  ( 98.49942396999973937, -77.03033333332733434, -44.43123780249621291 ) ) ;
#1775 = EDGE_CURVE ( 'NONE', #1061, #1867, #809, .T. ) ;
#1776 = CIRCLE ( 'NONE', #218, 2.750000000000002665 ) ;
#1777 = DIRECTION ( 'NONE',  ( -1.000000000000000000, -0.000000000000000000, -0.000000000000000000 ) ) ;
#1778 = VERTEX_POINT ( 'NONE', #447 ) ;
#1779 = DIRECTION ( 'NONE',  ( -0.000000000000000000, -0.000000000000000000, 1.000000000000000000 ) ) ;
#1780 = DIRECTION ( 'NONE',  ( -0.000000000000000000, -0.000000000000000000, 1.000000000000000000 ) ) ;
#1781 = VERTEX_POINT ( 'NONE', #1818 ) ;
#1782 = VERTEX_POINT ( 'NONE', #1796 ) ;
#1783 = DIRECTION ( 'NONE',  ( 0.000000000000000000, 0.000000000000000000, -1.000000000000000000 ) ) ;
#1784 = DIRECTION ( 'NONE',  ( -0.7071067811865524577, 0.7071067811865425767, 0.000000000000000000 ) ) ;
#1785 = CIRCLE ( 'NONE', #396, 1.200000000000006617 ) ;
#1786 = CARTESIAN_POINT ( 'NONE',  ( 54.01800000000000779, -56.68699999999399353, 0.000000000000000000 ) ) ;
#1787 = EDGE_CURVE ( 'NONE', #1078, #2011, #1282, .T. ) ;
#1788 = ORIENTED_EDGE ( 'NONE', *, *, #350, .F. ) ;
#1789 = VECTOR ( 'NONE', #2029, 1000.000000000000000 ) ;
#1790 = DIRECTION ( 'NONE',  ( -1.000000000000000000, 0.000000000000000000, 0.000000000000000000 ) ) ;
#1791 = EDGE_LOOP ( 'NONE', ( #1424, #2180, #235, #479 ) ) ;
#1792 = DIRECTION ( 'NONE',  ( -0.000000000000000000, 0.000000000000000000, 1.000000000000000000 ) ) ;
#1793 = VECTOR ( 'NONE', #355, 1000.000000000000000 ) ;
#1794 = CYLINDRICAL_SURFACE ( 'NONE', #2026, 2.500000000000002220 ) ;
#1795 = ORIENTED_EDGE ( 'NONE', *, *, #1419, .T. ) ;
#1796 = CARTESIAN_POINT ( 'NONE',  ( 59.51800000000000779, -56.68699999999399353, 0.000000000000000000 ) ) ;
#1797 = DIRECTION ( 'NONE',  ( -0.000000000000000000, -0.000000000000000000, 1.000000000000000000 ) ) ;
#1798 = CARTESIAN_POINT ( 'NONE',  ( 60.01800000000002910, -44.69699999999399154, -4.400000000000001243 ) ) ;
#1799 = CIRCLE ( 'NONE', #732, 3.000000000000002665 ) ;
#1800 = ORIENTED_EDGE ( 'NONE', *, *, #869, .F. ) ;
#1801 = AXIS2_PLACEMENT_3D ( 'NONE', #1402, #1605, #1736 ) ;
#1802 = AXIS2_PLACEMENT_3D ( 'NONE', #1387, #568, #2082 ) ;
#1803 = CARTESIAN_POINT ( 'NONE',  ( 59.01800000000000779, -43.69699999999399864, -44.43123780249621291 ) ) ;
#1804 = ORIENTED_EDGE ( 'NONE', *, *, #1082, .F. ) ;
#1805 = DIRECTION ( 'NONE',  ( 1.000000000000000000, 0.000000000000000000, 0.000000000000000000 ) ) ;
#1806 = DIRECTION ( 'NONE',  ( 1.000000000000000000, 0.000000000000000000, 0.000000000000000000 ) ) ;
#1807 = ORIENTED_EDGE ( 'NONE', *, *, #132, .F. ) ;
#1808 = DIRECTION ( 'NONE',  ( -0.7071067811865525687, 0.7071067811865425767, -0.000000000000000000 ) ) ;
#1809 = CARTESIAN_POINT ( 'NONE',  ( 86.26800000000000068, -44.69699999999399154, 3.000000000000001776 ) ) ;
#1810 = DIRECTION ( 'NONE',  ( -0.000000000000000000, -0.000000000000000000, -1.000000000000000000 ) ) ;
#1811 = CARTESIAN_POINT ( 'NONE',  ( 96.51800000000001489, -85.68699999999398642, 3.000000000000000000 ) ) ;
#1812 = ORIENTED_EDGE ( 'NONE', *, *, #420, .F. ) ;
#1813 = AXIS2_PLACEMENT_3D ( 'NONE', #1949, #1724, #207 ) ;
#1814 = LINE ( 'NONE', #1457, #492 ) ;
#1815 = PLANE ( 'NONE',  #70 ) ;
#1816 = EDGE_CURVE ( 'NONE', #1411, #938, #1115, .T. ) ;
#1817 = ORIENTED_EDGE ( 'NONE', *, *, #82, .T. ) ;
#1818 = CARTESIAN_POINT ( 'NONE',  ( 92.51800000000000068, -75.69699999999399154, -0.000000000000000000 ) ) ;
#1819 = FACE_OUTER_BOUND ( 'NONE', #620, .T. ) ;
#1820 = EDGE_CURVE ( 'NONE', #1720, #1754, #1829, .T. ) ;
#1821 = ADVANCED_FACE ( 'NONE', ( #781 ), #1302, .F. ) ;
#1822 = DIRECTION ( 'NONE',  ( -1.000000000000000000, 0.000000000000000000, 0.000000000000000000 ) ) ;
#1823 = CARTESIAN_POINT ( 'NONE',  ( 65.51800000000000068, -44.69699999999399154, 0.000000000000000000 ) ) ;
#1824 = CIRCLE ( 'NONE', #468, 7.000000000000006217 ) ;
#1825 = ORIENTED_EDGE ( 'NONE', *, *, #2169, .F. ) ;
#1826 = DIRECTION ( 'NONE',  ( -0.000000000000000000, -0.000000000000000000, -1.000000000000000000 ) ) ;
#1827 = FACE_OUTER_BOUND ( 'NONE', #1245, .T. ) ;
#1828 = VERTEX_POINT ( 'NONE', #2004 ) ;
#1829 = LINE ( 'NONE', #1615, #665 ) ;
#1830 = CARTESIAN_POINT ( 'NONE',  ( 60.01800000000002910, -44.69699999999399154, -4.400000000000001243 ) ) ;
#1831 = AXIS2_PLACEMENT_3D ( 'NONE', #1719, #375, #1373 ) ;
#1832 = FACE_OUTER_BOUND ( 'NONE', #1178, .T. ) ;
#1833 = ADVANCED_FACE ( 'NONE', ( #1312 ), #1486, .F. ) ;
#1834 =( LENGTH_UNIT ( ) NAMED_UNIT ( * ) SI_UNIT ( .MILLI., .METRE. ) );
#1835 = AXIS2_PLACEMENT_3D ( 'NONE', #888, #49, #67 ) ;
#1836 = ORIENTED_EDGE ( 'NONE', *, *, #1886, .T. ) ;
#1837 = CARTESIAN_POINT ( 'NONE',  ( 69.01800000000000068, -44.69699999999399154, 1.700000000000001954 ) ) ;
#1838 = CIRCLE ( 'NONE', #68, 1.449999999999993072 ) ;
#1839 = ORIENTED_EDGE ( 'NONE', *, *, #2167, .T. ) ;
#1840 = DIRECTION ( 'NONE',  ( -0.000000000000000000, -0.000000000000000000, -1.000000000000000000 ) ) ;
#1841 = CARTESIAN_POINT ( 'NONE',  ( 87.56800000000001205, -75.69699999999399154, 3.000000000000000000 ) ) ;
#1842 = DIRECTION ( 'NONE',  ( -1.000000000000000000, 0.000000000000000000, 0.000000000000000000 ) ) ;
#1843 = SURFACE_SIDE_STYLE ('',( #2178 ) ) ;
#1844 = CARTESIAN_POINT ( 'NONE',  ( 0.000000000000000000, -44.69699999999399154, -4.400000000000001243 ) ) ;
#1845 = ADVANCED_FACE ( 'NONE', ( #122 ), #2162, .F. ) ;
#1846 = CIRCLE ( 'NONE', #814, 1.200000000000006617 ) ;
#1847 = EDGE_CURVE ( 'NONE', #314, #575, #639, .T. ) ;
#1848 = ORIENTED_EDGE ( 'NONE', *, *, #751, .F. ) ;
#1849 = CYLINDRICAL_SURFACE ( 'NONE', #439, 1.200000000000006617 ) ;
#1850 = AXIS2_PLACEMENT_3D ( 'NONE', #2186, #537, #1021 ) ;
#1851 = AXIS2_PLACEMENT_3D ( 'NONE', #2095, #423, #1560 ) ;
#1852 = ORIENTED_EDGE ( 'NONE', *, *, #697, .F. ) ;
#1853 = CARTESIAN_POINT ( 'NONE',  ( 0.000000000000000000, 0.000000000000000000, -4.400000000000000355 ) ) ;
#1854 = DIRECTION ( 'NONE',  ( 1.000000000000000000, 0.000000000000000000, 0.000000000000000000 ) ) ;
#1855 = DIRECTION ( 'NONE',  ( -0.000000000000000000, -0.000000000000000000, 1.000000000000000000 ) ) ;
#1856 = CARTESIAN_POINT ( 'NONE',  ( 92.51800000000000068, -74.49699999999398869, 0.000000000000000000 ) ) ;
#1857 = CARTESIAN_POINT ( 'NONE',  ( 85.51800000000000068, -75.69699999999399154, -4.400000000000001243 ) ) ;
#1858 = MECHANICAL_DESIGN_GEOMETRIC_PRESENTATION_REPRESENTATION (  '', ( #1644 ), #363 ) ;
#1859 = EDGE_CURVE ( 'NONE', #295, #1778, #2192, .T. ) ;
#1860 = DIRECTION ( 'NONE',  ( 0.7071067811865501263, 0.000000000000000000, 0.7071067811865450192 ) ) ;
#1861 = ORIENTED_EDGE ( 'NONE', *, *, #337, .T. ) ;
#1862 = DIRECTION ( 'NONE',  ( -0.000000000000000000, -0.000000000000000000, 1.000000000000000000 ) ) ;
#1863 = DIRECTION ( 'NONE',  ( -0.7071067811865425767, -0.7071067811865525687, -0.000000000000000000 ) ) ;
#1864 = VECTOR ( 'NONE', #1616, 1000.000000000000000 ) ;
#1865 = DIRECTION ( 'NONE',  ( -0.000000000000000000, -0.000000000000000000, 1.000000000000000000 ) ) ;
#1866 = DIRECTION ( 'NONE',  ( 1.000000000000000000, 0.000000000000000000, 0.000000000000000000 ) ) ;
#1867 = VERTEX_POINT ( 'NONE', #1985 ) ;
#1868 = ORIENTED_EDGE ( 'NONE', *, *, #1374, .F. ) ;
#1869 = DIRECTION ( 'NONE',  ( -1.000000000000000000, 0.000000000000000000, 0.000000000000000000 ) ) ;
#1870 = EDGE_CURVE ( 'NONE', #1697, #2191, #1799, .T. ) ;
#1871 = ORIENTED_EDGE ( 'NONE', *, *, #2044, .F. ) ;
#1872 = DIRECTION ( 'NONE',  ( -0.000000000000000000, -0.000000000000000000, -1.000000000000000000 ) ) ;
#1873 = DIRECTION ( 'NONE',  ( -1.000000000000000000, 1.954618001100627573E-16, 0.000000000000000000 ) ) ;
#1874 = AXIS2_PLACEMENT_3D ( 'NONE', #951, #985, #1805 ) ;
#1875 = CARTESIAN_POINT ( 'NONE',  ( 69.01800000000000068, -44.69699999999399154, -4.400000000000001243 ) ) ;
#1876 = DIRECTION ( 'NONE',  ( -1.000000000000000000, 0.000000000000000000, 0.000000000000000000 ) ) ;
#1877 = EDGE_LOOP ( 'NONE', ( #10, #268, #362, #2181 ) ) ;
#1878 = LINE ( 'NONE', #61, #1223 ) ;
#1879 = ORIENTED_EDGE ( 'NONE', *, *, #199, .F. ) ;
#1880 = EDGE_CURVE ( 'NONE', #1010, #1281, #1294, .T. ) ;
#1881 = DIRECTION ( 'NONE',  ( 0.000000000000000000, -1.000000000000000000, 0.000000000000000000 ) ) ;
#1882 = CARTESIAN_POINT ( 'NONE',  ( 0.000000000000000000, -44.69699999999399154, -44.43123780249621291 ) ) ;
#1883 = ORIENTED_EDGE ( 'NONE', *, *, #472, .F. ) ;
#1884 = CARTESIAN_POINT ( 'NONE',  ( 92.51800000000000068, -75.69699999999399154, -4.400000000000001243 ) ) ;
#1885 = DIRECTION ( 'NONE',  ( -0.000000000000000000, -0.000000000000000000, 1.000000000000000000 ) ) ;
#1886 = EDGE_CURVE ( 'NONE', #344, #1266, #290, .T. ) ;
#1887 = EDGE_CURVE ( 'NONE', #624, #2146, #1838, .T. ) ;
#1888 = ORIENTED_EDGE ( 'NONE', *, *, #1625, .T. ) ;
#1889 = LINE ( 'NONE', #1233, #371 ) ;
#1890 = AXIS2_PLACEMENT_3D ( 'NONE', #1875, #352, #673 ) ;
#1891 = ORIENTED_EDGE ( 'NONE', *, *, #1993, .F. ) ;
#1892 = ORIENTED_EDGE ( 'NONE', *, *, #540, .F. ) ;
#1893 = CARTESIAN_POINT ( 'NONE',  ( 55.51800000000000068, -44.69699999999399154, -1.800000000000000044 ) ) ;
#1894 = CARTESIAN_POINT ( 'NONE',  ( 96.51800000000001489, -36.18699999999400063, 0.000000000000000000 ) ) ;
#1895 = DIRECTION ( 'NONE',  ( -0.000000000000000000, -0.000000000000000000, 1.000000000000000000 ) ) ;
#1896 = LINE ( 'NONE', #572, #138 ) ;
#1897 = EDGE_LOOP ( 'NONE', ( #666, #495, #1892, #366 ) ) ;
#1898 = DIRECTION ( 'NONE',  ( -0.000000000000000000, -0.000000000000000000, 1.000000000000000000 ) ) ;
#1899 = ORIENTED_EDGE ( 'NONE', *, *, #150, .T. ) ;
#1900 = ORIENTED_EDGE ( 'NONE', *, *, #1493, .T. ) ;
#1901 = DIRECTION ( 'NONE',  ( 1.000000000000000000, 0.000000000000000000, 0.000000000000000000 ) ) ;
#1902 = ADVANCED_FACE ( 'NONE', ( #2 ), #490, .T. ) ;
#1903 = CYLINDRICAL_SURFACE ( 'NONE', #1185, 1.200000000000006617 ) ;
#1904 = FACE_OUTER_BOUND ( 'NONE', #2188, .T. ) ;
#1905 = LINE ( 'NONE', #563, #2193 ) ;
#1906 = CIRCLE ( 'NONE', #1518, 1.449999999999993072 ) ;
#1907 = AXIS2_PLACEMENT_3D ( 'NONE', #506, #1182, #1866 ) ;
#1908 = ADVANCED_FACE ( 'NONE', ( #173, #11, #161 ), #1168, .T. ) ;
#1909 = EDGE_LOOP ( 'NONE', ( #6, #1468, #1598, #1216 ) ) ;
#1910 = DIRECTION ( 'NONE',  ( 1.000000000000000000, 0.000000000000000000, 0.000000000000000000 ) ) ;
#1911 = EDGE_CURVE ( 'NONE', #632, #1781, #855, .T. ) ;
#1912 = ADVANCED_FACE ( 'NONE', ( #2182 ), #1516, .T. ) ;
#1913 = ORIENTED_EDGE ( 'NONE', *, *, #467, .T. ) ;
#1914 = CIRCLE ( 'NONE', #2131, 1.199999999999999734 ) ;
#1915 = VERTEX_POINT ( 'NONE', #1701 ) ;
#1916 = DIRECTION ( 'NONE',  ( -0.000000000000000000, -0.000000000000000000, 1.000000000000000000 ) ) ;
#1917 = CARTESIAN_POINT ( 'NONE',  ( 0.000000000000000000, -75.69699999999399154, -44.43123780249621291 ) ) ;
#1918 = DIRECTION ( 'NONE',  ( -0.000000000000000000, -0.000000000000000000, 1.000000000000000000 ) ) ;
#1919 = DIRECTION ( 'NONE',  ( -1.000000000000000000, 0.000000000000000000, 0.000000000000000000 ) ) ;
#1920 = AXIS2_PLACEMENT_3D ( 'NONE', #1410, #1581, #1268 ) ;
#1921 = EDGE_LOOP ( 'NONE', ( #1241, #339, #234, #1861, #769, #1619, #1848, #1385, #1596, #1566, #874, #926, #1632, #1431 ) ) ;
#1922 = ORIENTED_EDGE ( 'NONE', *, *, #1150, .T. ) ;
#1923 = EDGE_CURVE ( 'NONE', #2146, #624, #1059, .T. ) ;
#1924 = VECTOR ( 'NONE', #2187, 1000.000000000000000 ) ;
#1925 = ORIENTED_EDGE ( 'NONE', *, *, #584, .F. ) ;
#1926 = DIRECTION ( 'NONE',  ( 1.000000000000000000, 0.000000000000000000, 0.000000000000000000 ) ) ;
#1927 = DIRECTION ( 'NONE',  ( -0.000000000000000000, -0.000000000000000000, 1.000000000000000000 ) ) ;
#1928 = DIRECTION ( 'NONE',  ( -0.000000000000000000, -0.000000000000000000, 1.000000000000000000 ) ) ;
#1929 = CARTESIAN_POINT ( 'NONE',  ( 89.01800000000000068, -75.69699999999399154, 0.000000000000000000 ) ) ;
#1930 = APPLICATION_CONTEXT ( 'automotive_design' ) ;
#1931 = ORIENTED_EDGE ( 'NONE', *, *, #16, .F. ) ;
#1932 = EDGE_CURVE ( 'NONE', #936, #988, #185, .T. ) ;
#1933 = DIRECTION ( 'NONE',  ( -1.000000000000000000, 0.000000000000000000, -0.000000000000000000 ) ) ;
#1934 = EDGE_LOOP ( 'NONE', ( #662, #708, #901, #1868 ) ) ;
#1935 = ORIENTED_EDGE ( 'NONE', *, *, #803, .T. ) ;
#1936 = DIRECTION ( 'NONE',  ( 0.000000000000000000, -1.000000000000000000, 0.000000000000000000 ) ) ;
#1937 = EDGE_CURVE ( 'NONE', #1698, #464, #1658, .T. ) ;
#1938 = DIRECTION ( 'NONE',  ( -0.000000000000000000, -0.000000000000000000, -1.000000000000000000 ) ) ;
#1939 = ORIENTED_EDGE ( 'NONE', *, *, #840, .T. ) ;
#1940 = DIRECTION ( 'NONE',  ( 0.7071067811865525687, -0.7071067811865425767, 0.000000000000000000 ) ) ;
#1941 = DIRECTION ( 'NONE',  ( -0.000000000000000000, -0.000000000000000000, -1.000000000000000000 ) ) ;
#1942 = AXIS2_PLACEMENT_3D ( 'NONE', #1929, #1413, #372 ) ;
#1943 = MECHANICAL_DESIGN_GEOMETRIC_PRESENTATION_REPRESENTATION (  '', ( #520 ), #1688 ) ;
#1944 = AXIS2_PLACEMENT_3D ( 'NONE', #1192, #1862, #1330 ) ;
#1945 = CIRCLE ( 'NONE', #919, 2.750000000000002665 ) ;
#1946 = DIRECTION ( 'NONE',  ( 0.000000000000000000, 1.000000000000000000, 0.000000000000000000 ) ) ;
#1947 = ORIENTED_EDGE ( 'NONE', *, *, #1427, .T. ) ;
#1948 = CIRCLE ( 'NONE', #774, 7.000000000000006217 ) ;
#1949 = CARTESIAN_POINT ( 'NONE',  ( 89.01800000000000068, -44.69699999999399154, -44.43123780249621291 ) ) ;
#1950 = ORIENTED_EDGE ( 'NONE', *, *, #139, .F. ) ;
#1951 = DIRECTION ( 'NONE',  ( -0.000000000000000000, 0.000000000000000000, 1.000000000000000000 ) ) ;
#1952 = DIRECTION ( 'NONE',  ( 0.000000000000000000, 0.000000000000000000, 1.000000000000000000 ) ) ;
#1953 = DIRECTION ( 'NONE',  ( 0.000000000000000000, 0.000000000000000000, -1.000000000000000000 ) ) ;
#1954 = AXIS2_PLACEMENT_3D ( 'NONE', #163, #1378, #4 ) ;
#1955 = AXIS2_PLACEMENT_3D ( 'NONE', #779, #953, #1105 ) ;
#1956 = ORIENTED_EDGE ( 'NONE', *, *, #41, .F. ) ;
#1957 = LINE ( 'NONE', #105, #1452 ) ;
#1958 = VERTEX_POINT ( 'NONE', #2050 ) ;
#1959 = LINE ( 'NONE', #2126, #2061 ) ;
#1960 = CARTESIAN_POINT ( 'NONE',  ( 54.01800000000001489, -43.18699999999405037, 3.000000000000000000 ) ) ;
#1961 = DIRECTION ( 'NONE',  ( 1.000000000000000000, 0.000000000000000000, 0.000000000000000000 ) ) ;
#1962 = DIRECTION ( 'NONE',  ( 1.000000000000000000, 0.000000000000000000, 0.000000000000000000 ) ) ;
#1963 = ORIENTED_EDGE ( 'NONE', *, *, #889, .T. ) ;
#1964 = VECTOR ( 'NONE', #658, 1000.000000000000114 ) ;
#1965 = CARTESIAN_POINT ( 'NONE',  ( 85.51800000000001489, -44.69699999999399154, -0.000000000000000000 ) ) ;
#1966 = ORIENTED_EDGE ( 'NONE', *, *, #243, .F. ) ;
#1967 = DIRECTION ( 'NONE',  ( -1.000000000000000000, 0.000000000000000000, -0.000000000000000000 ) ) ;
#1968 = DIRECTION ( 'NONE',  ( 5.863854003301890608E-16, -1.000000000000000000, 0.000000000000000000 ) ) ;
#1969 = ORIENTED_EDGE ( 'NONE', *, *, #923, .F. ) ;
#1970 = ORIENTED_EDGE ( 'NONE', *, *, #923, .T. ) ;
#1971 = CARTESIAN_POINT ( 'NONE',  ( 56.51800000000001489, -45.69699999999399154, 0.000000000000000000 ) ) ;
#1972 = CARTESIAN_POINT ( 'NONE',  ( 89.01800000000000068, -44.69699999999399154, 1.700000000000001954 ) ) ;
#1973 = ADVANCED_FACE ( 'NONE', ( #657 ), #2016, .F. ) ;
#1974 = CARTESIAN_POINT ( 'NONE',  ( 61.01800000000001489, -43.18699999999400063, 3.000000000000000000 ) ) ;
#1975 = DIRECTION ( 'NONE',  ( -0.000000000000000000, -0.000000000000000000, -1.000000000000000000 ) ) ;
#1976 = VECTOR ( 'NONE', #864, 1000.000000000000114 ) ;
#1977 = ORIENTED_EDGE ( 'NONE', *, *, #857, .T. ) ;
#1978 = AXIS2_PLACEMENT_3D ( 'NONE', #2021, #1015, #1174 ) ;
#1979 = AXIS2_PLACEMENT_3D ( 'NONE', #713, #1967, #1792 ) ;
#1980 = CARTESIAN_POINT ( 'NONE',  ( 56.51800000000001489, -45.69699999999399154, 0.000000000000000000 ) ) ;
#1981 = ADVANCED_FACE ( 'NONE', ( #1690 ), #330, .F. ) ;
#1982 = EDGE_CURVE ( 'NONE', #1052, #1772, #1343, .T. ) ;
#1983 =( NAMED_UNIT ( * ) SI_UNIT ( $, .STERADIAN. ) SOLID_ANGLE_UNIT ( ) );
#1984 = VERTEX_POINT ( 'NONE', #1355 ) ;
#1985 = CARTESIAN_POINT ( 'NONE',  ( 67.56799999999999784, -44.69699999999399154, 1.700000000000001954 ) ) ;
#1986 = FACE_OUTER_BOUND ( 'NONE', #852, .T. ) ;
#1987 = CARTESIAN_POINT ( 'NONE',  ( 0.000000000000000000, -75.69699999999399154, -4.400000000000001243 ) ) ;
#1988 = DIRECTION ( 'NONE',  ( 0.000000000000000000, -0.000000000000000000, 1.000000000000000000 ) ) ;
#1989 = ADVANCED_FACE ( 'NONE', ( #20 ), #2028, .T. ) ;
#1990 = EDGE_LOOP ( 'NONE', ( #907, #1795, #686, #748 ) ) ;
#1991 = CIRCLE ( 'NONE', #1035, 7.000000000000006217 ) ;
#1992 = PLANE ( 'NONE',  #1455 ) ;
#1993 = EDGE_CURVE ( 'NONE', #464, #1298, #1536, .T. ) ;
#1994 = ORIENTED_EDGE ( 'NONE', *, *, #1937, .T. ) ;
#1995 = DIRECTION ( 'NONE',  ( 0.7071067811865501263, 0.000000000000000000, 0.7071067811865450192 ) ) ;
#1996 = DIRECTION ( 'NONE',  ( -0.000000000000000000, -0.000000000000000000, 1.000000000000000000 ) ) ;
#1997 = DIRECTION ( 'NONE',  ( -1.000000000000000000, 0.000000000000000000, 0.000000000000000000 ) ) ;
#1998 = DIRECTION ( 'NONE',  ( -1.000000000000000000, 0.000000000000000000, 0.000000000000000000 ) ) ;
#1999 = AXIS2_PLACEMENT_3D ( 'NONE', #785, #958, #1962 ) ;
#2000 = EDGE_CURVE ( 'NONE', #1308, #2059, #527, .T. ) ;
#2001 = ORIENTED_EDGE ( 'NONE', *, *, #429, .T. ) ;
#2002 = CARTESIAN_POINT ( 'NONE',  ( 92.51799999999998647, -45.89699999999399438, 0.000000000000000000 ) ) ;
#2003 = VERTEX_POINT ( 'NONE', #1040 ) ;
#2004 = CARTESIAN_POINT ( 'NONE',  ( 95.51800000000001489, -40.69699999999399154, -4.400000000000001243 ) ) ;
#2005 = CARTESIAN_POINT ( 'NONE',  ( 69.01800000000000068, -44.69699999999399154, 3.000000000000000000 ) ) ;
#2006 = EDGE_CURVE ( 'NONE', #1766, #508, #31, .T. ) ;
#2007 = FACE_OUTER_BOUND ( 'NONE', #160, .T. ) ;
#2008 = CARTESIAN_POINT ( 'NONE',  ( 85.51800000000000068, -75.69699999999399154, -44.43123780249621291 ) ) ;
#2009 =( GEOMETRIC_REPRESENTATION_CONTEXT ( 3 ) GLOBAL_UNCERTAINTY_ASSIGNED_CONTEXT ( ( #1742 ) ) GLOBAL_UNIT_ASSIGNED_CONTEXT ( ( #1471, #1290, #1983 ) ) REPRESENTATION_CONTEXT ( 'NONE', 'WORKASPACE' ) );
#2010 = CIRCLE ( 'NONE', #804, 1.449999999999993072 ) ;
#2011 = VERTEX_POINT ( 'NONE', #320 ) ;
#2012 = LINE ( 'NONE', #827, #475 ) ;
#2013 = AXIS2_PLACEMENT_3D ( 'NONE', #14, #1368, #1876 ) ;
#2014 = VECTOR ( 'NONE', #358, 1000.000000000000000 ) ;
#2015 = EDGE_LOOP ( 'NONE', ( #615, #982, #38, #1260 ) ) ;
#2016 = CYLINDRICAL_SURFACE ( 'NONE', #1944, 1.200000000000006617 ) ;
#2017 = CARTESIAN_POINT ( 'NONE',  ( 54.01800000000001489, -43.18699999999405037, 3.000000000000000000 ) ) ;
#2018 = EDGE_CURVE ( 'NONE', #1473, #295, #918, .T. ) ;
#2019 = CARTESIAN_POINT ( 'NONE',  ( 69.01800000000000068, -75.69699999999399154, 3.000000000000001776 ) ) ;
#2020 = CARTESIAN_POINT ( 'NONE',  ( 92.51799999999998647, -45.89699999999399438, -4.400000000000001243 ) ) ;
#2021 = CARTESIAN_POINT ( 'NONE',  ( 97.30685438199984105, -76.89699999999399438, 0.000000000000000000 ) ) ;
#2022 = CIRCLE ( 'NONE', #384, 7.000000000000006217 ) ;
#2023 = EDGE_CURVE ( 'NONE', #2092, #859, #2105, .T. ) ;
#2024 = ORIENTED_EDGE ( 'NONE', *, *, #356, .T. ) ;
#2025 = FACE_OUTER_BOUND ( 'NONE', #947, .T. ) ;
#2026 = AXIS2_PLACEMENT_3D ( 'NONE', #963, #2138, #1806 ) ;
#2027 = VERTEX_POINT ( 'NONE', #1591 ) ;
#2028 = CYLINDRICAL_SURFACE ( 'NONE', #1520, 7.000000000000006217 ) ;
#2029 = DIRECTION ( 'NONE',  ( 5.863854003301890608E-16, -1.000000000000000000, 0.000000000000000000 ) ) ;
#2030 = CARTESIAN_POINT ( 'NONE',  ( 96.51800000000001489, -85.68699999999398642, 3.000000000000000000 ) ) ;
#2031 = FACE_OUTER_BOUND ( 'NONE', #1206, .T. ) ;
#2032 = ORIENTED_EDGE ( 'NONE', *, *, #271, .T. ) ;
#2033 = CIRCLE ( 'NONE', #1041, 1.200000000000006617 ) ;
#2034 = ADVANCED_FACE ( 'NONE', ( #1756 ), #74, .F. ) ;
#2035 = EDGE_LOOP ( 'NONE', ( #1609, #1351, #1338, #1540, #289, #165, #127, #733 ) ) ;
#2036 = DIRECTION ( 'NONE',  ( -0.000000000000000000, -0.000000000000000000, 1.000000000000000000 ) ) ;
#2037 = VERTEX_POINT ( 'NONE', #757 ) ;
#2038 = CARTESIAN_POINT ( 'NONE',  ( 61.01800000000001489, -43.18699999999400063, 3.000000000000000000 ) ) ;
#2039 = DIRECTION ( 'NONE',  ( -0.000000000000000000, -0.000000000000000000, 1.000000000000000000 ) ) ;
#2040 = DIRECTION ( 'NONE',  ( -0.000000000000000000, -0.000000000000000000, -1.000000000000000000 ) ) ;
#2041 = AXIS2_PLACEMENT_3D ( 'NONE', #2002, #983, #476 ) ;
#2042 = VERTEX_POINT ( 'NONE', #558 ) ;
#2043 = ORIENTED_EDGE ( 'NONE', *, *, #1350, .F. ) ;
#2044 = EDGE_CURVE ( 'NONE', #1741, #2116, #1198, .T. ) ;
#2045 = DIRECTION ( 'NONE',  ( 0.000000000000000000, -1.000000000000000000, 0.000000000000000000 ) ) ;
#2046 = CIRCLE ( 'NONE', #1835, 2.500000000000002220 ) ;
#2047 = ADVANCED_FACE ( 'NONE', ( #1601 ), #2113, .F. ) ;
#2048 = EDGE_CURVE ( 'NONE', #984, #80, #849, .T. ) ;
#2049 = ORIENTED_EDGE ( 'NONE', *, *, #132, .T. ) ;
#2050 = CARTESIAN_POINT ( 'NONE',  ( 65.51800000000000068, -75.69699999999399154, -4.400000000000001243 ) ) ;
#2051 = CARTESIAN_POINT ( 'NONE',  ( 60.22914561800017452, -76.89699999999399438, -4.400000000000001243 ) ) ;
#2052 = AXIS2_PLACEMENT_3D ( 'NONE', #411, #1916, #1926 ) ;
#2053 = LINE ( 'NONE', #13, #119 ) ;
#2054 = ORIENTED_EDGE ( 'NONE', *, *, #510, .T. ) ;
#2055 = VECTOR ( 'NONE', #2122, 1000.000000000000000 ) ;
#2056 = EDGE_LOOP ( 'NONE', ( #1891, #454, #1274, #238 ) ) ;
#2057 = DIRECTION ( 'NONE',  ( -1.000000000000000000, -0.000000000000000000, -0.000000000000000000 ) ) ;
#2058 = EDGE_LOOP ( 'NONE', ( #2189, #308, #839, #653 ) ) ;
#2059 = VERTEX_POINT ( 'NONE', #746 ) ;
#2060 = DIRECTION ( 'NONE',  ( 1.000000000000000000, 0.000000000000000000, 0.000000000000000000 ) ) ;
#2061 = VECTOR ( 'NONE', #601, 1000.000000000000000 ) ;
#2062 = FACE_OUTER_BOUND ( 'NONE', #2015, .T. ) ;
#2063 = LINE ( 'NONE', #683, #1607 ) ;
#2064 = DIRECTION ( 'NONE',  ( -1.000000000000000000, 0.000000000000000000, 0.000000000000000000 ) ) ;
#2065 = ORIENTED_EDGE ( 'NONE', *, *, #1418, .F. ) ;
#2066 = PLANE ( 'NONE',  #1716 ) ;
#2067 = ORIENTED_EDGE ( 'NONE', *, *, #636, .F. ) ;
#2068 = ORIENTED_EDGE ( 'NONE', *, *, #1094, .T. ) ;
#2069 = CARTESIAN_POINT ( 'NONE',  ( 103.5180000000000291, -43.18699999999400774, 0.000000000000000000 ) ) ;
#2070 = CARTESIAN_POINT ( 'NONE',  ( 91.38286486486485671, -45.50781081080479851, 0.000000000000000000 ) ) ;
#2071 = EDGE_CURVE ( 'NONE', #489, #894, #1422, .T. ) ;
#2072 = DIRECTION ( 'NONE',  ( -0.000000000000000000, -0.000000000000000000, 1.000000000000000000 ) ) ;
#2073 = CARTESIAN_POINT ( 'NONE',  ( 96.51800000000001489, -36.18699999999400063, 3.000000000000000000 ) ) ;
#2074 = AXIS2_PLACEMENT_3D ( 'NONE', #648, #1000, #1672 ) ;
#2075 = EDGE_CURVE ( 'NONE', #387, #1578, #205, .T. ) ;
#2076 = ADVANCED_FACE ( 'NONE', ( #1236 ), #1745, .F. ) ;
#2077 = CIRCLE ( 'NONE', #197, 2.500000000000002220 ) ;
#2078 = ORIENTED_EDGE ( 'NONE', *, *, #21, .F. ) ;
#2079 = DIRECTION ( 'NONE',  ( 1.000000000000000000, 0.000000000000000000, 0.000000000000000000 ) ) ;
#2080 = ORIENTED_EDGE ( 'NONE', *, *, #2185, .F. ) ;
#2081 = VERTEX_POINT ( 'NONE', #2069 ) ;
#2082 = DIRECTION ( 'NONE',  ( 0.000000000000000000, -0.000000000000000000, -1.000000000000000000 ) ) ;
#2083 = DIRECTION ( 'NONE',  ( -0.000000000000000000, 0.000000000000000000, -1.000000000000000000 ) ) ;
#2084 = DIRECTION ( 'NONE',  ( 1.000000000000000000, 0.000000000000000000, 0.000000000000000000 ) ) ;
#2085 = CARTESIAN_POINT ( 'NONE',  ( 71.76800000000000068, -75.69699999999399154, 3.000000000000001776 ) ) ;
#2086 = CIRCLE ( 'NONE', #1907, 1.449999999999993072 ) ;
#2087 = EDGE_CURVE ( 'NONE', #1281, #408, #389, .T. ) ;
#2088 = AXIS2_PLACEMENT_3D ( 'NONE', #2073, #58, #750 ) ;
#2089 = VECTOR ( 'NONE', #1559, 1000.000000000000000 ) ;
#2090 = EDGE_CURVE ( 'NONE', #914, #790, #87, .T. ) ;
#2091 = EDGE_LOOP ( 'NONE', ( #72, #1504 ) ) ;
#2092 = VERTEX_POINT ( 'NONE', #399 ) ;
#2093 = VERTEX_POINT ( 'NONE', #250 ) ;
#2094 = DIRECTION ( 'NONE',  ( -0.000000000000000000, -0.000000000000000000, 1.000000000000000000 ) ) ;
#2095 = CARTESIAN_POINT ( 'NONE',  ( 85.51800000000001489, -45.89699999999399438, -44.43123780249621291 ) ) ;
#2096 = CARTESIAN_POINT ( 'NONE',  ( 56.51800000000001489, -44.69699999999399154, -1.800000000000000044 ) ) ;
#2097 = DIRECTION ( 'NONE',  ( 0.000000000000000000, -0.000000000000000000, 1.000000000000000000 ) ) ;
#2098 = AXIS2_PLACEMENT_3D ( 'NONE', #650, #1933, #292 ) ;
#2099 = VERTEX_POINT ( 'NONE', #1049 ) ;
#2100 = DIRECTION ( 'NONE',  ( -0.000000000000000000, -0.000000000000000000, -1.000000000000000000 ) ) ;
#2101 = EDGE_CURVE ( 'NONE', #988, #1623, #1093, .T. ) ;
#2102 = EDGE_LOOP ( 'NONE', ( #1201, #1969, #738, #1068 ) ) ;
#2103 = AXIS2_PLACEMENT_3D ( 'NONE', #706, #538, #1696 ) ;
#2104 = EDGE_LOOP ( 'NONE', ( #1555, #1342, #526, #203 ) ) ;
#2105 = LINE ( 'NONE', #578, #418 ) ;
#2106 = DIRECTION ( 'NONE',  ( -0.000000000000000000, -0.000000000000000000, 1.000000000000000000 ) ) ;
#2107 = ORIENTED_EDGE ( 'NONE', *, *, #2167, .F. ) ;
#2108 = CARTESIAN_POINT ( 'NONE',  ( 66.65313513513514465, -45.50781081080479851, 0.000000000000000000 ) ) ;
#2109 = LINE ( 'NONE', #912, #2119 ) ;
#2110 = ADVANCED_FACE ( 'NONE', ( #227 ), #897, .F. ) ;
#2111 = DIRECTION ( 'NONE',  ( -0.000000000000000000, -0.000000000000000000, 1.000000000000000000 ) ) ;
#2112 = ORIENTED_EDGE ( 'NONE', *, *, #1055, .F. ) ;
#2113 = PLANE ( 'NONE',  #1802 ) ;
#2114 = EDGE_CURVE ( 'NONE', #534, #1473, #736, .T. ) ;
#2115 = DIRECTION ( 'NONE',  ( -1.000000000000000000, 0.000000000000000000, 0.000000000000000000 ) ) ;
#2116 = VERTEX_POINT ( 'NONE', #368 ) ;
#2117 = CARTESIAN_POINT ( 'NONE',  ( 0.000000000000000000, -44.69699999999399154, -0.000000000000000000 ) ) ;
#2118 = DIRECTION ( 'NONE',  ( 0.000000000000000000, -1.000000000000000000, 0.000000000000000000 ) ) ;
#2119 = VECTOR ( 'NONE', #716, 1000.000000000000000 ) ;
#2120 = DIRECTION ( 'NONE',  ( -0.000000000000000000, -0.000000000000000000, 1.000000000000000000 ) ) ;
#2121 = VERTEX_POINT ( 'NONE', #1722 ) ;
#2122 = DIRECTION ( 'NONE',  ( 1.000000000000000000, 0.000000000000000000, 0.000000000000000000 ) ) ;
#2123 = EDGE_LOOP ( 'NONE', ( #151, #555, #2032, #777 ) ) ;
#2124 = CARTESIAN_POINT ( 'NONE',  ( 59.51800000000000779, -56.68699999999399353, -4.400000000000000355 ) ) ;
#2125 = VECTOR ( 'NONE', #1013, 1000.000000000000000 ) ;
#2126 = CARTESIAN_POINT ( 'NONE',  ( 61.01800000000001489, -36.18699999999399353, 3.000000000000000000 ) ) ;
#2127 = VERTEX_POINT ( 'NONE', #1409 ) ;
#2128 = CARTESIAN_POINT ( 'NONE',  ( 103.5180000000000291, -43.18699999999400774, 3.000000000000000000 ) ) ;
#2129 = DIRECTION ( 'NONE',  ( -0.000000000000000000, 0.000000000000000000, 1.000000000000000000 ) ) ;
#2130 = CARTESIAN_POINT ( 'NONE',  ( 72.51799999999998647, -45.89699999999399438, -44.43123780249621291 ) ) ;
#2131 = AXIS2_PLACEMENT_3D ( 'NONE', #2051, #1102, #1790 ) ;
#2132 = VECTOR ( 'NONE', #1663, 1000.000000000000000 ) ;
#2133 = ADVANCED_FACE ( 'NONE', ( #1081 ), #885, .F. ) ;
#2134 = FACE_OUTER_BOUND ( 'NONE', #1056, .T. ) ;
#2135 = VERTEX_POINT ( 'NONE', #1459 ) ;
#2136 = CARTESIAN_POINT ( 'NONE',  ( 66.65313513513514465, -74.88618918918317036, -4.400000000000001243 ) ) ;
#2137 = VECTOR ( 'NONE', #877, 1000.000000000000114 ) ;
#2138 = DIRECTION ( 'NONE',  ( -0.000000000000000000, -0.000000000000000000, 1.000000000000000000 ) ) ;
#2139 = ORIENTED_EDGE ( 'NONE', *, *, #1703, .F. ) ;
#2140 = DIRECTION ( 'NONE',  ( -0.000000000000000000, -0.000000000000000000, -1.000000000000000000 ) ) ;
#2141 = DIRECTION ( 'NONE',  ( 1.000000000000000000, 0.000000000000000000, 0.000000000000000000 ) ) ;
#2142 = DIRECTION ( 'NONE',  ( 0.000000000000000000, 0.000000000000000000, 1.000000000000000000 ) ) ;
#2143 = ADVANCED_FACE ( 'NONE', ( #466, #802, #766, #1104 ), #1815, .T. ) ;
#2144 = EDGE_CURVE ( 'NONE', #859, #1281, #613, .T. ) ;
#2145 = PRODUCT_DEFINITION_SHAPE ( 'NONE', 'NONE',  #799 ) ;
#2146 = VERTEX_POINT ( 'NONE', #1135 ) ;
#2147 = CIRCLE ( 'NONE', #710, 1.199999999999999734 ) ;
#2148 = CARTESIAN_POINT ( 'NONE',  ( 69.01800000000000068, -75.69699999999399154, 3.000000000000001776 ) ) ;
#2149 = EDGE_LOOP ( 'NONE', ( #1251, #759, #190, #1647 ) ) ;
#2150 = DIRECTION ( 'NONE',  ( -1.000000000000000000, 0.000000000000000000, 0.000000000000000000 ) ) ;
#2151 = ORIENTED_EDGE ( 'NONE', *, *, #360, .F. ) ;
#2152 = FACE_BOUND ( 'NONE', #586, .T. ) ;
#2153 = CARTESIAN_POINT ( 'NONE',  ( 69.01800000000000068, -44.69699999999399154, 3.000000000000001776 ) ) ;
#2154 = DIRECTION ( 'NONE',  ( -0.7071067811865501263, 8.659560562354963673E-17, 0.7071067811865450192 ) ) ;
#2155 = DIRECTION ( 'NONE',  ( 1.000000000000000000, 0.000000000000000000, 0.000000000000000000 ) ) ;
#2156 = ADVANCED_FACE ( 'NONE', ( #1827 ), #444, .F. ) ;
#2157 = CIRCLE ( 'NONE', #1162, 1.449999999999993072 ) ;
#2158 = ORIENTED_EDGE ( 'NONE', *, *, #2087, .F. ) ;
#2159 = VECTOR ( 'NONE', #1225, 1000.000000000000000 ) ;
#2160 = DIRECTION ( 'NONE',  ( -1.000000000000000000, -3.909236002201257118E-16, 0.000000000000000000 ) ) ;
#2161 = VERTEX_POINT ( 'NONE', #2136 ) ;
#2162 = CYLINDRICAL_SURFACE ( 'NONE', #1762, 1.200000000000006617 ) ;
#2163 = DIRECTION ( 'NONE',  ( 0.000000000000000000, -0.000000000000000000, -1.000000000000000000 ) ) ;
#2164 = LINE ( 'NONE', #407, #1565 ) ;
#2165 = PRODUCT ( '¶¥°å', '¶¥°å', '', ( #180 ) ) ;
#2166 = DIRECTION ( 'NONE',  ( -1.000000000000000000, 0.000000000000000000, 0.000000000000000000 ) ) ;
#2167 = EDGE_CURVE ( 'NONE', #1623, #988, #1662, .T. ) ;
#2168 = ORIENTED_EDGE ( 'NONE', *, *, #2018, .F. ) ;
#2169 = EDGE_CURVE ( 'NONE', #702, #575, #1945, .T. ) ;
#2170 = CARTESIAN_POINT ( 'NONE',  ( 62.01800000000000779, -79.69699999999399154, -44.43123780249621291 ) ) ;
#2171 = CARTESIAN_POINT ( 'NONE',  ( 89.01800000000000068, -44.69699999999399154, 3.000000000000001776 ) ) ;
#2172 = PRODUCT_DEFINITION_CONTEXT ( 'detailed design', #940, 'design' ) ;
#2173 = EDGE_LOOP ( 'NONE', ( #385, #668, #813, #319 ) ) ;
#2174 = DIRECTION ( 'NONE',  ( -0.000000000000000000, -0.000000000000000000, 1.000000000000000000 ) ) ;
#2175 = LINE ( 'NONE', #1841, #835 ) ;
#2176 = VERTEX_POINT ( 'NONE', #637 ) ;
#2177 = CARTESIAN_POINT ( 'NONE',  ( 86.65313513513513044, -74.88618918918317036, 0.000000000000000000 ) ) ;
#2178 = SURFACE_STYLE_FILL_AREA ( #1489 ) ;
#2179 = DIRECTION ( 'NONE',  ( -0.000000000000000000, -0.000000000000000000, 1.000000000000000000 ) ) ;
#2180 = ORIENTED_EDGE ( 'NONE', *, *, #338, .T. ) ;
#2181 = ORIENTED_EDGE ( 'NONE', *, *, #1787, .F. ) ;
#2182 = FACE_OUTER_BOUND ( 'NONE', #1287, .T. ) ;
#2183 = CARTESIAN_POINT ( 'NONE',  ( 54.01800000000001489, -43.18699999999405037, 0.000000000000000000 ) ) ;
#2184 = AXIS2_PLACEMENT_3D ( 'NONE', #1394, #1898, #2079 ) ;
#2185 = EDGE_CURVE ( 'NONE', #790, #1782, #623, .T. ) ;
#2186 = CARTESIAN_POINT ( 'NONE',  ( 72.51799999999998647, -74.49699999999398869, -44.43123780249621291 ) ) ;
#2187 = DIRECTION ( 'NONE',  ( -1.000000000000000000, 1.713307136767216357E-16, 0.000000000000000000 ) ) ;
#2188 = EDGE_LOOP ( 'NONE', ( #1804, #1126, #805, #30 ) ) ;
#2189 = ORIENTED_EDGE ( 'NONE', *, *, #1427, .F. ) ;
#2190 = CARTESIAN_POINT ( 'NONE',  ( 95.51800000000001489, -76.69699999999399154, -44.43123780249621291 ) ) ;
#2191 = VERTEX_POINT ( 'NONE', #286 ) ;
#2192 = CIRCLE ( 'NONE', #1692, 6.999999999999999112 ) ;
#2193 = VECTOR ( 'NONE', #1054, 1000.000000000000000 ) ;
ENDSEC;
END-ISO-10303-21;
